feature_set,feature,comparison,left_group,right_group,mann_whitney_u_pvalue,cohens_d,separation_score,left_count,left_mean,left_median,left_std,left_min,left_max,left_q25,left_q75,left_IQR,left_missing_count,left_zero_ratio,left_unique_count,right_count,right_mean,right_median,right_std,right_min,right_max,right_q25,right_q75,right_IQR,right_missing_count,right_zero_ratio,right_unique_count
all_current,has_additional_A,actual_normal_vs_actual_attack,actual_normal,actual_attack,0.0,-0.7922637126073326,0.0,65780,0.13952569169960474,0.0,0.3464968949812828,0.0,1.0,0.0,0.0,0.0,0,0.8604743083003953,2,16445,0.4415931894192764,0.0,0.4965920258506806,0.0,1.0,0.0,1.0,1.0,0,0.5584068105807236,2
all_current,has_additional_A,TP_vs_FN,TP,FN,0.0,,999999999.9999999,7262,1.0,1.0,0.0,1.0,1.0,1.0,1.0,0.0,0,0.0,1,9183,0.0,0.0,0.0,0.0,0.0,0.0,0.0,0.0,0,1.0,1
all_current,has_additional_A,TN_vs_FP,TN,FP,,,,65780,0.13952569169960474,0.0,0.3464968949812828,0.0,1.0,0.0,0.0,0.0,0,0.8604743083003953,2,0,,,,,,,,,0,,0
all_current,has_additional_A,TP_vs_TN,TP,TN,0.0,2.616828791949147,999999999.9999999,7262,1.0,1.0,0.0,1.0,1.0,1.0,1.0,0.0,0,0.0,1,65780,0.13952569169960474,0.0,0.3464968949812828,0.0,1.0,0.0,0.0,0.0,0,0.8604743083003953,2
all_current,has_additional_A,FN_vs_TP,FN,TP,0.0,,999999999.9999999,9183,0.0,0.0,0.0,0.0,0.0,0.0,0.0,0.0,0,1.0,1,7262,1.0,1.0,0.0,1.0,1.0,1.0,1.0,0.0,0,0.0,1
all_current,additional_A_count,actual_normal_vs_actual_attack,actual_normal,actual_attack,0.0,-0.7922637126073326,0.0,65780,0.13952569169960474,0.0,0.3464968949812828,0.0,1.0,0.0,0.0,0.0,0,0.8604743083003953,2,16445,0.4415931894192764,0.0,0.4965920258506806,0.0,1.0,0.0,1.0,1.0,0,0.5584068105807236,2
all_current,additional_A_count,TP_vs_FN,TP,FN,0.0,,999999999.9999999,7262,1.0,1.0,0.0,1.0,1.0,1.0,1.0,0.0,0,0.0,1,9183,0.0,0.0,0.0,0.0,0.0,0.0,0.0,0.0,0,1.0,1
all_current,additional_A_count,TN_vs_FP,TN,FP,,,,65780,0.13952569169960474,0.0,0.3464968949812828,0.0,1.0,0.0,0.0,0.0,0,0.8604743083003953,2,0,,,,,,,,,0,,0
all_current,additional_A_count,TP_vs_TN,TP,TN,0.0,2.616828791949147,999999999.9999999,7262,1.0,1.0,0.0,1.0,1.0,1.0,1.0,0.0,0,0.0,1,65780,0.13952569169960474,0.0,0.3464968949812828,0.0,1.0,0.0,0.0,0.0,0,0.8604743083003953,2
all_current,additional_A_count,FN_vs_TP,FN,TP,0.0,,999999999.9999999,9183,0.0,0.0,0.0,0.0,0.0,0.0,0.0,0.0,0,1.0,1,7262,1.0,1.0,0.0,1.0,1.0,1.0,1.0,0.0,0,0.0,1
all_current,unique_record_name_count,actual_normal_vs_actual_attack,actual_normal,actual_attack,4.0799850477864585e-205,-0.25874420541160026,0.0,65780,1.317254484645789,1.0,0.4764512828802376,0.0,5.0,1.0,2.0,1.0,0,0.0007601094557616296,6,16445,1.4415931894192764,1.0,0.4965920258506806,1.0,2.0,1.0,2.0,1.0,0,0.0,2
all_current,unique_record_name_count,TP_vs_FN,TP,FN,0.0,,999999999.9999999,7262,2.0,2.0,0.0,2.0,2.0,2.0,2.0,0.0,0,0.0,1,9183,1.0,1.0,0.0,1.0,1.0,1.0,1.0,0.0,0,0.0,1
all_current,unique_record_name_count,TN_vs_FP,TN,FP,,,,65780,1.317254484645789,1.0,0.4764512828802376,0.0,5.0,1.0,2.0,1.0,0,0.0007601094557616296,6,0,,,,,,,,,0,,0
all_current,unique_record_name_count,TP_vs_TN,TP,TN,0.0,1.5100005459337953,0.9999999989999999,7262,2.0,2.0,0.0,2.0,2.0,2.0,2.0,0.0,0,0.0,1,65780,1.317254484645789,1.0,0.4764512828802376,0.0,5.0,1.0,2.0,1.0,0,0.0007601094557616296,6
all_current,unique_record_name_count,FN_vs_TP,FN,TP,0.0,,999999999.9999999,9183,1.0,1.0,0.0,1.0,1.0,1.0,1.0,0.0,0,0.0,1,7262,2.0,2.0,0.0,2.0,2.0,2.0,2.0,0.0,0,0.0,1
all_current,additional_out_of_bailiwick_count,actual_normal_vs_actual_attack,actual_normal,actual_attack,0.0,0.4486335774135458,0.0,65780,0.2773791425965339,0.0,0.691249853853276,0.0,2.0,0.0,0.0,0.0,0,0.861310428701733,2,16445,0.0,0.0,0.0,0.0,0.0,0.0,0.0,0.0,0,1.0,1
all_current,additional_out_of_bailiwick_count,TP_vs_FN,TP,FN,1.0,,0.0,7262,0.0,0.0,0.0,0.0,0.0,0.0,0.0,0.0,0,1.0,1,9183,0.0,0.0,0.0,0.0,0.0,0.0,0.0,0.0,0,1.0,1
all_current,additional_out_of_bailiwick_count,TN_vs_FP,TN,FP,,,,65780,0.2773791425965339,0.0,0.691249853853276,0.0,2.0,0.0,0.0,0.0,0,0.861310428701733,2,0,,,,,,,,,0,,0
all_current,additional_out_of_bailiwick_count,TP_vs_TN,TP,TN,2.8625568912422546e-252,-0.42283944850229566,0.0,7262,0.0,0.0,0.0,0.0,0.0,0.0,0.0,0.0,0,1.0,1,65780,0.2773791425965339,0.0,0.691249853853276,0.0,2.0,0.0,0.0,0.0,0,0.861310428701733,2
all_current,additional_out_of_bailiwick_count,FN_vs_TP,FN,TP,1.0,,0.0,9183,0.0,0.0,0.0,0.0,0.0,0.0,0.0,0.0,0,1.0,1,7262,0.0,0.0,0.0,0.0,0.0,0.0,0.0,0.0,0,1.0,1
all_current,record_total,actual_normal_vs_actual_attack,actual_normal,actual_attack,0.0,0.7752738731266764,0.0,65780,2.4836120401337793,2.0,0.899326988730359,0.0,12.0,2.0,3.0,1.0,0,0.0007297050775311645,13,16445,1.8215871085436304,2.0,0.6409055683066263,1.0,3.0,1.0,2.0,1.0,0,0.0,3
all_current,record_total,TP_vs_FN,TP,FN,0.0,1.7813018074824176,0.49999999975,7262,2.299091159460204,2.0,0.4578913727603667,2.0,3.0,2.0,3.0,1.0,0,0.0,2,9183,1.4439725579875857,1.0,0.49687806457174255,1.0,2.0,1.0,2.0,1.0,0,0.0,2
all_current,record_total,TN_vs_FP,TN,FP,,,,65780,2.4836120401337793,2.0,0.899326988730359,0.0,12.0,2.0,3.0,1.0,0,0.0007297050775311645,13,0,,,,,,,,,0,,0
all_current,record_total,TP_vs_TN,TP,TN,8.452712808185224e-30,-0.21317591876238573,0.0,7262,2.299091159460204,2.0,0.4578913727603667,2.0,3.0,2.0,3.0,1.0,0,0.0,2,65780,2.4836120401337793,2.0,0.899326988730359,0.0,12.0,2.0,3.0,1.0,0,0.0007297050775311645,13
all_current,record_total,FN_vs_TP,FN,TP,0.0,-1.7813018074824176,0.49999999975,9183,1.4439725579875857,1.0,0.49687806457174255,1.0,2.0,1.0,2.0,1.0,0,0.0,2,7262,2.299091159460204,2.0,0.4578913727603667,2.0,3.0,2.0,3.0,1.0,0,0.0,2
all_current,answer_A_count,actual_normal_vs_actual_attack,actual_normal,actual_attack,0.0,-0.27153142725447765,0.0,65780,0.6925661295226513,1.0,0.7350238328959653,0.0,11.0,0.0,1.0,1.0,0,0.38393128610519917,12,16445,0.8755244755244755,1.0,0.33013329990559215,0.0,1.0,1.0,1.0,0.0,0,0.12447552447552447,2
all_current,answer_A_count,TP_vs_FN,TP,FN,0.0,-0.942744855264052,0.0,7262,0.7181217295510879,1.0,0.4499453180124894,0.0,1.0,0.0,1.0,1.0,0,0.28187827044891217,2,9183,1.0,1.0,0.0,1.0,1.0,1.0,1.0,0.0,0,0.0,1
all_current,answer_A_count,TN_vs_FP,TN,FP,,,,65780,0.6925661295226513,1.0,0.7350238328959653,0.0,11.0,0.0,1.0,1.0,0,0.38393128610519917,12,0,,,,,,,,,0,,0
all_current,answer_A_count,TP_vs_TN,TP,TN,5.582539419706346e-32,0.03590211758971605,0.0,7262,0.7181217295510879,1.0,0.4499453180124894,0.0,1.0,0.0,1.0,1.0,0,0.28187827044891217,2,65780,0.6925661295226513,1.0,0.7350238328959653,0.0,11.0,0.0,1.0,1.0,0,0.38393128610519917,12
all_current,answer_A_count,FN_vs_TP,FN,TP,0.0,0.942744855264052,0.0,9183,1.0,1.0,0.0,1.0,1.0,1.0,1.0,0.0,0,0.0,1,7262,0.7181217295510879,1.0,0.4499453180124894,0.0,1.0,0.0,1.0,1.0,0,0.28187827044891217,2
all_current,dns_count_add_rr,actual_normal_vs_actual_attack,actual_normal,actual_attack,0.0,1.042016955993276,0.9999999989999999,65780,1.1989358467619338,1.0,0.7737260064962977,0.0,3.0,1.0,1.0,0.0,0,0.08011553663727576,3,16445,0.4415931894192764,0.0,0.4965920258506806,0.0,1.0,0.0,1.0,1.0,0,0.5584068105807236,2
all_current,dns_count_add_rr,TP_vs_FN,TP,FN,0.0,,999999999.9999999,7262,1.0,1.0,0.0,1.0,1.0,1.0,1.0,0.0,0,0.0,1,9183,0.0,0.0,0.0,0.0,0.0,0.0,0.0,0.0,0,1.0,1
all_current,dns_count_add_rr,TN_vs_FP,TN,FP,,,,65780,1.1989358467619338,1.0,0.7737260064962977,0.0,3.0,1.0,1.0,0.0,0,0.08011553663727576,3,0,,,,,,,,,0,,0
all_current,dns_count_add_rr,TP_vs_TN,TP,TN,3.840093543516943e-33,-0.270933433650962,0.0,7262,1.0,1.0,0.0,1.0,1.0,1.0,1.0,0.0,0,0.0,1,65780,1.1989358467619338,1.0,0.7737260064962977,0.0,3.0,1.0,1.0,0.0,0,0.08011553663727576,3
all_current,dns_count_add_rr,FN_vs_TP,FN,TP,0.0,,999999999.9999999,9183,0.0,0.0,0.0,0.0,0.0,0.0,0.0,0.0,0,1.0,1,7262,1.0,1.0,0.0,1.0,1.0,1.0,1.0,0.0,0,0.0,1
all_current,dns_count_answers,actual_normal_vs_actual_attack,actual_normal,actual_attack,0.0,0.44814110325768225,0.0,65780,1.2766950440863485,1.0,0.6903027878367249,0.0,12.0,1.0,1.0,0.0,0,0.005518394648829431,13,16445,1.0,1.0,0.0,1.0,1.0,1.0,1.0,0.0,0,0.0,1
all_current,dns_count_answers,TP_vs_FN,TP,FN,1.0,,0.0,7262,1.0,1.0,0.0,1.0,1.0,1.0,1.0,0.0,0,0.0,1,9183,1.0,1.0,0.0,1.0,1.0,1.0,1.0,0.0,0,0.0,1
all_current,dns_count_answers,TN_vs_FP,TN,FP,,,,65780,1.2766950440863485,1.0,0.6903027878367249,0.0,12.0,1.0,1.0,0.0,0,0.005518394648829431,13,0,,,,,,,,,0,,0
all_current,dns_count_answers,TP_vs_TN,TP,TN,0.0,-0.4223752890836728,0.0,7262,1.0,1.0,0.0,1.0,1.0,1.0,1.0,0.0,0,0.0,1,65780,1.2766950440863485,1.0,0.6903027878367249,0.0,12.0,1.0,1.0,0.0,0,0.005518394648829431,13
all_current,dns_count_answers,FN_vs_TP,FN,TP,1.0,,0.0,9183,1.0,1.0,0.0,1.0,1.0,1.0,1.0,0.0,0,0.0,1,7262,1.0,1.0,0.0,1.0,1.0,1.0,1.0,0.0,0,0.0,1
all_current,additional_AAAA_count,actual_normal_vs_actual_attack,actual_normal,actual_attack,0.0,0.45020245905169104,0.0,65780,0.13952569169960474,0.0,0.3464968949812828,0.0,1.0,0.0,0.0,0.0,0,0.8604743083003953,2,16445,0.0,0.0,0.0,0.0,0.0,0.0,0.0,0.0,0,1.0,1
all_current,additional_AAAA_count,TP_vs_FN,TP,FN,1.0,,0.0,7262,0.0,0.0,0.0,0.0,0.0,0.0,0.0,0.0,0,1.0,1,9183,0.0,0.0,0.0,0.0,0.0,0.0,0.0,0.0,0,1.0,1
all_current,additional_AAAA_count,TN_vs_FP,TN,FP,,,,65780,0.13952569169960474,0.0,0.3464968949812828,0.0,1.0,0.0,0.0,0.0,0,0.8604743083003953,2,0,,,,,,,,,0,,0
all_current,additional_AAAA_count,TP_vs_TN,TP,TN,5.396057870960501e-254,-0.42431812749565867,0.0,7262,0.0,0.0,0.0,0.0,0.0,0.0,0.0,0.0,0,1.0,1,65780,0.13952569169960474,0.0,0.3464968949812828,0.0,1.0,0.0,0.0,0.0,0,0.8604743083003953,2
all_current,additional_AAAA_count,FN_vs_TP,FN,TP,1.0,,0.0,9183,0.0,0.0,0.0,0.0,0.0,0.0,0.0,0.0,0,1.0,1,7262,0.0,0.0,0.0,0.0,0.0,0.0,0.0,0.0,0,1.0,1
all_current,answer_record_count,actual_normal_vs_actual_attack,actual_normal,actual_attack,0.0,0.44814110325768225,0.0,65780,1.2766950440863485,1.0,0.6903027878367249,0.0,12.0,1.0,1.0,0.0,0,0.005518394648829431,13,16445,1.0,1.0,0.0,1.0,1.0,1.0,1.0,0.0,0,0.0,1
all_current,answer_record_count,TP_vs_FN,TP,FN,1.0,,0.0,7262,1.0,1.0,0.0,1.0,1.0,1.0,1.0,0.0,0,0.0,1,9183,1.0,1.0,0.0,1.0,1.0,1.0,1.0,0.0,0,0.0,1
all_current,answer_record_count,TN_vs_FP,TN,FP,,,,65780,1.2766950440863485,1.0,0.6903027878367249,0.0,12.0,1.0,1.0,0.0,0,0.005518394648829431,13,0,,,,,,,,,0,,0
all_current,answer_record_count,TP_vs_TN,TP,TN,0.0,-0.4223752890836728,0.0,7262,1.0,1.0,0.0,1.0,1.0,1.0,1.0,0.0,0,0.0,1,65780,1.2766950440863485,1.0,0.6903027878367249,0.0,12.0,1.0,1.0,0.0,0,0.005518394648829431,13
all_current,answer_record_count,FN_vs_TP,FN,TP,1.0,,0.0,9183,1.0,1.0,0.0,1.0,1.0,1.0,1.0,0.0,0,0.0,1,7262,1.0,1.0,0.0,1.0,1.0,1.0,1.0,0.0,0,0.0,1
all_current,frame_len,actual_normal_vs_actual_attack,actual_normal,actual_attack,0.0,1.4673027466082607,0.3302752293547681,65780,175.27546366676802,172.0,30.619567644177156,70.0,419.0,148.0,192.0,44.0,0,0.0,163,16445,131.71395560960778,136.0,25.625965873055407,100.0,171.0,100.0,165.0,65.0,0,0.0,5
all_current,frame_len,TP_vs_FN,TP,FN,0.0,1.9213179014084587,0.8333333333226496,7262,151.60616909942163,165.0,19.335666866430632,129.0,171.0,129.0,171.0,42.0,0,0.0,3,9183,115.98301208755309,100.0,17.887610324582734,100.0,136.0,100.0,136.0,36.0,0,0.0,2
all_current,frame_len,TN_vs_FP,TN,FP,,,,65780,175.27546366676802,172.0,30.619567644177156,70.0,419.0,148.0,192.0,44.0,0,0.0,163,0,,,,,,,,,0,,0
all_current,frame_len,TP_vs_TN,TP,TN,0.0,-0.7972032045481064,0.08139534883626284,7262,151.60616909942163,165.0,19.335666866430632,129.0,171.0,129.0,171.0,42.0,0,0.0,3,65780,175.27546366676802,172.0,30.619567644177156,70.0,419.0,148.0,192.0,44.0,0,0.0,163
all_current,frame_len,FN_vs_TP,FN,TP,0.0,-1.9213179014084587,0.8333333333226496,9183,115.98301208755309,100.0,17.887610324582734,100.0,136.0,100.0,136.0,36.0,0,0.0,2,7262,151.60616909942163,165.0,19.335666866430632,129.0,171.0,129.0,171.0,42.0,0,0.0,3
all_current,ttl_std,actual_normal_vs_actual_attack,actual_normal,actual_attack,0.0,0.33787357706000826,0.0,65780,2742.7568231968485,0.0,9075.82472833607,-1.0,43185.0,0.0,32.5,32.5,0,0.691045910611128,1656,16445,0.0,0.0,0.0,0.0,0.0,0.0,0.0,0.0,0,1.0,1
all_current,ttl_std,TP_vs_FN,TP,FN,1.0,,0.0,7262,0.0,0.0,0.0,0.0,0.0,0.0,0.0,0.0,0,1.0,1,9183,0.0,0.0,0.0,0.0,0.0,0.0,0.0,0.0,0,1.0,1
all_current,ttl_std,TN_vs_FP,TN,FP,,,,65780,2742.7568231968485,0.0,9075.82472833607,-1.0,43185.0,0.0,32.5,32.5,0,0.691045910611128,1656,0,,,,,,,,,0,,0
all_current,ttl_std,TP_vs_TN,TP,TN,0.0,-0.318447579896275,0.0,7262,0.0,0.0,0.0,0.0,0.0,0.0,0.0,0.0,0,1.0,1,65780,2742.7568231968485,0.0,9075.82472833607,-1.0,43185.0,0.0,32.5,32.5,0,0.691045910611128,1656
all_current,ttl_std,FN_vs_TP,FN,TP,1.0,,0.0,9183,0.0,0.0,0.0,0.0,0.0,0.0,0.0,0.0,0,1.0,1,7262,0.0,0.0,0.0,0.0,0.0,0.0,0.0,0.0,0,1.0,1
dropped_shortcut_only,frame_len,actual_normal_vs_actual_attack,actual_normal,actual_attack,0.0,1.4673027466082607,0.3302752293547681,65780,175.27546366676802,172.0,30.619567644177156,70.0,419.0,148.0,192.0,44.0,0,0.0,163,16445,131.71395560960778,136.0,25.625965873055407,100.0,171.0,100.0,165.0,65.0,0,0.0,5
dropped_shortcut_only,frame_len,TP_vs_FN,TP,FN,,,,16445,131.71395560960778,136.0,25.625965873055407,100.0,171.0,100.0,165.0,65.0,0,0.0,5,0,,,,,,,,,0,,0
dropped_shortcut_only,frame_len,TN_vs_FP,TN,FP,0.0,1.096680767904845,0.6249999999869792,60715,177.75720991517747,172.0,29.70601916089481,103.0,291.0,149.0,197.0,48.0,0,0.0,99,5065,145.5263573543929,142.0,25.287371774591907,70.0,419.0,142.0,142.0,0.0,0,0.0,128
dropped_shortcut_only,frame_len,TP_vs_TN,TP,TN,0.0,-1.5940284512549119,0.3185840707936408,16445,131.71395560960778,136.0,25.625965873055407,100.0,171.0,100.0,165.0,65.0,0,0.0,5,60715,177.75720991517747,172.0,29.70601916089481,103.0,291.0,149.0,197.0,48.0,0,0.0,99
dropped_shortcut_only,frame_len,FN_vs_TP,FN,TP,,,,0,,,,,,,,,0,,0,16445,131.71395560960778,136.0,25.625965873055407,100.0,171.0,100.0,165.0,65.0,0,0.0,5
dropped_shortcut_only,ip_len,actual_normal_vs_actual_attack,actual_normal,actual_attack,0.0,1.4799910173242343,0.3302752293547681,65780,155.47449072666464,152.0,30.47402655778828,56.0,405.0,128.0,172.0,44.0,0,0.0,156,16445,111.71395560960778,116.0,25.625965873055407,80.0,151.0,80.0,145.0,65.0,0,0.0,5
dropped_shortcut_only,ip_len,TP_vs_FN,TP,FN,,,,16445,111.71395560960778,116.0,25.625965873055407,80.0,151.0,80.0,145.0,65.0,0,0.0,5,0,,,,,,,,,0,,0
dropped_shortcut_only,ip_len,TN_vs_FP,TN,FP,0.0,1.0168818410942013,0.6249999999869792,60715,157.7774685003706,152.0,29.682588707087657,89.0,277.0,129.0,177.0,48.0,0,0.0,95,5065,127.86831194471866,122.0,25.95812174506128,56.0,405.0,122.0,122.0,0.0,0,0.0,128
dropped_shortcut_only,ip_len,TP_vs_TN,TP,TN,0.0,-1.5957772664564789,0.3185840707936408,16445,111.71395560960778,116.0,25.625965873055407,80.0,151.0,80.0,145.0,65.0,0,0.0,5,60715,157.7774685003706,152.0,29.682588707087657,89.0,277.0,129.0,177.0,48.0,0,0.0,95
dropped_shortcut_only,ip_len,FN_vs_TP,FN,TP,,,,0,,,,,,,,,0,,0,16445,111.71395560960778,116.0,25.625965873055407,80.0,151.0,80.0,145.0,65.0,0,0.0,5
dropped_shortcut_only,frame_cap_len,actual_normal_vs_actual_attack,actual_normal,actual_attack,0.0,1.4673027466082607,0.3302752293547681,65780,175.27546366676802,172.0,30.619567644177156,70.0,419.0,148.0,192.0,44.0,0,0.0,163,16445,131.71395560960778,136.0,25.625965873055407,100.0,171.0,100.0,165.0,65.0,0,0.0,5
dropped_shortcut_only,frame_cap_len,TP_vs_FN,TP,FN,,,,16445,131.71395560960778,136.0,25.625965873055407,100.0,171.0,100.0,165.0,65.0,0,0.0,5,0,,,,,,,,,0,,0
dropped_shortcut_only,frame_cap_len,TN_vs_FP,TN,FP,0.0,1.096680767904845,0.6249999999869792,60715,177.75720991517747,172.0,29.70601916089481,103.0,291.0,149.0,197.0,48.0,0,0.0,99,5065,145.5263573543929,142.0,25.287371774591907,70.0,419.0,142.0,142.0,0.0,0,0.0,128
dropped_shortcut_only,frame_cap_len,TP_vs_TN,TP,TN,0.0,-1.5940284512549119,0.3185840707936408,16445,131.71395560960778,136.0,25.625965873055407,100.0,171.0,100.0,165.0,65.0,0,0.0,5,60715,177.75720991517747,172.0,29.70601916089481,103.0,291.0,149.0,197.0,48.0,0,0.0,99
dropped_shortcut_only,frame_cap_len,FN_vs_TP,FN,TP,,,,0,,,,,,,,,0,,0,16445,131.71395560960778,136.0,25.625965873055407,100.0,171.0,100.0,165.0,65.0,0,0.0,5
dropped_shortcut_only,udp_length,actual_normal_vs_actual_attack,actual_normal,actual_attack,0.0,1.4799910173242343,0.3302752293547681,65780,135.47449072666464,132.0,30.47402655778828,36.0,385.0,108.0,152.0,44.0,0,0.0,156,16445,91.71395560960778,96.0,25.625965873055407,60.0,131.0,60.0,125.0,65.0,0,0.0,5
dropped_shortcut_only,udp_length,TP_vs_FN,TP,FN,,,,16445,91.71395560960778,96.0,25.625965873055407,60.0,131.0,60.0,125.0,65.0,0,0.0,5,0,,,,,,,,,0,,0
dropped_shortcut_only,udp_length,TN_vs_FP,TN,FP,0.0,1.0168818410942013,0.6249999999869792,60715,137.7774685003706,132.0,29.682588707087657,69.0,257.0,109.0,157.0,48.0,0,0.0,95,5065,107.86831194471866,102.0,25.95812174506128,36.0,385.0,102.0,102.0,0.0,0,0.0,128
dropped_shortcut_only,udp_length,TP_vs_TN,TP,TN,0.0,-1.5957772664564789,0.3185840707936408,16445,91.71395560960778,96.0,25.625965873055407,60.0,131.0,60.0,125.0,65.0,0,0.0,5,60715,137.7774685003706,132.0,29.682588707087657,69.0,257.0,109.0,157.0,48.0,0,0.0,95
dropped_shortcut_only,udp_length,FN_vs_TP,FN,TP,,,,0,,,,,,,,,0,,0,16445,91.71395560960778,96.0,25.625965873055407,60.0,131.0,60.0,125.0,65.0,0,0.0,5
dropped_shortcut_only,src_port,actual_normal_vs_actual_attack,actual_normal,actual_attack,0.0,3.788418890633103,30000000000000.0,65780,27649.53390088173,30053.0,8144.221388195218,53.0,30053.0,30053.0,30053.0,0.0,0,0.0,2,16445,53.0,53.0,0.0,53.0,53.0,53.0,53.0,0.0,0,0.0,1
dropped_shortcut_only,src_port,TP_vs_FN,TP,FN,,,,16445,53.0,53.0,0.0,53.0,53.0,53.0,53.0,0.0,0,0.0,1,0,,,,,,,,,0,,0
dropped_shortcut_only,src_port,TN_vs_FP,TN,FP,0.0,17.88253066754663,30000000000000.0,60715,29951.707074034424,30053.0,1740.2808405487758,53.0,30053.0,30053.0,30053.0,0.0,0,0.0,2,5065,53.0,53.0,0.0,53.0,53.0,53.0,53.0,0.0,0,0.0,1
dropped_shortcut_only,src_port,TP_vs_TN,TP,TN,0.0,-19.36774806498356,30000000000000.0,16445,53.0,53.0,0.0,53.0,53.0,53.0,53.0,0.0,0,0.0,1,60715,29951.707074034424,30053.0,1740.2808405487758,53.0,30053.0,30053.0,30053.0,0.0,0,0.0,2
dropped_shortcut_only,src_port,FN_vs_TP,FN,TP,,,,0,,,,,,,,,0,,0,16445,53.0,53.0,0.0,53.0,53.0,53.0,53.0,0.0,0,0.0,1
dropped_shortcut_only,query_name_len,actual_normal_vs_actual_attack,actual_normal,actual_attack,0.0,2.4075125267870354,1.3529411763910035,65780,34.51568865916692,32.0,11.849274611830971,4.0,58.0,26.0,43.0,17.0,0,0.0,52,16445,9.0,9.0,0.0,9.0,9.0,9.0,9.0,0.0,0,0.0,1
dropped_shortcut_only,query_name_len,TP_vs_FN,TP,FN,,,,16445,9.0,9.0,0.0,9.0,9.0,9.0,9.0,0.0,0,0.0,1,0,,,,,,,,,0,,0
dropped_shortcut_only,query_name_len,TN_vs_FP,TN,FP,0.0,2.448364208568831,1.090909090859504,60715,36.38632957259326,33.0,10.245465650021165,16.0,58.0,27.0,43.0,16.0,0,0.0,43,5065,12.092003948667324,9.0,4.517543610032647,4.0,39.0,9.0,15.0,6.0,0,0.0,25
dropped_shortcut_only,query_name_len,TP_vs_TN,TP,TN,0.0,-3.0133403457528662,1.49999999990625,16445,9.0,9.0,0.0,9.0,9.0,9.0,9.0,0.0,0,0.0,1,60715,36.38632957259326,33.0,10.245465650021165,16.0,58.0,27.0,43.0,16.0,0,0.0,43
dropped_shortcut_only,query_name_len,FN_vs_TP,FN,TP,,,,0,,,,,,,,,0,,0,16445,9.0,9.0,0.0,9.0,9.0,9.0,9.0,0.0,0,0.0,1
dropped_shortcut_only,query_entropy,actual_normal_vs_actual_attack,actual_normal,actual_attack,0.0,3.386147521940197,3.008776896813879,65780,3.9587093548179006,3.9912157102019847,0.33381137468540556,2.0,4.649878362697041,3.8441065448145384,4.190929511009918,0.3468229661953792,0,0.0,3457,16445,2.9477027792200894,2.94770277922009,4.441027127221897e-16,2.94770277922009,2.94770277922009,2.94770277922009,2.94770277922009,0.0,0,0.0,1
dropped_shortcut_only,query_entropy,TP_vs_FN,TP,FN,,,,16445,2.9477027792200894,2.94770277922009,4.441027127221897e-16,2.94770277922009,2.94770277922009,2.94770277922009,2.94770277922009,0.0,0,0.0,1,0,,,,,,,,,0,,0
dropped_shortcut_only,query_entropy,TN_vs_FP,TN,FP,0.0,4.417581476197226,1.865760713184002,60715,4.032203075386604,4.0043444463675275,0.21635325631132646,3.1307179879273743,4.649878362697041,3.88307418942857,4.2072117677593,0.32413757833072987,0,0.0,3363,5065,3.077727865315673,2.94770277922009,0.21255007624624303,2.0,3.9148663038831,2.94770277922009,3.1898980954642875,0.24219531624419766,0,0.0,113
dropped_shortcut_only,query_entropy,TP_vs_TN,TP,TN,0.0,-5.650830708775615,3.2598554889228257,16445,2.9477027792200894,2.94770277922009,4.441027127221897e-16,2.94770277922009,2.94770277922009,2.94770277922009,2.94770277922009,0.0,0,0.0,1,60715,4.032203075386604,4.0043444463675275,0.21635325631132646,3.1307179879273743,4.649878362697041,3.88307418942857,4.2072117677593,0.32413757833072987,0,0.0,3363
dropped_shortcut_only,query_entropy,FN_vs_TP,FN,TP,,,,0,,,,,,,,,0,,0,16445,2.9477027792200894,2.94770277922009,4.441027127221897e-16,2.94770277922009,2.94770277922009,2.94770277922009,2.94770277922009,0.0,0,0.0,1
dropped_shortcut_only,query_label_count,actual_normal_vs_actual_attack,actual_normal,actual_attack,0.0,3.446429787438099,2.9999999969999998,65780,4.433034356947401,5.0,0.7892813341487687,1.0,5.0,4.0,5.0,1.0,0,0.0,5,16445,2.0,2.0,0.0,2.0,2.0,2.0,2.0,0.0,0,0.0,1
dropped_shortcut_only,query_label_count,TP_vs_FN,TP,FN,,,,16445,2.0,2.0,0.0,2.0,2.0,2.0,2.0,0.0,0,0.0,1,0,,,,,,,,,0,,0
dropped_shortcut_only,query_label_count,TN_vs_FP,TN,FP,0.0,4.345386145438358,1.49999999925,60715,4.605599934118422,5.0,0.5181378628500288,3.0,5.0,4.0,5.0,1.0,0,0.0,3,5065,2.364461994076999,2.0,0.48622476886293803,1.0,4.0,2.0,3.0,1.0,0,0.0,4
dropped_shortcut_only,query_label_count,TP_vs_TN,TP,TN,0.0,-5.669026183855228,2.9999999969999998,16445,2.0,2.0,0.0,2.0,2.0,2.0,2.0,0.0,0,0.0,1,60715,4.605599934118422,5.0,0.5181378628500288,3.0,5.0,4.0,5.0,1.0,0,0.0,3
dropped_shortcut_only,query_label_count,FN_vs_TP,FN,TP,,,,0,,,,,,,,,0,,0,16445,2.0,2.0,0.0,2.0,2.0,2.0,2.0,0.0,0,0.0,1
dropped_shortcut_only,ttl_mean,actual_normal_vs_actual_attack,actual_normal,actual_attack,0.0,-0.4591980968297483,0.1295616497516711,65780,12693.007540513943,300.0,23339.144111404425,-1.0,86400.0,200.0,10856.5,10656.5,0,0.0,2183,16445,24216.19519610824,7200.0,31140.579388524053,30.0,86400.0,600.0,43200.0,42600.0,0,0.0,11
dropped_shortcut_only,ttl_mean,TP_vs_FN,TP,FN,,,,16445,24216.19519610824,7200.0,31140.579388524053,30.0,86400.0,600.0,43200.0,42600.0,0,0.0,11,0,,,,,,,,,0,,0
dropped_shortcut_only,ttl_mean,TN_vs_FP,TN,FP,1.0719773496161007e-42,-0.13269177745544333,0.046931633545805304,60715,12454.695351780174,297.0,23054.295954696758,10.0,86400.0,200.0,10856.5,10656.5,0,0.0,1288,5065,15549.695504772728,1799.0,26351.85249612153,-1.0,86400.0,252.5,21600.0,21347.5,0,0.0,1190
dropped_shortcut_only,ttl_mean,TP_vs_TN,TP,TN,0.0,0.47049849128034893,0.12961798090373702,16445,24216.19519610824,7200.0,31140.579388524053,30.0,86400.0,600.0,43200.0,42600.0,0,0.0,11,60715,12454.695351780174,297.0,23054.295954696758,10.0,86400.0,200.0,10856.5,10656.5,0,0.0,1288
dropped_shortcut_only,ttl_mean,FN_vs_TP,FN,TP,,,,0,,,,,,,,,0,,0,16445,24216.19519610824,7200.0,31140.579388524053,30.0,86400.0,600.0,43200.0,42600.0,0,0.0,11
dropped_shortcut_only,ttl_min,actual_normal_vs_actual_attack,actual_normal,actual_attack,0.0,-0.5679386253546397,0.1516112220967569,65780,10222.366038309516,218.0,22725.818913024585,-1.0,86400.0,148.0,3600.0,3452.0,0,0.0,483,16445,24216.19519610824,7200.0,31140.579388524053,30.0,86400.0,600.0,43200.0,42600.0,0,0.0,11
dropped_shortcut_only,ttl_min,TP_vs_FN,TP,FN,,,,16445,24216.19519610824,7200.0,31140.579388524053,30.0,86400.0,600.0,43200.0,42600.0,0,0.0,11,0,,,,,,,,,0,,0
dropped_shortcut_only,ttl_min,TN_vs_FP,TN,FP,3.2189395782887796e-48,-0.21428980098868505,0.015368564664338695,60715,9847.99487770732,217.0,22323.147901522487,1.0,86400.0,148.0,3600.0,3452.0,0,0.0,285,5065,14710.015597235933,600.0,26687.581380224387,-1.0,86400.0,131.0,21600.0,21469.0,0,0.0,469
dropped_shortcut_only,ttl_min,TP_vs_TN,TP,TN,0.0,0.587171219592608,0.1516329366802712,16445,24216.19519610824,7200.0,31140.579388524053,30.0,86400.0,600.0,43200.0,42600.0,0,0.0,11,60715,9847.99487770732,217.0,22323.147901522487,1.0,86400.0,148.0,3600.0,3452.0,0,0.0,285
dropped_shortcut_only,ttl_min,FN_vs_TP,FN,TP,,,,0,,,,,,,,,0,,0,16445,24216.19519610824,7200.0,31140.579388524053,30.0,86400.0,600.0,43200.0,42600.0,0,0.0,11
dropped_shortcut_only,ttl_max,actual_normal_vs_actual_attack,actual_normal,actual_attack,0.0,-0.2869366216154314,0.10781249999999833,65780,16012.348327759197,300.0,27917.46512212287,-1.0,86400.0,200.0,21600.0,21400.0,0,0.0,876,16445,24216.19519610824,7200.0,31140.579388524053,30.0,86400.0,600.0,43200.0,42600.0,0,0.0,11
dropped_shortcut_only,ttl_max,TP_vs_FN,TP,FN,,,,16445,24216.19519610824,7200.0,31140.579388524053,30.0,86400.0,600.0,43200.0,42600.0,0,0.0,11,0,,,,,,,,,0,,0
dropped_shortcut_only,ttl_max,TN_vs_FP,TN,FP,6.537123982130661e-38,-0.043921127021192434,0.06394885964501326,60715,15917.940377172034,300.0,28055.48381414922,10.0,86400.0,200.0,21600.0,21400.0,0,0.0,302,5065,17144.032181638697,3031.0,26182.619502761998,-1.0,86400.0,294.0,21600.0,21306.0,0,0.0,828
dropped_shortcut_only,ttl_max,TP_vs_TN,TP,TN,0.0,0.28872770252867386,0.10781249999999833,16445,24216.19519610824,7200.0,31140.579388524053,30.0,86400.0,600.0,43200.0,42600.0,0,0.0,11,60715,15917.940377172034,300.0,28055.48381414922,10.0,86400.0,200.0,21600.0,21400.0,0,0.0,302
dropped_shortcut_only,ttl_max,FN_vs_TP,FN,TP,,,,0,,,,,,,,,0,,0,16445,24216.19519610824,7200.0,31140.579388524053,30.0,86400.0,600.0,43200.0,42600.0,0,0.0,11
dropped_shortcut_only,ttl_std,actual_normal_vs_actual_attack,actual_normal,actual_attack,0.0,0.33787357706000826,0.0,65780,2742.7568231968485,0.0,9075.82472833607,-1.0,43185.0,0.0,32.5,32.5,0,0.691045910611128,1656,16445,0.0,0.0,0.0,0.0,0.0,0.0,0.0,0.0,0,1.0,1
dropped_shortcut_only,ttl_std,TP_vs_FN,TP,FN,,,,16445,0.0,0.0,0.0,0.0,0.0,0.0,0.0,0.0,0,1.0,1,0,,,,,,,,,0,,0
dropped_shortcut_only,ttl_std,TN_vs_FP,TN,FP,2.8822574591918617e-33,0.2000273785873941,0.0,60715,2882.344733520628,0.0,9395.34512629762,0.0,43185.0,0.0,39.42080668885405,39.42080668885405,0,0.6853989953059376,1161,5065,1069.4932545278923,0.0,2931.3532158762537,-1.0,10792.5,0.0,0.0,0.0,0,0.7587364264560711,576
dropped_shortcut_only,ttl_std,TP_vs_TN,TP,TN,0.0,-0.34584320062734347,0.0,16445,0.0,0.0,0.0,0.0,0.0,0.0,0.0,0.0,0,1.0,1,60715,2882.344733520628,0.0,9395.34512629762,0.0,43185.0,0.0,39.42080668885405,39.42080668885405,0,0.6853989953059376,1161
dropped_shortcut_only,ttl_std,FN_vs_TP,FN,TP,,,,0,,,,,,,,,0,,0,16445,0.0,0.0,0.0,0.0,0.0,0.0,0.0,0.0,0,1.0,1
top_importance_only,has_additional_A,actual_normal_vs_actual_attack,actual_normal,actual_attack,0.0,-0.7922637126073326,0.0,65780,0.13952569169960474,0.0,0.3464968949812828,0.0,1.0,0.0,0.0,0.0,0,0.8604743083003953,2,16445,0.4415931894192764,0.0,0.4965920258506806,0.0,1.0,0.0,1.0,1.0,0,0.5584068105807236,2
top_importance_only,has_additional_A,TP_vs_FN,TP,FN,0.0,,999999999.9999999,7262,1.0,1.0,0.0,1.0,1.0,1.0,1.0,0.0,0,0.0,1,9183,0.0,0.0,0.0,0.0,0.0,0.0,0.0,0.0,0,1.0,1
top_importance_only,has_additional_A,TN_vs_FP,TN,FP,,,,65780,0.13952569169960474,0.0,0.3464968949812828,0.0,1.0,0.0,0.0,0.0,0,0.8604743083003953,2,0,,,,,,,,,0,,0
top_importance_only,has_additional_A,TP_vs_TN,TP,TN,0.0,2.616828791949147,999999999.9999999,7262,1.0,1.0,0.0,1.0,1.0,1.0,1.0,0.0,0,0.0,1,65780,0.13952569169960474,0.0,0.3464968949812828,0.0,1.0,0.0,0.0,0.0,0,0.8604743083003953,2
top_importance_only,has_additional_A,FN_vs_TP,FN,TP,0.0,,999999999.9999999,9183,0.0,0.0,0.0,0.0,0.0,0.0,0.0,0.0,0,1.0,1,7262,1.0,1.0,0.0,1.0,1.0,1.0,1.0,0.0,0,0.0,1
top_importance_only,additional_A_count,actual_normal_vs_actual_attack,actual_normal,actual_attack,0.0,-0.7922637126073326,0.0,65780,0.13952569169960474,0.0,0.3464968949812828,0.0,1.0,0.0,0.0,0.0,0,0.8604743083003953,2,16445,0.4415931894192764,0.0,0.4965920258506806,0.0,1.0,0.0,1.0,1.0,0,0.5584068105807236,2
top_importance_only,additional_A_count,TP_vs_FN,TP,FN,0.0,,999999999.9999999,7262,1.0,1.0,0.0,1.0,1.0,1.0,1.0,0.0,0,0.0,1,9183,0.0,0.0,0.0,0.0,0.0,0.0,0.0,0.0,0,1.0,1
top_importance_only,additional_A_count,TN_vs_FP,TN,FP,,,,65780,0.13952569169960474,0.0,0.3464968949812828,0.0,1.0,0.0,0.0,0.0,0,0.8604743083003953,2,0,,,,,,,,,0,,0
top_importance_only,additional_A_count,TP_vs_TN,TP,TN,0.0,2.616828791949147,999999999.9999999,7262,1.0,1.0,0.0,1.0,1.0,1.0,1.0,0.0,0,0.0,1,65780,0.13952569169960474,0.0,0.3464968949812828,0.0,1.0,0.0,0.0,0.0,0,0.8604743083003953,2
top_importance_only,additional_A_count,FN_vs_TP,FN,TP,0.0,,999999999.9999999,9183,0.0,0.0,0.0,0.0,0.0,0.0,0.0,0.0,0,1.0,1,7262,1.0,1.0,0.0,1.0,1.0,1.0,1.0,0.0,0,0.0,1
top_importance_only,unique_record_name_count,actual_normal_vs_actual_attack,actual_normal,actual_attack,4.0799850477864585e-205,-0.25874420541160026,0.0,65780,1.317254484645789,1.0,0.4764512828802376,0.0,5.0,1.0,2.0,1.0,0,0.0007601094557616296,6,16445,1.4415931894192764,1.0,0.4965920258506806,1.0,2.0,1.0,2.0,1.0,0,0.0,2
top_importance_only,unique_record_name_count,TP_vs_FN,TP,FN,0.0,,999999999.9999999,7262,2.0,2.0,0.0,2.0,2.0,2.0,2.0,0.0,0,0.0,1,9183,1.0,1.0,0.0,1.0,1.0,1.0,1.0,0.0,0,0.0,1
top_importance_only,unique_record_name_count,TN_vs_FP,TN,FP,,,,65780,1.317254484645789,1.0,0.4764512828802376,0.0,5.0,1.0,2.0,1.0,0,0.0007601094557616296,6,0,,,,,,,,,0,,0
top_importance_only,unique_record_name_count,TP_vs_TN,TP,TN,0.0,1.5100005459337953,0.9999999989999999,7262,2.0,2.0,0.0,2.0,2.0,2.0,2.0,0.0,0,0.0,1,65780,1.317254484645789,1.0,0.4764512828802376,0.0,5.0,1.0,2.0,1.0,0,0.0007601094557616296,6
top_importance_only,unique_record_name_count,FN_vs_TP,FN,TP,0.0,,999999999.9999999,9183,1.0,1.0,0.0,1.0,1.0,1.0,1.0,0.0,0,0.0,1,7262,2.0,2.0,0.0,2.0,2.0,2.0,2.0,0.0,0,0.0,1
top_importance_only,additional_out_of_bailiwick_count,actual_normal_vs_actual_attack,actual_normal,actual_attack,0.0,0.4486335774135458,0.0,65780,0.2773791425965339,0.0,0.691249853853276,0.0,2.0,0.0,0.0,0.0,0,0.861310428701733,2,16445,0.0,0.0,0.0,0.0,0.0,0.0,0.0,0.0,0,1.0,1
top_importance_only,additional_out_of_bailiwick_count,TP_vs_FN,TP,FN,1.0,,0.0,7262,0.0,0.0,0.0,0.0,0.0,0.0,0.0,0.0,0,1.0,1,9183,0.0,0.0,0.0,0.0,0.0,0.0,0.0,0.0,0,1.0,1
top_importance_only,additional_out_of_bailiwick_count,TN_vs_FP,TN,FP,,,,65780,0.2773791425965339,0.0,0.691249853853276,0.0,2.0,0.0,0.0,0.0,0,0.861310428701733,2,0,,,,,,,,,0,,0
top_importance_only,additional_out_of_bailiwick_count,TP_vs_TN,TP,TN,2.8625568912422546e-252,-0.42283944850229566,0.0,7262,0.0,0.0,0.0,0.0,0.0,0.0,0.0,0.0,0,1.0,1,65780,0.2773791425965339,0.0,0.691249853853276,0.0,2.0,0.0,0.0,0.0,0,0.861310428701733,2
top_importance_only,additional_out_of_bailiwick_count,FN_vs_TP,FN,TP,1.0,,0.0,9183,0.0,0.0,0.0,0.0,0.0,0.0,0.0,0.0,0,1.0,1,7262,0.0,0.0,0.0,0.0,0.0,0.0,0.0,0.0,0,1.0,1
top_importance_only,record_total,actual_normal_vs_actual_attack,actual_normal,actual_attack,0.0,0.7752738731266764,0.0,65780,2.4836120401337793,2.0,0.899326988730359,0.0,12.0,2.0,3.0,1.0,0,0.0007297050775311645,13,16445,1.8215871085436304,2.0,0.6409055683066263,1.0,3.0,1.0,2.0,1.0,0,0.0,3
top_importance_only,record_total,TP_vs_FN,TP,FN,0.0,1.7813018074824176,0.49999999975,7262,2.299091159460204,2.0,0.4578913727603667,2.0,3.0,2.0,3.0,1.0,0,0.0,2,9183,1.4439725579875857,1.0,0.49687806457174255,1.0,2.0,1.0,2.0,1.0,0,0.0,2
top_importance_only,record_total,TN_vs_FP,TN,FP,,,,65780,2.4836120401337793,2.0,0.899326988730359,0.0,12.0,2.0,3.0,1.0,0,0.0007297050775311645,13,0,,,,,,,,,0,,0
top_importance_only,record_total,TP_vs_TN,TP,TN,8.452712808185224e-30,-0.21317591876238573,0.0,7262,2.299091159460204,2.0,0.4578913727603667,2.0,3.0,2.0,3.0,1.0,0,0.0,2,65780,2.4836120401337793,2.0,0.899326988730359,0.0,12.0,2.0,3.0,1.0,0,0.0007297050775311645,13
top_importance_only,record_total,FN_vs_TP,FN,TP,0.0,-1.7813018074824176,0.49999999975,9183,1.4439725579875857,1.0,0.49687806457174255,1.0,2.0,1.0,2.0,1.0,0,0.0,2,7262,2.299091159460204,2.0,0.4578913727603667,2.0,3.0,2.0,3.0,1.0,0,0.0,2
top_importance_only,answer_A_count,actual_normal_vs_actual_attack,actual_normal,actual_attack,0.0,-0.27153142725447765,0.0,65780,0.6925661295226513,1.0,0.7350238328959653,0.0,11.0,0.0,1.0,1.0,0,0.38393128610519917,12,16445,0.8755244755244755,1.0,0.33013329990559215,0.0,1.0,1.0,1.0,0.0,0,0.12447552447552447,2
top_importance_only,answer_A_count,TP_vs_FN,TP,FN,0.0,-0.942744855264052,0.0,7262,0.7181217295510879,1.0,0.4499453180124894,0.0,1.0,0.0,1.0,1.0,0,0.28187827044891217,2,9183,1.0,1.0,0.0,1.0,1.0,1.0,1.0,0.0,0,0.0,1
top_importance_only,answer_A_count,TN_vs_FP,TN,FP,,,,65780,0.6925661295226513,1.0,0.7350238328959653,0.0,11.0,0.0,1.0,1.0,0,0.38393128610519917,12,0,,,,,,,,,0,,0
top_importance_only,answer_A_count,TP_vs_TN,TP,TN,5.582539419706346e-32,0.03590211758971605,0.0,7262,0.7181217295510879,1.0,0.4499453180124894,0.0,1.0,0.0,1.0,1.0,0,0.28187827044891217,2,65780,0.6925661295226513,1.0,0.7350238328959653,0.0,11.0,0.0,1.0,1.0,0,0.38393128610519917,12
top_importance_only,answer_A_count,FN_vs_TP,FN,TP,0.0,0.942744855264052,0.0,9183,1.0,1.0,0.0,1.0,1.0,1.0,1.0,0.0,0,0.0,1,7262,0.7181217295510879,1.0,0.4499453180124894,0.0,1.0,0.0,1.0,1.0,0,0.28187827044891217,2
top_importance_only,dns_count_add_rr,actual_normal_vs_actual_attack,actual_normal,actual_attack,0.0,1.042016955993276,0.9999999989999999,65780,1.1989358467619338,1.0,0.7737260064962977,0.0,3.0,1.0,1.0,0.0,0,0.08011553663727576,3,16445,0.4415931894192764,0.0,0.4965920258506806,0.0,1.0,0.0,1.0,1.0,0,0.5584068105807236,2
top_importance_only,dns_count_add_rr,TP_vs_FN,TP,FN,0.0,,999999999.9999999,7262,1.0,1.0,0.0,1.0,1.0,1.0,1.0,0.0,0,0.0,1,9183,0.0,0.0,0.0,0.0,0.0,0.0,0.0,0.0,0,1.0,1
top_importance_only,dns_count_add_rr,TN_vs_FP,TN,FP,,,,65780,1.1989358467619338,1.0,0.7737260064962977,0.0,3.0,1.0,1.0,0.0,0,0.08011553663727576,3,0,,,,,,,,,0,,0
top_importance_only,dns_count_add_rr,TP_vs_TN,TP,TN,3.840093543516943e-33,-0.270933433650962,0.0,7262,1.0,1.0,0.0,1.0,1.0,1.0,1.0,0.0,0,0.0,1,65780,1.1989358467619338,1.0,0.7737260064962977,0.0,3.0,1.0,1.0,0.0,0,0.08011553663727576,3
top_importance_only,dns_count_add_rr,FN_vs_TP,FN,TP,0.0,,999999999.9999999,9183,0.0,0.0,0.0,0.0,0.0,0.0,0.0,0.0,0,1.0,1,7262,1.0,1.0,0.0,1.0,1.0,1.0,1.0,0.0,0,0.0,1
top_importance_only,dns_count_answers,actual_normal_vs_actual_attack,actual_normal,actual_attack,0.0,0.44814110325768225,0.0,65780,1.2766950440863485,1.0,0.6903027878367249,0.0,12.0,1.0,1.0,0.0,0,0.005518394648829431,13,16445,1.0,1.0,0.0,1.0,1.0,1.0,1.0,0.0,0,0.0,1
top_importance_only,dns_count_answers,TP_vs_FN,TP,FN,1.0,,0.0,7262,1.0,1.0,0.0,1.0,1.0,1.0,1.0,0.0,0,0.0,1,9183,1.0,1.0,0.0,1.0,1.0,1.0,1.0,0.0,0,0.0,1
top_importance_only,dns_count_answers,TN_vs_FP,TN,FP,,,,65780,1.2766950440863485,1.0,0.6903027878367249,0.0,12.0,1.0,1.0,0.0,0,0.005518394648829431,13,0,,,,,,,,,0,,0
top_importance_only,dns_count_answers,TP_vs_TN,TP,TN,0.0,-0.4223752890836728,0.0,7262,1.0,1.0,0.0,1.0,1.0,1.0,1.0,0.0,0,0.0,1,65780,1.2766950440863485,1.0,0.6903027878367249,0.0,12.0,1.0,1.0,0.0,0,0.005518394648829431,13
top_importance_only,dns_count_answers,FN_vs_TP,FN,TP,1.0,,0.0,9183,1.0,1.0,0.0,1.0,1.0,1.0,1.0,0.0,0,0.0,1,7262,1.0,1.0,0.0,1.0,1.0,1.0,1.0,0.0,0,0.0,1
top_importance_only,additional_AAAA_count,actual_normal_vs_actual_attack,actual_normal,actual_attack,0.0,0.45020245905169104,0.0,65780,0.13952569169960474,0.0,0.3464968949812828,0.0,1.0,0.0,0.0,0.0,0,0.8604743083003953,2,16445,0.0,0.0,0.0,0.0,0.0,0.0,0.0,0.0,0,1.0,1
top_importance_only,additional_AAAA_count,TP_vs_FN,TP,FN,1.0,,0.0,7262,0.0,0.0,0.0,0.0,0.0,0.0,0.0,0.0,0,1.0,1,9183,0.0,0.0,0.0,0.0,0.0,0.0,0.0,0.0,0,1.0,1
top_importance_only,additional_AAAA_count,TN_vs_FP,TN,FP,,,,65780,0.13952569169960474,0.0,0.3464968949812828,0.0,1.0,0.0,0.0,0.0,0,0.8604743083003953,2,0,,,,,,,,,0,,0
top_importance_only,additional_AAAA_count,TP_vs_TN,TP,TN,5.396057870960501e-254,-0.42431812749565867,0.0,7262,0.0,0.0,0.0,0.0,0.0,0.0,0.0,0.0,0,1.0,1,65780,0.13952569169960474,0.0,0.3464968949812828,0.0,1.0,0.0,0.0,0.0,0,0.8604743083003953,2
top_importance_only,additional_AAAA_count,FN_vs_TP,FN,TP,1.0,,0.0,9183,0.0,0.0,0.0,0.0,0.0,0.0,0.0,0.0,0,1.0,1,7262,0.0,0.0,0.0,0.0,0.0,0.0,0.0,0.0,0,1.0,1
top_importance_only,answer_record_count,actual_normal_vs_actual_attack,actual_normal,actual_attack,0.0,0.44814110325768225,0.0,65780,1.2766950440863485,1.0,0.6903027878367249,0.0,12.0,1.0,1.0,0.0,0,0.005518394648829431,13,16445,1.0,1.0,0.0,1.0,1.0,1.0,1.0,0.0,0,0.0,1
top_importance_only,answer_record_count,TP_vs_FN,TP,FN,1.0,,0.0,7262,1.0,1.0,0.0,1.0,1.0,1.0,1.0,0.0,0,0.0,1,9183,1.0,1.0,0.0,1.0,1.0,1.0,1.0,0.0,0,0.0,1
top_importance_only,answer_record_count,TN_vs_FP,TN,FP,,,,65780,1.2766950440863485,1.0,0.6903027878367249,0.0,12.0,1.0,1.0,0.0,0,0.005518394648829431,13,0,,,,,,,,,0,,0
top_importance_only,answer_record_count,TP_vs_TN,TP,TN,0.0,-0.4223752890836728,0.0,7262,1.0,1.0,0.0,1.0,1.0,1.0,1.0,0.0,0,0.0,1,65780,1.2766950440863485,1.0,0.6903027878367249,0.0,12.0,1.0,1.0,0.0,0,0.005518394648829431,13
top_importance_only,answer_record_count,FN_vs_TP,FN,TP,1.0,,0.0,9183,1.0,1.0,0.0,1.0,1.0,1.0,1.0,0.0,0,0.0,1,7262,1.0,1.0,0.0,1.0,1.0,1.0,1.0,0.0,0,0.0,1
dns_structure_only,has_additional_A,actual_normal_vs_actual_attack,actual_normal,actual_attack,0.0,-0.7922637126073326,0.0,65780,0.13952569169960474,0.0,0.3464968949812828,0.0,1.0,0.0,0.0,0.0,0,0.8604743083003953,2,16445,0.4415931894192764,0.0,0.4965920258506806,0.0,1.0,0.0,1.0,1.0,0,0.5584068105807236,2
dns_structure_only,has_additional_A,TP_vs_FN,TP,FN,0.0,,999999999.9999999,7262,1.0,1.0,0.0,1.0,1.0,1.0,1.0,0.0,0,0.0,1,9183,0.0,0.0,0.0,0.0,0.0,0.0,0.0,0.0,0,1.0,1
dns_structure_only,has_additional_A,TN_vs_FP,TN,FP,,,,65780,0.13952569169960474,0.0,0.3464968949812828,0.0,1.0,0.0,0.0,0.0,0,0.8604743083003953,2,0,,,,,,,,,0,,0
dns_structure_only,has_additional_A,TP_vs_TN,TP,TN,0.0,2.616828791949147,999999999.9999999,7262,1.0,1.0,0.0,1.0,1.0,1.0,1.0,0.0,0,0.0,1,65780,0.13952569169960474,0.0,0.3464968949812828,0.0,1.0,0.0,0.0,0.0,0,0.8604743083003953,2
dns_structure_only,has_additional_A,FN_vs_TP,FN,TP,0.0,,999999999.9999999,9183,0.0,0.0,0.0,0.0,0.0,0.0,0.0,0.0,0,1.0,1,7262,1.0,1.0,0.0,1.0,1.0,1.0,1.0,0.0,0,0.0,1
dns_structure_only,additional_A_count,actual_normal_vs_actual_attack,actual_normal,actual_attack,0.0,-0.7922637126073326,0.0,65780,0.13952569169960474,0.0,0.3464968949812828,0.0,1.0,0.0,0.0,0.0,0,0.8604743083003953,2,16445,0.4415931894192764,0.0,0.4965920258506806,0.0,1.0,0.0,1.0,1.0,0,0.5584068105807236,2
dns_structure_only,additional_A_count,TP_vs_FN,TP,FN,0.0,,999999999.9999999,7262,1.0,1.0,0.0,1.0,1.0,1.0,1.0,0.0,0,0.0,1,9183,0.0,0.0,0.0,0.0,0.0,0.0,0.0,0.0,0,1.0,1
dns_structure_only,additional_A_count,TN_vs_FP,TN,FP,,,,65780,0.13952569169960474,0.0,0.3464968949812828,0.0,1.0,0.0,0.0,0.0,0,0.8604743083003953,2,0,,,,,,,,,0,,0
dns_structure_only,additional_A_count,TP_vs_TN,TP,TN,0.0,2.616828791949147,999999999.9999999,7262,1.0,1.0,0.0,1.0,1.0,1.0,1.0,0.0,0,0.0,1,65780,0.13952569169960474,0.0,0.3464968949812828,0.0,1.0,0.0,0.0,0.0,0,0.8604743083003953,2
dns_structure_only,additional_A_count,FN_vs_TP,FN,TP,0.0,,999999999.9999999,9183,0.0,0.0,0.0,0.0,0.0,0.0,0.0,0.0,0,1.0,1,7262,1.0,1.0,0.0,1.0,1.0,1.0,1.0,0.0,0,0.0,1
dns_structure_only,unique_record_name_count,actual_normal_vs_actual_attack,actual_normal,actual_attack,4.0799850477864585e-205,-0.25874420541160026,0.0,65780,1.317254484645789,1.0,0.4764512828802376,0.0,5.0,1.0,2.0,1.0,0,0.0007601094557616296,6,16445,1.4415931894192764,1.0,0.4965920258506806,1.0,2.0,1.0,2.0,1.0,0,0.0,2
dns_structure_only,unique_record_name_count,TP_vs_FN,TP,FN,0.0,,999999999.9999999,7262,2.0,2.0,0.0,2.0,2.0,2.0,2.0,0.0,0,0.0,1,9183,1.0,1.0,0.0,1.0,1.0,1.0,1.0,0.0,0,0.0,1
dns_structure_only,unique_record_name_count,TN_vs_FP,TN,FP,,,,65780,1.317254484645789,1.0,0.4764512828802376,0.0,5.0,1.0,2.0,1.0,0,0.0007601094557616296,6,0,,,,,,,,,0,,0
dns_structure_only,unique_record_name_count,TP_vs_TN,TP,TN,0.0,1.5100005459337953,0.9999999989999999,7262,2.0,2.0,0.0,2.0,2.0,2.0,2.0,0.0,0,0.0,1,65780,1.317254484645789,1.0,0.4764512828802376,0.0,5.0,1.0,2.0,1.0,0,0.0007601094557616296,6
dns_structure_only,unique_record_name_count,FN_vs_TP,FN,TP,0.0,,999999999.9999999,9183,1.0,1.0,0.0,1.0,1.0,1.0,1.0,0.0,0,0.0,1,7262,2.0,2.0,0.0,2.0,2.0,2.0,2.0,0.0,0,0.0,1
dns_structure_only,additional_out_of_bailiwick_count,actual_normal_vs_actual_attack,actual_normal,actual_attack,0.0,0.4486335774135458,0.0,65780,0.2773791425965339,0.0,0.691249853853276,0.0,2.0,0.0,0.0,0.0,0,0.861310428701733,2,16445,0.0,0.0,0.0,0.0,0.0,0.0,0.0,0.0,0,1.0,1
dns_structure_only,additional_out_of_bailiwick_count,TP_vs_FN,TP,FN,1.0,,0.0,7262,0.0,0.0,0.0,0.0,0.0,0.0,0.0,0.0,0,1.0,1,9183,0.0,0.0,0.0,0.0,0.0,0.0,0.0,0.0,0,1.0,1
dns_structure_only,additional_out_of_bailiwick_count,TN_vs_FP,TN,FP,,,,65780,0.2773791425965339,0.0,0.691249853853276,0.0,2.0,0.0,0.0,0.0,0,0.861310428701733,2,0,,,,,,,,,0,,0
dns_structure_only,additional_out_of_bailiwick_count,TP_vs_TN,TP,TN,2.8625568912422546e-252,-0.42283944850229566,0.0,7262,0.0,0.0,0.0,0.0,0.0,0.0,0.0,0.0,0,1.0,1,65780,0.2773791425965339,0.0,0.691249853853276,0.0,2.0,0.0,0.0,0.0,0,0.861310428701733,2
dns_structure_only,additional_out_of_bailiwick_count,FN_vs_TP,FN,TP,1.0,,0.0,9183,0.0,0.0,0.0,0.0,0.0,0.0,0.0,0.0,0,1.0,1,7262,0.0,0.0,0.0,0.0,0.0,0.0,0.0,0.0,0,1.0,1
dns_structure_only,record_total,actual_normal_vs_actual_attack,actual_normal,actual_attack,0.0,0.7752738731266764,0.0,65780,2.4836120401337793,2.0,0.899326988730359,0.0,12.0,2.0,3.0,1.0,0,0.0007297050775311645,13,16445,1.8215871085436304,2.0,0.6409055683066263,1.0,3.0,1.0,2.0,1.0,0,0.0,3
dns_structure_only,record_total,TP_vs_FN,TP,FN,0.0,1.7813018074824176,0.49999999975,7262,2.299091159460204,2.0,0.4578913727603667,2.0,3.0,2.0,3.0,1.0,0,0.0,2,9183,1.4439725579875857,1.0,0.49687806457174255,1.0,2.0,1.0,2.0,1.0,0,0.0,2
dns_structure_only,record_total,TN_vs_FP,TN,FP,,,,65780,2.4836120401337793,2.0,0.899326988730359,0.0,12.0,2.0,3.0,1.0,0,0.0007297050775311645,13,0,,,,,,,,,0,,0
dns_structure_only,record_total,TP_vs_TN,TP,TN,8.452712808185224e-30,-0.21317591876238573,0.0,7262,2.299091159460204,2.0,0.4578913727603667,2.0,3.0,2.0,3.0,1.0,0,0.0,2,65780,2.4836120401337793,2.0,0.899326988730359,0.0,12.0,2.0,3.0,1.0,0,0.0007297050775311645,13
dns_structure_only,record_total,FN_vs_TP,FN,TP,0.0,-1.7813018074824176,0.49999999975,9183,1.4439725579875857,1.0,0.49687806457174255,1.0,2.0,1.0,2.0,1.0,0,0.0,2,7262,2.299091159460204,2.0,0.4578913727603667,2.0,3.0,2.0,3.0,1.0,0,0.0,2
dns_structure_only,answer_A_count,actual_normal_vs_actual_attack,actual_normal,actual_attack,0.0,-0.27153142725447765,0.0,65780,0.6925661295226513,1.0,0.7350238328959653,0.0,11.0,0.0,1.0,1.0,0,0.38393128610519917,12,16445,0.8755244755244755,1.0,0.33013329990559215,0.0,1.0,1.0,1.0,0.0,0,0.12447552447552447,2
dns_structure_only,answer_A_count,TP_vs_FN,TP,FN,0.0,-0.942744855264052,0.0,7262,0.7181217295510879,1.0,0.4499453180124894,0.0,1.0,0.0,1.0,1.0,0,0.28187827044891217,2,9183,1.0,1.0,0.0,1.0,1.0,1.0,1.0,0.0,0,0.0,1
dns_structure_only,answer_A_count,TN_vs_FP,TN,FP,,,,65780,0.6925661295226513,1.0,0.7350238328959653,0.0,11.0,0.0,1.0,1.0,0,0.38393128610519917,12,0,,,,,,,,,0,,0
dns_structure_only,answer_A_count,TP_vs_TN,TP,TN,5.582539419706346e-32,0.03590211758971605,0.0,7262,0.7181217295510879,1.0,0.4499453180124894,0.0,1.0,0.0,1.0,1.0,0,0.28187827044891217,2,65780,0.6925661295226513,1.0,0.7350238328959653,0.0,11.0,0.0,1.0,1.0,0,0.38393128610519917,12
dns_structure_only,answer_A_count,FN_vs_TP,FN,TP,0.0,0.942744855264052,0.0,9183,1.0,1.0,0.0,1.0,1.0,1.0,1.0,0.0,0,0.0,1,7262,0.7181217295510879,1.0,0.4499453180124894,0.0,1.0,0.0,1.0,1.0,0,0.28187827044891217,2
dns_structure_only,dns_count_add_rr,actual_normal_vs_actual_attack,actual_normal,actual_attack,0.0,1.042016955993276,0.9999999989999999,65780,1.1989358467619338,1.0,0.7737260064962977,0.0,3.0,1.0,1.0,0.0,0,0.08011553663727576,3,16445,0.4415931894192764,0.0,0.4965920258506806,0.0,1.0,0.0,1.0,1.0,0,0.5584068105807236,2
dns_structure_only,dns_count_add_rr,TP_vs_FN,TP,FN,0.0,,999999999.9999999,7262,1.0,1.0,0.0,1.0,1.0,1.0,1.0,0.0,0,0.0,1,9183,0.0,0.0,0.0,0.0,0.0,0.0,0.0,0.0,0,1.0,1
dns_structure_only,dns_count_add_rr,TN_vs_FP,TN,FP,,,,65780,1.1989358467619338,1.0,0.7737260064962977,0.0,3.0,1.0,1.0,0.0,0,0.08011553663727576,3,0,,,,,,,,,0,,0
dns_structure_only,dns_count_add_rr,TP_vs_TN,TP,TN,3.840093543516943e-33,-0.270933433650962,0.0,7262,1.0,1.0,0.0,1.0,1.0,1.0,1.0,0.0,0,0.0,1,65780,1.1989358467619338,1.0,0.7737260064962977,0.0,3.0,1.0,1.0,0.0,0,0.08011553663727576,3
dns_structure_only,dns_count_add_rr,FN_vs_TP,FN,TP,0.0,,999999999.9999999,9183,0.0,0.0,0.0,0.0,0.0,0.0,0.0,0.0,0,1.0,1,7262,1.0,1.0,0.0,1.0,1.0,1.0,1.0,0.0,0,0.0,1
dns_structure_only,dns_count_answers,actual_normal_vs_actual_attack,actual_normal,actual_attack,0.0,0.44814110325768225,0.0,65780,1.2766950440863485,1.0,0.6903027878367249,0.0,12.0,1.0,1.0,0.0,0,0.005518394648829431,13,16445,1.0,1.0,0.0,1.0,1.0,1.0,1.0,0.0,0,0.0,1
dns_structure_only,dns_count_answers,TP_vs_FN,TP,FN,1.0,,0.0,7262,1.0,1.0,0.0,1.0,1.0,1.0,1.0,0.0,0,0.0,1,9183,1.0,1.0,0.0,1.0,1.0,1.0,1.0,0.0,0,0.0,1
dns_structure_only,dns_count_answers,TN_vs_FP,TN,FP,,,,65780,1.2766950440863485,1.0,0.6903027878367249,0.0,12.0,1.0,1.0,0.0,0,0.005518394648829431,13,0,,,,,,,,,0,,0
dns_structure_only,dns_count_answers,TP_vs_TN,TP,TN,0.0,-0.4223752890836728,0.0,7262,1.0,1.0,0.0,1.0,1.0,1.0,1.0,0.0,0,0.0,1,65780,1.2766950440863485,1.0,0.6903027878367249,0.0,12.0,1.0,1.0,0.0,0,0.005518394648829431,13
dns_structure_only,dns_count_answers,FN_vs_TP,FN,TP,1.0,,0.0,9183,1.0,1.0,0.0,1.0,1.0,1.0,1.0,0.0,0,0.0,1,7262,1.0,1.0,0.0,1.0,1.0,1.0,1.0,0.0,0,0.0,1
dns_structure_only,additional_AAAA_count,actual_normal_vs_actual_attack,actual_normal,actual_attack,0.0,0.45020245905169104,0.0,65780,0.13952569169960474,0.0,0.3464968949812828,0.0,1.0,0.0,0.0,0.0,0,0.8604743083003953,2,16445,0.0,0.0,0.0,0.0,0.0,0.0,0.0,0.0,0,1.0,1
dns_structure_only,additional_AAAA_count,TP_vs_FN,TP,FN,1.0,,0.0,7262,0.0,0.0,0.0,0.0,0.0,0.0,0.0,0.0,0,1.0,1,9183,0.0,0.0,0.0,0.0,0.0,0.0,0.0,0.0,0,1.0,1
dns_structure_only,additional_AAAA_count,TN_vs_FP,TN,FP,,,,65780,0.13952569169960474,0.0,0.3464968949812828,0.0,1.0,0.0,0.0,0.0,0,0.8604743083003953,2,0,,,,,,,,,0,,0
dns_structure_only,additional_AAAA_count,TP_vs_TN,TP,TN,5.396057870960501e-254,-0.42431812749565867,0.0,7262,0.0,0.0,0.0,0.0,0.0,0.0,0.0,0.0,0,1.0,1,65780,0.13952569169960474,0.0,0.3464968949812828,0.0,1.0,0.0,0.0,0.0,0,0.8604743083003953,2
dns_structure_only,additional_AAAA_count,FN_vs_TP,FN,TP,1.0,,0.0,9183,0.0,0.0,0.0,0.0,0.0,0.0,0.0,0.0,0,1.0,1,7262,0.0,0.0,0.0,0.0,0.0,0.0,0.0,0.0,0,1.0,1
dns_structure_only,answer_record_count,actual_normal_vs_actual_attack,actual_normal,actual_attack,0.0,0.44814110325768225,0.0,65780,1.2766950440863485,1.0,0.6903027878367249,0.0,12.0,1.0,1.0,0.0,0,0.005518394648829431,13,16445,1.0,1.0,0.0,1.0,1.0,1.0,1.0,0.0,0,0.0,1
dns_structure_only,answer_record_count,TP_vs_FN,TP,FN,1.0,,0.0,7262,1.0,1.0,0.0,1.0,1.0,1.0,1.0,0.0,0,0.0,1,9183,1.0,1.0,0.0,1.0,1.0,1.0,1.0,0.0,0,0.0,1
dns_structure_only,answer_record_count,TN_vs_FP,TN,FP,,,,65780,1.2766950440863485,1.0,0.6903027878367249,0.0,12.0,1.0,1.0,0.0,0,0.005518394648829431,13,0,,,,,,,,,0,,0
dns_structure_only,answer_record_count,TP_vs_TN,TP,TN,0.0,-0.4223752890836728,0.0,7262,1.0,1.0,0.0,1.0,1.0,1.0,1.0,0.0,0,0.0,1,65780,1.2766950440863485,1.0,0.6903027878367249,0.0,12.0,1.0,1.0,0.0,0,0.005518394648829431,13
dns_structure_only,answer_record_count,FN_vs_TP,FN,TP,1.0,,0.0,9183,1.0,1.0,0.0,1.0,1.0,1.0,1.0,0.0,0,0.0,1,7262,1.0,1.0,0.0,1.0,1.0,1.0,1.0,0.0,0,0.0,1
shortcut_suspects_only,has_additional_A,actual_normal_vs_actual_attack,actual_normal,actual_attack,0.0,-0.7922637126073326,0.0,65780,0.13952569169960474,0.0,0.3464968949812828,0.0,1.0,0.0,0.0,0.0,0,0.8604743083003953,2,16445,0.4415931894192764,0.0,0.4965920258506806,0.0,1.0,0.0,1.0,1.0,0,0.5584068105807236,2
shortcut_suspects_only,has_additional_A,TP_vs_FN,TP,FN,0.0,1.2625265921479405,0.9999999989999999,13017,0.5578858415917646,1.0,0.49665700341196584,0.0,1.0,0.0,1.0,1.0,0,0.44211415840823537,2,3428,0.0,0.0,0.0,0.0,0.0,0.0,0.0,0.0,0,1.0,1
shortcut_suspects_only,has_additional_A,TN_vs_FP,TN,FP,4.840456282623627e-42,0.41021655464550877,0.0,64661,0.14194027311671642,0.0,0.34899156949552235,0.0,1.0,0.0,0.0,0.0,0,0.8580597268832836,2,1119,0.0,0.0,0.0,0.0,0.0,0.0,0.0,0.0,0,1.0,1
shortcut_suspects_only,has_additional_A,TP_vs_TN,TP,TN,0.0,1.1010178200476948,0.9999999989999999,13017,0.5578858415917646,1.0,0.49665700341196584,0.0,1.0,0.0,1.0,1.0,0,0.44211415840823537,2,64661,0.14194027311671642,0.0,0.34899156949552235,0.0,1.0,0.0,0.0,0.0,0,0.8580597268832836,2
shortcut_suspects_only,has_additional_A,FN_vs_TP,FN,TP,0.0,-1.2625265921479405,0.9999999989999999,3428,0.0,0.0,0.0,0.0,0.0,0.0,0.0,0.0,0,1.0,1,13017,0.5578858415917646,1.0,0.49665700341196584,0.0,1.0,0.0,1.0,1.0,0,0.44211415840823537,2
shortcut_suspects_only,additional_A_count,actual_normal_vs_actual_attack,actual_normal,actual_attack,0.0,-0.7922637126073326,0.0,65780,0.13952569169960474,0.0,0.3464968949812828,0.0,1.0,0.0,0.0,0.0,0,0.8604743083003953,2,16445,0.4415931894192764,0.0,0.4965920258506806,0.0,1.0,0.0,1.0,1.0,0,0.5584068105807236,2
shortcut_suspects_only,additional_A_count,TP_vs_FN,TP,FN,0.0,1.2625265921479405,0.9999999989999999,13017,0.5578858415917646,1.0,0.49665700341196584,0.0,1.0,0.0,1.0,1.0,0,0.44211415840823537,2,3428,0.0,0.0,0.0,0.0,0.0,0.0,0.0,0.0,0,1.0,1
shortcut_suspects_only,additional_A_count,TN_vs_FP,TN,FP,4.840456282623627e-42,0.41021655464550877,0.0,64661,0.14194027311671642,0.0,0.34899156949552235,0.0,1.0,0.0,0.0,0.0,0,0.8580597268832836,2,1119,0.0,0.0,0.0,0.0,0.0,0.0,0.0,0.0,0,1.0,1
shortcut_suspects_only,additional_A_count,TP_vs_TN,TP,TN,0.0,1.1010178200476948,0.9999999989999999,13017,0.5578858415917646,1.0,0.49665700341196584,0.0,1.0,0.0,1.0,1.0,0,0.44211415840823537,2,64661,0.14194027311671642,0.0,0.34899156949552235,0.0,1.0,0.0,0.0,0.0,0,0.8580597268832836,2
shortcut_suspects_only,additional_A_count,FN_vs_TP,FN,TP,0.0,-1.2625265921479405,0.9999999989999999,3428,0.0,0.0,0.0,0.0,0.0,0.0,0.0,0.0,0,1.0,1,13017,0.5578858415917646,1.0,0.49665700341196584,0.0,1.0,0.0,1.0,1.0,0,0.44211415840823537,2
shortcut_suspects_only,unique_record_name_count,actual_normal_vs_actual_attack,actual_normal,actual_attack,4.0799850477864585e-205,-0.25874420541160026,0.0,65780,1.317254484645789,1.0,0.4764512828802376,0.0,5.0,1.0,2.0,1.0,0,0.0007601094557616296,6,16445,1.4415931894192764,1.0,0.4965920258506806,1.0,2.0,1.0,2.0,1.0,0,0.0,2
shortcut_suspects_only,unique_record_name_count,TP_vs_FN,TP,FN,0.0,1.262526592147941,0.9999999989999999,13017,1.5578858415917647,2.0,0.4966570034119658,1.0,2.0,1.0,2.0,1.0,0,0.0,2,3428,1.0,1.0,0.0,1.0,1.0,1.0,1.0,0.0,0,0.0,1
shortcut_suspects_only,unique_record_name_count,TN_vs_FP,TN,FP,2.9501283521776255e-63,-0.5470636214127479,0.49999999975,64661,1.3128315367841512,1.0,0.47283201624695037,0.0,5.0,1.0,2.0,1.0,0,0.0005412845455529608,6,1119,1.5728328865058088,2.0,0.5995034616178209,0.0,3.0,1.0,2.0,1.0,0,0.013404825737265416,4
shortcut_suspects_only,unique_record_name_count,TP_vs_TN,TP,TN,0.0,0.5138405003774347,0.49999999975,13017,1.5578858415917647,2.0,0.4966570034119658,1.0,2.0,1.0,2.0,1.0,0,0.0,2,64661,1.3128315367841512,1.0,0.47283201624695037,0.0,5.0,1.0,2.0,1.0,0,0.0005412845455529608,6
shortcut_suspects_only,unique_record_name_count,FN_vs_TP,FN,TP,0.0,-1.262526592147941,0.9999999989999999,3428,1.0,1.0,0.0,1.0,1.0,1.0,1.0,0.0,0,0.0,1,13017,1.5578858415917647,2.0,0.4966570034119658,1.0,2.0,1.0,2.0,1.0,0,0.0,2
shortcut_suspects_only,additional_out_of_bailiwick_count,actual_normal_vs_actual_attack,actual_normal,actual_attack,0.0,0.4486335774135458,0.0,65780,0.2773791425965339,0.0,0.691249853853276,0.0,2.0,0.0,0.0,0.0,0,0.861310428701733,2,16445,0.0,0.0,0.0,0.0,0.0,0.0,0.0,0.0,0,1.0,1
shortcut_suspects_only,additional_out_of_bailiwick_count,TP_vs_FN,TP,FN,1.0,,0.0,13017,0.0,0.0,0.0,0.0,0.0,0.0,0.0,0.0,0,1.0,1,3428,0.0,0.0,0.0,0.0,0.0,0.0,0.0,0.0,0,1.0,1
shortcut_suspects_only,additional_out_of_bailiwick_count,TN_vs_FP,TN,FP,9.23114282072886e-42,0.40878301565961783,0.0,64661,0.2821793662331235,0.0,0.6962334625618192,0.0,2.0,0.0,0.0,0.0,0,0.8589103168834382,2,1119,0.0,0.0,0.0,0.0,0.0,0.0,0.0,0.0,0,1.0,1
shortcut_suspects_only,additional_out_of_bailiwick_count,TP_vs_TN,TP,TN,0.0,-0.44421778010964985,0.0,13017,0.0,0.0,0.0,0.0,0.0,0.0,0.0,0.0,0,1.0,1,64661,0.2821793662331235,0.0,0.6962334625618192,0.0,2.0,0.0,0.0,0.0,0,0.8589103168834382,2
shortcut_suspects_only,additional_out_of_bailiwick_count,FN_vs_TP,FN,TP,1.0,,0.0,3428,0.0,0.0,0.0,0.0,0.0,0.0,0.0,0.0,0,1.0,1,13017,0.0,0.0,0.0,0.0,0.0,0.0,0.0,0.0,0,1.0,1
shortcut_suspects_only,record_total,actual_normal_vs_actual_attack,actual_normal,actual_attack,0.0,0.7752738731266764,0.0,65780,2.4836120401337793,2.0,0.899326988730359,0.0,12.0,2.0,3.0,1.0,0,0.0007297050775311645,13,16445,1.8215871085436304,2.0,0.6409055683066263,1.0,3.0,1.0,2.0,1.0,0,0.0,3
shortcut_suspects_only,record_total,TP_vs_FN,TP,FN,3.357009504733565e-115,-0.35531991554059617,0.0,13017,1.774602442959207,2.0,0.7129866741489681,1.0,3.0,1.0,2.0,1.0,0,0.0,3,3428,2.0,2.0,0.0,2.0,2.0,2.0,2.0,0.0,0,0.0,1
shortcut_suspects_only,record_total,TN_vs_FP,TN,FP,1.8873006373233e-299,1.0322515984070575,0.0,64661,2.499265399545321,2.0,0.8955608906109119,0.0,12.0,2.0,3.0,1.0,0,0.0005103540000927916,13,1119,1.579088471849866,2.0,0.6061334318829737,0.0,3.0,1.0,2.0,1.0,0,0.013404825737265416,4
shortcut_suspects_only,record_total,TP_vs_TN,TP,TN,0.0,-0.8352010577025775,0.0,13017,1.774602442959207,2.0,0.7129866741489681,1.0,3.0,1.0,2.0,1.0,0,0.0,3,64661,2.499265399545321,2.0,0.8955608906109119,0.0,12.0,2.0,3.0,1.0,0,0.0005103540000927916,13
shortcut_suspects_only,record_total,FN_vs_TP,FN,TP,3.357009504733565e-115,0.35531991554059617,0.0,3428,2.0,2.0,0.0,2.0,2.0,2.0,2.0,0.0,0,0.0,1,13017,1.774602442959207,2.0,0.7129866741489681,1.0,3.0,1.0,2.0,1.0,0,0.0,3
shortcut_suspects_only,answer_A_count,actual_normal_vs_actual_attack,actual_normal,actual_attack,0.0,-0.27153142725447765,0.0,65780,0.6925661295226513,1.0,0.7350238328959653,0.0,11.0,0.0,1.0,1.0,0,0.38393128610519917,12,16445,0.8755244755244755,1.0,0.33013329990559215,0.0,1.0,1.0,1.0,0.0,0,0.12447552447552447,2
shortcut_suspects_only,answer_A_count,TP_vs_FN,TP,FN,6.516288637762056e-136,-0.4855016201505023,0.0,13017,0.8427441038641776,1.0,0.36405584884662756,0.0,1.0,1.0,1.0,0.0,0,0.1572558961358224,2,3428,1.0,1.0,0.0,1.0,1.0,1.0,1.0,0.0,0,0.0,1
shortcut_suspects_only,answer_A_count,TN_vs_FP,TN,FP,6.783328957219372e-159,0.644124616320625,0.9999999989999999,64661,0.7005923199455623,1.0,0.7365818695247809,0.0,11.0,0.0,1.0,1.0,0,0.37712067552311285,12,1119,0.2287756925826631,0.0,0.43487647856486644,0.0,2.0,0.0,0.0,0.0,0,0.7774798927613941,3
shortcut_suspects_only,answer_A_count,TP_vs_TN,TP,TN,0.0,0.20650620205328848,0.0,13017,0.8427441038641776,1.0,0.36405584884662756,0.0,1.0,1.0,1.0,0.0,0,0.1572558961358224,2,64661,0.7005923199455623,1.0,0.7365818695247809,0.0,11.0,0.0,1.0,1.0,0,0.37712067552311285,12
shortcut_suspects_only,answer_A_count,FN_vs_TP,FN,TP,6.516288637762056e-136,0.4855016201505023,0.0,3428,1.0,1.0,0.0,1.0,1.0,1.0,1.0,0.0,0,0.0,1,13017,0.8427441038641776,1.0,0.36405584884662756,0.0,1.0,1.0,1.0,0.0,0,0.1572558961358224,2
shortcut_suspects_only,dns_count_add_rr,actual_normal_vs_actual_attack,actual_normal,actual_attack,0.0,1.042016955993276,0.9999999989999999,65780,1.1989358467619338,1.0,0.7737260064962977,0.0,3.0,1.0,1.0,0.0,0,0.08011553663727576,3,16445,0.4415931894192764,0.0,0.4965920258506806,0.0,1.0,0.0,1.0,1.0,0,0.5584068105807236,2
shortcut_suspects_only,dns_count_add_rr,TP_vs_FN,TP,FN,0.0,1.2625265921479405,0.9999999989999999,13017,0.5578858415917646,1.0,0.49665700341196584,0.0,1.0,0.0,1.0,1.0,0,0.44211415840823537,2,3428,0.0,0.0,0.0,0.0,0.0,0.0,0.0,0.0,0,1.0,1
shortcut_suspects_only,dns_count_add_rr,TN_vs_FP,TN,FP,0.0,1.610174906504983,999999999.9999999,64661,1.2196841991308516,1.0,0.7640060990487192,0.0,3.0,1.0,1.0,0.0,0,0.06419634710258115,3,1119,0.0,0.0,0.0,0.0,0.0,0.0,0.0,0.0,0,1.0,1
shortcut_suspects_only,dns_count_add_rr,TP_vs_TN,TP,TN,0.0,-0.9114359409236491,0.0,13017,0.5578858415917646,1.0,0.49665700341196584,0.0,1.0,0.0,1.0,1.0,0,0.44211415840823537,2,64661,1.2196841991308516,1.0,0.7640060990487192,0.0,3.0,1.0,1.0,0.0,0,0.06419634710258115,3
shortcut_suspects_only,dns_count_add_rr,FN_vs_TP,FN,TP,0.0,-1.2625265921479405,0.9999999989999999,3428,0.0,0.0,0.0,0.0,0.0,0.0,0.0,0.0,0,1.0,1,13017,0.5578858415917646,1.0,0.49665700341196584,0.0,1.0,0.0,1.0,1.0,0,0.44211415840823537,2
shortcut_suspects_only,dns_count_answers,actual_normal_vs_actual_attack,actual_normal,actual_attack,0.0,0.44814110325768225,0.0,65780,1.2766950440863485,1.0,0.6903027878367249,0.0,12.0,1.0,1.0,0.0,0,0.005518394648829431,13,16445,1.0,1.0,0.0,1.0,1.0,1.0,1.0,0.0,0,0.0,1
shortcut_suspects_only,dns_count_answers,TP_vs_FN,TP,FN,1.0,,0.0,13017,1.0,1.0,0.0,1.0,1.0,1.0,1.0,0.0,0,0.0,1,3428,1.0,1.0,0.0,1.0,1.0,1.0,1.0,0.0,0,0.0,1
shortcut_suspects_only,dns_count_answers,TN_vs_FP,TN,FP,1.0987181598892208e-90,-0.37099509846757933,0.0,64661,1.2723434527767896,1.0,0.6907326068213444,0.0,12.0,1.0,1.0,0.0,0,0.005335519091879185,13,1119,1.5281501340482573,1.0,0.615005614513604,0.0,3.0,1.0,2.0,1.0,0,0.0160857908847185,4
shortcut_suspects_only,dns_count_answers,TP_vs_TN,TP,TN,0.0,-0.4321480500399971,0.0,13017,1.0,1.0,0.0,1.0,1.0,1.0,1.0,0.0,0,0.0,1,64661,1.2723434527767896,1.0,0.6907326068213444,0.0,12.0,1.0,1.0,0.0,0,0.005335519091879185,13
shortcut_suspects_only,dns_count_answers,FN_vs_TP,FN,TP,1.0,,0.0,3428,1.0,1.0,0.0,1.0,1.0,1.0,1.0,0.0,0,0.0,1,13017,1.0,1.0,0.0,1.0,1.0,1.0,1.0,0.0,0,0.0,1
shortcut_suspects_only,additional_AAAA_count,actual_normal_vs_actual_attack,actual_normal,actual_attack,0.0,0.45020245905169104,0.0,65780,0.13952569169960474,0.0,0.3464968949812828,0.0,1.0,0.0,0.0,0.0,0,0.8604743083003953,2,16445,0.0,0.0,0.0,0.0,0.0,0.0,0.0,0.0,0,1.0,1
shortcut_suspects_only,additional_AAAA_count,TP_vs_FN,TP,FN,1.0,,0.0,13017,0.0,0.0,0.0,0.0,0.0,0.0,0.0,0.0,0,1.0,1,3428,0.0,0.0,0.0,0.0,0.0,0.0,0.0,0.0,0,1.0,1
shortcut_suspects_only,additional_AAAA_count,TN_vs_FP,TN,FP,4.840456282623627e-42,0.41021655464550877,0.0,64661,0.14194027311671642,0.0,0.34899156949552235,0.0,1.0,0.0,0.0,0.0,0,0.8580597268832836,2,1119,0.0,0.0,0.0,0.0,0.0,0.0,0.0,0.0,0,1.0,1
shortcut_suspects_only,additional_AAAA_count,TP_vs_TN,TP,TN,0.0,-0.44577558334906664,0.0,13017,0.0,0.0,0.0,0.0,0.0,0.0,0.0,0.0,0,1.0,1,64661,0.14194027311671642,0.0,0.34899156949552235,0.0,1.0,0.0,0.0,0.0,0,0.8580597268832836,2
shortcut_suspects_only,additional_AAAA_count,FN_vs_TP,FN,TP,1.0,,0.0,3428,0.0,0.0,0.0,0.0,0.0,0.0,0.0,0.0,0,1.0,1,13017,0.0,0.0,0.0,0.0,0.0,0.0,0.0,0.0,0,1.0,1
shortcut_suspects_only,answer_record_count,actual_normal_vs_actual_attack,actual_normal,actual_attack,0.0,0.44814110325768225,0.0,65780,1.2766950440863485,1.0,0.6903027878367249,0.0,12.0,1.0,1.0,0.0,0,0.005518394648829431,13,16445,1.0,1.0,0.0,1.0,1.0,1.0,1.0,0.0,0,0.0,1
shortcut_suspects_only,answer_record_count,TP_vs_FN,TP,FN,1.0,,0.0,13017,1.0,1.0,0.0,1.0,1.0,1.0,1.0,0.0,0,0.0,1,3428,1.0,1.0,0.0,1.0,1.0,1.0,1.0,0.0,0,0.0,1
shortcut_suspects_only,answer_record_count,TN_vs_FP,TN,FP,1.0987181598892208e-90,-0.37099509846757933,0.0,64661,1.2723434527767896,1.0,0.6907326068213444,0.0,12.0,1.0,1.0,0.0,0,0.005335519091879185,13,1119,1.5281501340482573,1.0,0.615005614513604,0.0,3.0,1.0,2.0,1.0,0,0.0160857908847185,4
shortcut_suspects_only,answer_record_count,TP_vs_TN,TP,TN,0.0,-0.4321480500399971,0.0,13017,1.0,1.0,0.0,1.0,1.0,1.0,1.0,0.0,0,0.0,1,64661,1.2723434527767896,1.0,0.6907326068213444,0.0,12.0,1.0,1.0,0.0,0,0.005335519091879185,13
shortcut_suspects_only,answer_record_count,FN_vs_TP,FN,TP,1.0,,0.0,3428,1.0,1.0,0.0,1.0,1.0,1.0,1.0,0.0,0,0.0,1,13017,1.0,1.0,0.0,1.0,1.0,1.0,1.0,0.0,0,0.0,1
shortcut_suspects_only,frame_len,actual_normal_vs_actual_attack,actual_normal,actual_attack,0.0,1.4673027466082607,0.3302752293547681,65780,175.27546366676802,172.0,30.619567644177156,70.0,419.0,148.0,192.0,44.0,0,0.0,163,16445,131.71395560960778,136.0,25.625965873055407,100.0,171.0,100.0,165.0,65.0,0,0.0,5
shortcut_suspects_only,frame_len,TP_vs_FN,TP,FN,6.770071185741619e-173,-0.21207618511700776,0.10769230769065088,13017,130.58523469309364,129.0,28.697197954050374,100.0,171.0,100.0,165.0,65.0,0,0.0,5,3428,136.0,136.0,0.0,136.0,136.0,136.0,136.0,0.0,0,0.0,1
shortcut_suspects_only,frame_len,TN_vs_FP,TN,FP,0.0,1.4500241504688938,0.6101694915150819,64661,176.01781599418507,172.0,30.295473849847657,71.0,419.0,148.0,195.0,47.0,0,0.0,153,1119,132.37890974084004,136.0,14.372234657242064,70.0,158.0,130.0,142.0,12.0,0,0.0,34
shortcut_suspects_only,frame_len,TP_vs_TN,TP,TN,0.0,-1.5127257868569237,0.38392857142514347,13017,130.58523469309364,129.0,28.697197954050374,100.0,171.0,100.0,165.0,65.0,0,0.0,5,64661,176.01781599418507,172.0,30.295473849847657,71.0,419.0,148.0,195.0,47.0,0,0.0,153
shortcut_suspects_only,frame_len,FN_vs_TP,FN,TP,6.770071185741619e-173,0.21207618511700776,0.10769230769065088,3428,136.0,136.0,0.0,136.0,136.0,136.0,136.0,0.0,0,0.0,1,13017,130.58523469309364,129.0,28.697197954050374,100.0,171.0,100.0,165.0,65.0,0,0.0,5
shortcut_suspects_only,ip_len,actual_normal_vs_actual_attack,actual_normal,actual_attack,0.0,1.4799910173242343,0.3302752293547681,65780,155.47449072666464,152.0,30.47402655778828,56.0,405.0,128.0,172.0,44.0,0,0.0,156,16445,111.71395560960778,116.0,25.625965873055407,80.0,151.0,80.0,145.0,65.0,0,0.0,5
shortcut_suspects_only,ip_len,TP_vs_FN,TP,FN,6.770071185741619e-173,-0.2120761851170072,0.10769230769065088,13017,110.58523469309365,109.0,28.697197954050374,80.0,151.0,80.0,145.0,65.0,0,0.0,5,3428,116.0,116.0,0.0,116.0,116.0,116.0,116.0,0.0,0,0.0,1
shortcut_suspects_only,ip_len,TN_vs_FP,TN,FP,0.0,1.343926802629246,0.5555555555452675,64661,156.1609006974838,152.0,30.235270879425457,57.0,405.0,128.0,176.0,48.0,0,0.0,146,1119,115.81054512957998,122.0,12.880899158031776,56.0,144.0,116.0,122.0,6.0,0,0.0,33
shortcut_suspects_only,ip_len,TP_vs_TN,TP,TN,0.0,-1.5200480654843556,0.3805309734479599,13017,110.58523469309365,109.0,28.697197954050374,80.0,151.0,80.0,145.0,65.0,0,0.0,5,64661,156.1609006974838,152.0,30.235270879425457,57.0,405.0,128.0,176.0,48.0,0,0.0,146
shortcut_suspects_only,ip_len,FN_vs_TP,FN,TP,6.770071185741619e-173,0.2120761851170072,0.10769230769065088,3428,116.0,116.0,0.0,116.0,116.0,116.0,116.0,0.0,0,0.0,1,13017,110.58523469309365,109.0,28.697197954050374,80.0,151.0,80.0,145.0,65.0,0,0.0,5
shortcut_suspects_only,frame_cap_len,actual_normal_vs_actual_attack,actual_normal,actual_attack,0.0,1.4673027466082607,0.3302752293547681,65780,175.27546366676802,172.0,30.619567644177156,70.0,419.0,148.0,192.0,44.0,0,0.0,163,16445,131.71395560960778,136.0,25.625965873055407,100.0,171.0,100.0,165.0,65.0,0,0.0,5
shortcut_suspects_only,frame_cap_len,TP_vs_FN,TP,FN,6.770071185741619e-173,-0.21207618511700776,0.10769230769065088,13017,130.58523469309364,129.0,28.697197954050374,100.0,171.0,100.0,165.0,65.0,0,0.0,5,3428,136.0,136.0,0.0,136.0,136.0,136.0,136.0,0.0,0,0.0,1
shortcut_suspects_only,frame_cap_len,TN_vs_FP,TN,FP,0.0,1.4500241504688938,0.6101694915150819,64661,176.01781599418507,172.0,30.295473849847657,71.0,419.0,148.0,195.0,47.0,0,0.0,153,1119,132.37890974084004,136.0,14.372234657242064,70.0,158.0,130.0,142.0,12.0,0,0.0,34
shortcut_suspects_only,frame_cap_len,TP_vs_TN,TP,TN,0.0,-1.5127257868569237,0.38392857142514347,13017,130.58523469309364,129.0,28.697197954050374,100.0,171.0,100.0,165.0,65.0,0,0.0,5,64661,176.01781599418507,172.0,30.295473849847657,71.0,419.0,148.0,195.0,47.0,0,0.0,153
shortcut_suspects_only,frame_cap_len,FN_vs_TP,FN,TP,6.770071185741619e-173,0.21207618511700776,0.10769230769065088,3428,136.0,136.0,0.0,136.0,136.0,136.0,136.0,0.0,0,0.0,1,13017,130.58523469309364,129.0,28.697197954050374,100.0,171.0,100.0,165.0,65.0,0,0.0,5
shortcut_suspects_only,udp_length,actual_normal_vs_actual_attack,actual_normal,actual_attack,0.0,1.4799910173242343,0.3302752293547681,65780,135.47449072666464,132.0,30.47402655778828,36.0,385.0,108.0,152.0,44.0,0,0.0,156,16445,91.71395560960778,96.0,25.625965873055407,60.0,131.0,60.0,125.0,65.0,0,0.0,5
shortcut_suspects_only,udp_length,TP_vs_FN,TP,FN,6.770071185741619e-173,-0.2120761851170072,0.10769230769065088,13017,90.58523469309365,89.0,28.697197954050374,60.0,131.0,60.0,125.0,65.0,0,0.0,5,3428,96.0,96.0,0.0,96.0,96.0,96.0,96.0,0.0,0,0.0,1
shortcut_suspects_only,udp_length,TN_vs_FP,TN,FP,0.0,1.343926802629246,0.5555555555452675,64661,136.1609006974838,132.0,30.235270879425457,37.0,385.0,108.0,156.0,48.0,0,0.0,146,1119,95.81054512957998,102.0,12.880899158031776,36.0,124.0,96.0,102.0,6.0,0,0.0,33
shortcut_suspects_only,udp_length,TP_vs_TN,TP,TN,0.0,-1.5200480654843556,0.3805309734479599,13017,90.58523469309365,89.0,28.697197954050374,60.0,131.0,60.0,125.0,65.0,0,0.0,5,64661,136.1609006974838,132.0,30.235270879425457,37.0,385.0,108.0,156.0,48.0,0,0.0,146
shortcut_suspects_only,udp_length,FN_vs_TP,FN,TP,6.770071185741619e-173,0.2120761851170072,0.10769230769065088,3428,96.0,96.0,0.0,96.0,96.0,96.0,96.0,0.0,0,0.0,1,13017,90.58523469309365,89.0,28.697197954050374,60.0,131.0,60.0,125.0,65.0,0,0.0,5
shortcut_suspects_only,src_port,actual_normal_vs_actual_attack,actual_normal,actual_attack,0.0,3.788418890633103,30000000000000.0,65780,27649.53390088173,30053.0,8144.221388195218,53.0,30053.0,30053.0,30053.0,0.0,0,0.0,2,16445,53.0,53.0,0.0,53.0,53.0,53.0,53.0,0.0,0,0.0,1
shortcut_suspects_only,src_port,TP_vs_FN,TP,FN,1.0,,0.0,13017,53.0,53.0,0.0,53.0,53.0,53.0,53.0,0.0,0,0.0,1,3428,53.0,53.0,0.0,53.0,53.0,53.0,53.0,0.0,0,0.0,1
shortcut_suspects_only,src_port,TN_vs_FP,TN,FP,0.0,3.85084761919256,30000000000000.0,64661,28127.109586922565,30053.0,7353.128224990775,53.0,30053.0,30053.0,30053.0,0.0,0,0.0,2,1119,53.0,53.0,0.0,53.0,53.0,53.0,53.0,0.0,0,0.0,1
shortcut_suspects_only,src_port,TP_vs_TN,TP,TN,0.0,-4.184652775208817,30000000000000.0,13017,53.0,53.0,0.0,53.0,53.0,53.0,53.0,0.0,0,0.0,1,64661,28127.109586922565,30053.0,7353.128224990775,53.0,30053.0,30053.0,30053.0,0.0,0,0.0,2
shortcut_suspects_only,src_port,FN_vs_TP,FN,TP,1.0,,0.0,3428,53.0,53.0,0.0,53.0,53.0,53.0,53.0,0.0,0,0.0,1,13017,53.0,53.0,0.0,53.0,53.0,53.0,53.0,0.0,0,0.0,1
shortcut_suspects_only,query_name_len,actual_normal_vs_actual_attack,actual_normal,actual_attack,0.0,2.4075125267870354,1.3529411763910035,65780,34.51568865916692,32.0,11.849274611830971,4.0,58.0,26.0,43.0,17.0,0,0.0,52,16445,9.0,9.0,0.0,9.0,9.0,9.0,9.0,0.0,0,0.0,1
shortcut_suspects_only,query_name_len,TP_vs_FN,TP,FN,1.0,,0.0,13017,9.0,9.0,0.0,9.0,9.0,9.0,9.0,0.0,0,0.0,1,3428,9.0,9.0,0.0,9.0,9.0,9.0,9.0,0.0,0,0.0,1
shortcut_suspects_only,query_name_len,TN_vs_FP,TN,FP,0.0,1.927171482908387,0.8695652173534971,64661,34.892624611435025,33.0,11.585371796539189,8.0,58.0,26.0,43.0,17.0,0,0.0,51,1119,12.734584450402144,13.0,3.892813844240672,4.0,23.0,9.0,15.0,6.0,0,0.0,16
shortcut_suspects_only,query_name_len,TP_vs_TN,TP,TN,0.0,-2.449580272045503,1.411764705799308,13017,9.0,9.0,0.0,9.0,9.0,9.0,9.0,0.0,0,0.0,1,64661,34.892624611435025,33.0,11.585371796539189,8.0,58.0,26.0,43.0,17.0,0,0.0,51
shortcut_suspects_only,query_name_len,FN_vs_TP,FN,TP,1.0,,0.0,3428,9.0,9.0,0.0,9.0,9.0,9.0,9.0,0.0,0,0.0,1,13017,9.0,9.0,0.0,9.0,9.0,9.0,9.0,0.0,0,0.0,1
shortcut_suspects_only,query_entropy,actual_normal_vs_actual_attack,actual_normal,actual_attack,0.0,3.386147521940197,3.008776896813879,65780,3.9587093548179006,3.9912157102019847,0.33381137468540556,2.0,4.649878362697041,3.8441065448145384,4.190929511009918,0.3468229661953792,0,0.0,3457,16445,2.9477027792200894,2.94770277922009,4.441027127221897e-16,2.94770277922009,2.94770277922009,2.94770277922009,2.94770277922009,0.0,0,0.0,1
shortcut_suspects_only,query_entropy,TP_vs_FN,TP,FN,1.0,,0.0,13017,2.94770277922009,2.94770277922009,0.0,2.94770277922009,2.94770277922009,2.94770277922009,2.94770277922009,0.0,0,0.0,1,3428,2.94770277922009,2.94770277922009,0.0,2.94770277922009,2.94770277922009,2.94770277922009,2.94770277922009,0.0,0,0.0,1
shortcut_suspects_only,query_entropy,TN_vs_FP,TN,FP,0.0,2.7532747990350757,1.5748149047197513,64661,3.9734383684160144,3.993269689515108,0.31589152454743175,2.555913095175825,4.649878362697041,3.852727783453858,4.193251963803171,0.34052418034931264,0,0.0,3450,1119,3.1075987665537164,3.0269868333592873,0.21748271465669938,2.0,3.9148663038831,2.94770277922009,3.2207636314260553,0.27306085220596543,0,0.0,38
shortcut_suspects_only,query_entropy,TP_vs_TN,TP,TN,0.0,-3.558959343198522,3.07046303188221,13017,2.94770277922009,2.94770277922009,0.0,2.94770277922009,2.94770277922009,2.94770277922009,2.94770277922009,0.0,0,0.0,1,64661,3.9734383684160144,3.993269689515108,0.31589152454743175,2.555913095175825,4.649878362697041,3.852727783453858,4.193251963803171,0.34052418034931264,0,0.0,3450
shortcut_suspects_only,query_entropy,FN_vs_TP,FN,TP,1.0,,0.0,3428,2.94770277922009,2.94770277922009,0.0,2.94770277922009,2.94770277922009,2.94770277922009,2.94770277922009,0.0,0,0.0,1,13017,2.94770277922009,2.94770277922009,0.0,2.94770277922009,2.94770277922009,2.94770277922009,2.94770277922009,0.0,0,0.0,1
shortcut_suspects_only,query_label_count,actual_normal_vs_actual_attack,actual_normal,actual_attack,0.0,3.446429787438099,2.9999999969999998,65780,4.433034356947401,5.0,0.7892813341487687,1.0,5.0,4.0,5.0,1.0,0,0.0,5,16445,2.0,2.0,0.0,2.0,2.0,2.0,2.0,0.0,0,0.0,1
shortcut_suspects_only,query_label_count,TP_vs_FN,TP,FN,1.0,,0.0,13017,2.0,2.0,0.0,2.0,2.0,2.0,2.0,0.0,0,0.0,1,3428,2.0,2.0,0.0,2.0,2.0,2.0,2.0,0.0,0,0.0,1
shortcut_suspects_only,query_label_count,TN_vs_FP,TN,FP,0.0,2.555444964520522,0.9999999995,64661,4.465612966084657,5.0,0.7530409577446446,1.0,5.0,4.0,5.0,1.0,0,0.0,5,1119,2.550491510277033,3.0,0.4976664954266635,2.0,3.0,2.0,3.0,1.0,0,0.0,2
shortcut_suspects_only,query_label_count,TP_vs_TN,TP,TN,0.0,-3.588656443745032,2.9999999969999998,13017,2.0,2.0,0.0,2.0,2.0,2.0,2.0,0.0,0,0.0,1,64661,4.465612966084657,5.0,0.7530409577446446,1.0,5.0,4.0,5.0,1.0,0,0.0,5
shortcut_suspects_only,query_label_count,FN_vs_TP,FN,TP,1.0,,0.0,3428,2.0,2.0,0.0,2.0,2.0,2.0,2.0,0.0,0,0.0,1,13017,2.0,2.0,0.0,2.0,2.0,2.0,2.0,0.0,0,0.0,1
shortcut_suspects_only,ttl_mean,actual_normal_vs_actual_attack,actual_normal,actual_attack,0.0,-0.4591980968297483,0.1295616497516711,65780,12693.007540513943,300.0,23339.144111404425,-1.0,86400.0,200.0,10856.5,10656.5,0,0.0,2183,16445,24216.19519610824,7200.0,31140.579388524053,30.0,86400.0,600.0,43200.0,42600.0,0,0.0,11
shortcut_suspects_only,ttl_mean,TP_vs_FN,TP,FN,2.025946207801239e-74,0.49941107817834063,0.056338028169013205,13017,27393.410924176078,7200.0,33280.58669502125,30.0,86400.0,600.0,43200.0,42600.0,0,0.0,11,3428,12151.487747957994,3600.0,16200.816190325306,30.0,43200.0,300.0,21600.0,21300.0,0,0.0,10
shortcut_suspects_only,ttl_mean,TN_vs_FP,TN,FP,1.1666351678367512e-67,-1.1354299464462525,0.10880838396143099,64661,12246.988738936,300.0,22638.494335392475,-1.0,86400.0,200.0,10714.0,10514.0,0,0.0,1912,1119,38466.03857610962,10817.5,41617.02944775651,-1.0,86400.0,253.25,86400.0,86146.75,0,0.0,491
shortcut_suspects_only,ttl_mean,TP_vs_TN,TP,TN,0.0,0.6121476195687148,0.1299092517980169,13017,27393.410924176078,7200.0,33280.58669502125,30.0,86400.0,600.0,43200.0,42600.0,0,0.0,11,64661,12246.988738936,300.0,22638.494335392475,-1.0,86400.0,200.0,10714.0,10514.0,0,0.0,1912
shortcut_suspects_only,ttl_mean,FN_vs_TP,FN,TP,2.025946207801239e-74,-0.49941107817834063,0.056338028169013205,3428,12151.487747957994,3600.0,16200.816190325306,30.0,43200.0,300.0,21600.0,21300.0,0,0.0,10,13017,27393.410924176078,7200.0,33280.58669502125,30.0,86400.0,600.0,43200.0,42600.0,0,0.0,11
shortcut_suspects_only,ttl_min,actual_normal_vs_actual_attack,actual_normal,actual_attack,0.0,-0.5679386253546397,0.1516112220967569,65780,10222.366038309516,218.0,22725.818913024585,-1.0,86400.0,148.0,3600.0,3452.0,0,0.0,483,16445,24216.19519610824,7200.0,31140.579388524053,30.0,86400.0,600.0,43200.0,42600.0,0,0.0,11
shortcut_suspects_only,ttl_min,TP_vs_FN,TP,FN,2.025946207801239e-74,0.49941107817834063,0.056338028169013205,13017,27393.410924176078,7200.0,33280.58669502125,30.0,86400.0,600.0,43200.0,42600.0,0,0.0,11,3428,12151.487747957994,3600.0,16200.816190325306,30.0,43200.0,300.0,21600.0,21300.0,0,0.0,10
shortcut_suspects_only,ttl_min,TN_vs_FP,TN,FP,1.4833584045409077e-33,-1.2232161267150363,0.0035779969904697812,64661,9755.28108133187,218.0,21936.741107754533,-1.0,86400.0,148.0,3600.0,3452.0,0,0.0,399,1119,37212.69705093834,539.0,42584.34751139961,-1.0,86400.0,137.0,86400.0,86263.0,0,0.0,310
shortcut_suspects_only,ttl_min,TP_vs_TN,TP,TN,0.0,0.7285117856136318,0.1516112220967569,13017,27393.410924176078,7200.0,33280.58669502125,30.0,86400.0,600.0,43200.0,42600.0,0,0.0,11,64661,9755.28108133187,218.0,21936.741107754533,-1.0,86400.0,148.0,3600.0,3452.0,0,0.0,399
shortcut_suspects_only,ttl_min,FN_vs_TP,FN,TP,2.025946207801239e-74,-0.49941107817834063,0.056338028169013205,3428,12151.487747957994,3600.0,16200.816190325306,30.0,43200.0,300.0,21600.0,21300.0,0,0.0,10,13017,27393.410924176078,7200.0,33280.58669502125,30.0,86400.0,600.0,43200.0,42600.0,0,0.0,11
shortcut_suspects_only,ttl_max,actual_normal_vs_actual_attack,actual_normal,actual_attack,0.0,-0.2869366216154314,0.10781249999999833,65780,16012.348327759197,300.0,27917.46512212287,-1.0,86400.0,200.0,21600.0,21400.0,0,0.0,876,16445,24216.19519610824,7200.0,31140.579388524053,30.0,86400.0,600.0,43200.0,42600.0,0,0.0,11
shortcut_suspects_only,ttl_max,TP_vs_FN,TP,FN,2.025946207801239e-74,0.49941107817834063,0.056338028169013205,13017,27393.410924176078,7200.0,33280.58669502125,30.0,86400.0,600.0,43200.0,42600.0,0,0.0,11,3428,12151.487747957994,3600.0,16200.816190325306,30.0,43200.0,300.0,21600.0,21300.0,0,0.0,10
shortcut_suspects_only,ttl_max,TN_vs_FP,TN,FP,6.9922943096475954e-68,-0.8693566196577681,0.19639817304024895,64661,15602.062742611466,300.0,27460.24536553848,-1.0,86400.0,200.0,21600.0,21400.0,0,0.0,723,1119,39720.54870420018,21413.0,40891.86890781331,-1.0,86400.0,299.0,86400.0,86101.0,0,0.0,413
shortcut_suspects_only,ttl_max,TP_vs_TN,TP,TN,0.0,0.413462900096249,0.10781249999999833,13017,27393.410924176078,7200.0,33280.58669502125,30.0,86400.0,600.0,43200.0,42600.0,0,0.0,11,64661,15602.062742611466,300.0,27460.24536553848,-1.0,86400.0,200.0,21600.0,21400.0,0,0.0,723
shortcut_suspects_only,ttl_max,FN_vs_TP,FN,TP,2.025946207801239e-74,-0.49941107817834063,0.056338028169013205,3428,12151.487747957994,3600.0,16200.816190325306,30.0,43200.0,300.0,21600.0,21300.0,0,0.0,10,13017,27393.410924176078,7200.0,33280.58669502125,30.0,86400.0,600.0,43200.0,42600.0,0,0.0,11
shortcut_suspects_only,ttl_std,actual_normal_vs_actual_attack,actual_normal,actual_attack,0.0,0.33787357706000826,0.0,65780,2742.7568231968485,0.0,9075.82472833607,-1.0,43185.0,0.0,32.5,32.5,0,0.691045910611128,1656,16445,0.0,0.0,0.0,0.0,0.0,0.0,0.0,0.0,0,1.0,1
shortcut_suspects_only,ttl_std,TP_vs_FN,TP,FN,1.0,,0.0,13017,0.0,0.0,0.0,0.0,0.0,0.0,0.0,0.0,0,1.0,1,3428,0.0,0.0,0.0,0.0,0.0,0.0,0.0,0.0,0,1.0,1
shortcut_suspects_only,ttl_std,TN_vs_FP,TN,FP,1.1316728395996436e-06,0.16695540340816012,0.0,64661,2768.527445428866,0.0,9141.630544956566,-1.0,43185.0,0.0,32.5,32.5,0,0.6927823572168695,1500,1119,1253.610974989129,0.0,3294.295075158889,-1.0,10776.0,0.0,79.25,79.25,0,0.5907059874888293,234
shortcut_suspects_only,ttl_std,TP_vs_TN,TP,TN,0.0,-0.3319332392327297,0.0,13017,0.0,0.0,0.0,0.0,0.0,0.0,0.0,0.0,0,1.0,1,64661,2768.527445428866,0.0,9141.630544956566,-1.0,43185.0,0.0,32.5,32.5,0,0.6927823572168695,1500
shortcut_suspects_only,ttl_std,FN_vs_TP,FN,TP,1.0,,0.0,3428,0.0,0.0,0.0,0.0,0.0,0.0,0.0,0.0,0,1.0,1,13017,0.0,0.0,0.0,0.0,0.0,0.0,0.0,0.0,0,1.0,1
ablate_top__has_additional_A,additional_A_count,actual_normal_vs_actual_attack,actual_normal,actual_attack,0.0,-0.7922637126073326,0.0,65780,0.13952569169960474,0.0,0.3464968949812828,0.0,1.0,0.0,0.0,0.0,0,0.8604743083003953,2,16445,0.4415931894192764,0.0,0.4965920258506806,0.0,1.0,0.0,1.0,1.0,0,0.5584068105807236,2
ablate_top__has_additional_A,additional_A_count,TP_vs_FN,TP,FN,0.0,,999999999.9999999,7262,1.0,1.0,0.0,1.0,1.0,1.0,1.0,0.0,0,0.0,1,9183,0.0,0.0,0.0,0.0,0.0,0.0,0.0,0.0,0,1.0,1
ablate_top__has_additional_A,additional_A_count,TN_vs_FP,TN,FP,,,,65780,0.13952569169960474,0.0,0.3464968949812828,0.0,1.0,0.0,0.0,0.0,0,0.8604743083003953,2,0,,,,,,,,,0,,0
ablate_top__has_additional_A,additional_A_count,TP_vs_TN,TP,TN,0.0,2.616828791949147,999999999.9999999,7262,1.0,1.0,0.0,1.0,1.0,1.0,1.0,0.0,0,0.0,1,65780,0.13952569169960474,0.0,0.3464968949812828,0.0,1.0,0.0,0.0,0.0,0,0.8604743083003953,2
ablate_top__has_additional_A,additional_A_count,FN_vs_TP,FN,TP,0.0,,999999999.9999999,9183,0.0,0.0,0.0,0.0,0.0,0.0,0.0,0.0,0,1.0,1,7262,1.0,1.0,0.0,1.0,1.0,1.0,1.0,0.0,0,0.0,1
ablate_top__has_additional_A,unique_record_name_count,actual_normal_vs_actual_attack,actual_normal,actual_attack,4.0799850477864585e-205,-0.25874420541160026,0.0,65780,1.317254484645789,1.0,0.4764512828802376,0.0,5.0,1.0,2.0,1.0,0,0.0007601094557616296,6,16445,1.4415931894192764,1.0,0.4965920258506806,1.0,2.0,1.0,2.0,1.0,0,0.0,2
ablate_top__has_additional_A,unique_record_name_count,TP_vs_FN,TP,FN,0.0,,999999999.9999999,7262,2.0,2.0,0.0,2.0,2.0,2.0,2.0,0.0,0,0.0,1,9183,1.0,1.0,0.0,1.0,1.0,1.0,1.0,0.0,0,0.0,1
ablate_top__has_additional_A,unique_record_name_count,TN_vs_FP,TN,FP,,,,65780,1.317254484645789,1.0,0.4764512828802376,0.0,5.0,1.0,2.0,1.0,0,0.0007601094557616296,6,0,,,,,,,,,0,,0
ablate_top__has_additional_A,unique_record_name_count,TP_vs_TN,TP,TN,0.0,1.5100005459337953,0.9999999989999999,7262,2.0,2.0,0.0,2.0,2.0,2.0,2.0,0.0,0,0.0,1,65780,1.317254484645789,1.0,0.4764512828802376,0.0,5.0,1.0,2.0,1.0,0,0.0007601094557616296,6
ablate_top__has_additional_A,unique_record_name_count,FN_vs_TP,FN,TP,0.0,,999999999.9999999,9183,1.0,1.0,0.0,1.0,1.0,1.0,1.0,0.0,0,0.0,1,7262,2.0,2.0,0.0,2.0,2.0,2.0,2.0,0.0,0,0.0,1
ablate_top__has_additional_A,additional_out_of_bailiwick_count,actual_normal_vs_actual_attack,actual_normal,actual_attack,0.0,0.4486335774135458,0.0,65780,0.2773791425965339,0.0,0.691249853853276,0.0,2.0,0.0,0.0,0.0,0,0.861310428701733,2,16445,0.0,0.0,0.0,0.0,0.0,0.0,0.0,0.0,0,1.0,1
ablate_top__has_additional_A,additional_out_of_bailiwick_count,TP_vs_FN,TP,FN,1.0,,0.0,7262,0.0,0.0,0.0,0.0,0.0,0.0,0.0,0.0,0,1.0,1,9183,0.0,0.0,0.0,0.0,0.0,0.0,0.0,0.0,0,1.0,1
ablate_top__has_additional_A,additional_out_of_bailiwick_count,TN_vs_FP,TN,FP,,,,65780,0.2773791425965339,0.0,0.691249853853276,0.0,2.0,0.0,0.0,0.0,0,0.861310428701733,2,0,,,,,,,,,0,,0
ablate_top__has_additional_A,additional_out_of_bailiwick_count,TP_vs_TN,TP,TN,2.8625568912422546e-252,-0.42283944850229566,0.0,7262,0.0,0.0,0.0,0.0,0.0,0.0,0.0,0.0,0,1.0,1,65780,0.2773791425965339,0.0,0.691249853853276,0.0,2.0,0.0,0.0,0.0,0,0.861310428701733,2
ablate_top__has_additional_A,additional_out_of_bailiwick_count,FN_vs_TP,FN,TP,1.0,,0.0,9183,0.0,0.0,0.0,0.0,0.0,0.0,0.0,0.0,0,1.0,1,7262,0.0,0.0,0.0,0.0,0.0,0.0,0.0,0.0,0,1.0,1
ablate_top__has_additional_A,record_total,actual_normal_vs_actual_attack,actual_normal,actual_attack,0.0,0.7752738731266764,0.0,65780,2.4836120401337793,2.0,0.899326988730359,0.0,12.0,2.0,3.0,1.0,0,0.0007297050775311645,13,16445,1.8215871085436304,2.0,0.6409055683066263,1.0,3.0,1.0,2.0,1.0,0,0.0,3
ablate_top__has_additional_A,record_total,TP_vs_FN,TP,FN,0.0,1.7813018074824176,0.49999999975,7262,2.299091159460204,2.0,0.4578913727603667,2.0,3.0,2.0,3.0,1.0,0,0.0,2,9183,1.4439725579875857,1.0,0.49687806457174255,1.0,2.0,1.0,2.0,1.0,0,0.0,2
ablate_top__has_additional_A,record_total,TN_vs_FP,TN,FP,,,,65780,2.4836120401337793,2.0,0.899326988730359,0.0,12.0,2.0,3.0,1.0,0,0.0007297050775311645,13,0,,,,,,,,,0,,0
ablate_top__has_additional_A,record_total,TP_vs_TN,TP,TN,8.452712808185224e-30,-0.21317591876238573,0.0,7262,2.299091159460204,2.0,0.4578913727603667,2.0,3.0,2.0,3.0,1.0,0,0.0,2,65780,2.4836120401337793,2.0,0.899326988730359,0.0,12.0,2.0,3.0,1.0,0,0.0007297050775311645,13
ablate_top__has_additional_A,record_total,FN_vs_TP,FN,TP,0.0,-1.7813018074824176,0.49999999975,9183,1.4439725579875857,1.0,0.49687806457174255,1.0,2.0,1.0,2.0,1.0,0,0.0,2,7262,2.299091159460204,2.0,0.4578913727603667,2.0,3.0,2.0,3.0,1.0,0,0.0,2
ablate_top__has_additional_A,answer_A_count,actual_normal_vs_actual_attack,actual_normal,actual_attack,0.0,-0.27153142725447765,0.0,65780,0.6925661295226513,1.0,0.7350238328959653,0.0,11.0,0.0,1.0,1.0,0,0.38393128610519917,12,16445,0.8755244755244755,1.0,0.33013329990559215,0.0,1.0,1.0,1.0,0.0,0,0.12447552447552447,2
ablate_top__has_additional_A,answer_A_count,TP_vs_FN,TP,FN,0.0,-0.942744855264052,0.0,7262,0.7181217295510879,1.0,0.4499453180124894,0.0,1.0,0.0,1.0,1.0,0,0.28187827044891217,2,9183,1.0,1.0,0.0,1.0,1.0,1.0,1.0,0.0,0,0.0,1
ablate_top__has_additional_A,answer_A_count,TN_vs_FP,TN,FP,,,,65780,0.6925661295226513,1.0,0.7350238328959653,0.0,11.0,0.0,1.0,1.0,0,0.38393128610519917,12,0,,,,,,,,,0,,0
ablate_top__has_additional_A,answer_A_count,TP_vs_TN,TP,TN,5.582539419706346e-32,0.03590211758971605,0.0,7262,0.7181217295510879,1.0,0.4499453180124894,0.0,1.0,0.0,1.0,1.0,0,0.28187827044891217,2,65780,0.6925661295226513,1.0,0.7350238328959653,0.0,11.0,0.0,1.0,1.0,0,0.38393128610519917,12
ablate_top__has_additional_A,answer_A_count,FN_vs_TP,FN,TP,0.0,0.942744855264052,0.0,9183,1.0,1.0,0.0,1.0,1.0,1.0,1.0,0.0,0,0.0,1,7262,0.7181217295510879,1.0,0.4499453180124894,0.0,1.0,0.0,1.0,1.0,0,0.28187827044891217,2
ablate_top__has_additional_A,dns_count_add_rr,actual_normal_vs_actual_attack,actual_normal,actual_attack,0.0,1.042016955993276,0.9999999989999999,65780,1.1989358467619338,1.0,0.7737260064962977,0.0,3.0,1.0,1.0,0.0,0,0.08011553663727576,3,16445,0.4415931894192764,0.0,0.4965920258506806,0.0,1.0,0.0,1.0,1.0,0,0.5584068105807236,2
ablate_top__has_additional_A,dns_count_add_rr,TP_vs_FN,TP,FN,0.0,,999999999.9999999,7262,1.0,1.0,0.0,1.0,1.0,1.0,1.0,0.0,0,0.0,1,9183,0.0,0.0,0.0,0.0,0.0,0.0,0.0,0.0,0,1.0,1
ablate_top__has_additional_A,dns_count_add_rr,TN_vs_FP,TN,FP,,,,65780,1.1989358467619338,1.0,0.7737260064962977,0.0,3.0,1.0,1.0,0.0,0,0.08011553663727576,3,0,,,,,,,,,0,,0
ablate_top__has_additional_A,dns_count_add_rr,TP_vs_TN,TP,TN,3.840093543516943e-33,-0.270933433650962,0.0,7262,1.0,1.0,0.0,1.0,1.0,1.0,1.0,0.0,0,0.0,1,65780,1.1989358467619338,1.0,0.7737260064962977,0.0,3.0,1.0,1.0,0.0,0,0.08011553663727576,3
ablate_top__has_additional_A,dns_count_add_rr,FN_vs_TP,FN,TP,0.0,,999999999.9999999,9183,0.0,0.0,0.0,0.0,0.0,0.0,0.0,0.0,0,1.0,1,7262,1.0,1.0,0.0,1.0,1.0,1.0,1.0,0.0,0,0.0,1
ablate_top__has_additional_A,dns_count_answers,actual_normal_vs_actual_attack,actual_normal,actual_attack,0.0,0.44814110325768225,0.0,65780,1.2766950440863485,1.0,0.6903027878367249,0.0,12.0,1.0,1.0,0.0,0,0.005518394648829431,13,16445,1.0,1.0,0.0,1.0,1.0,1.0,1.0,0.0,0,0.0,1
ablate_top__has_additional_A,dns_count_answers,TP_vs_FN,TP,FN,1.0,,0.0,7262,1.0,1.0,0.0,1.0,1.0,1.0,1.0,0.0,0,0.0,1,9183,1.0,1.0,0.0,1.0,1.0,1.0,1.0,0.0,0,0.0,1
ablate_top__has_additional_A,dns_count_answers,TN_vs_FP,TN,FP,,,,65780,1.2766950440863485,1.0,0.6903027878367249,0.0,12.0,1.0,1.0,0.0,0,0.005518394648829431,13,0,,,,,,,,,0,,0
ablate_top__has_additional_A,dns_count_answers,TP_vs_TN,TP,TN,0.0,-0.4223752890836728,0.0,7262,1.0,1.0,0.0,1.0,1.0,1.0,1.0,0.0,0,0.0,1,65780,1.2766950440863485,1.0,0.6903027878367249,0.0,12.0,1.0,1.0,0.0,0,0.005518394648829431,13
ablate_top__has_additional_A,dns_count_answers,FN_vs_TP,FN,TP,1.0,,0.0,9183,1.0,1.0,0.0,1.0,1.0,1.0,1.0,0.0,0,0.0,1,7262,1.0,1.0,0.0,1.0,1.0,1.0,1.0,0.0,0,0.0,1
ablate_top__has_additional_A,additional_AAAA_count,actual_normal_vs_actual_attack,actual_normal,actual_attack,0.0,0.45020245905169104,0.0,65780,0.13952569169960474,0.0,0.3464968949812828,0.0,1.0,0.0,0.0,0.0,0,0.8604743083003953,2,16445,0.0,0.0,0.0,0.0,0.0,0.0,0.0,0.0,0,1.0,1
ablate_top__has_additional_A,additional_AAAA_count,TP_vs_FN,TP,FN,1.0,,0.0,7262,0.0,0.0,0.0,0.0,0.0,0.0,0.0,0.0,0,1.0,1,9183,0.0,0.0,0.0,0.0,0.0,0.0,0.0,0.0,0,1.0,1
ablate_top__has_additional_A,additional_AAAA_count,TN_vs_FP,TN,FP,,,,65780,0.13952569169960474,0.0,0.3464968949812828,0.0,1.0,0.0,0.0,0.0,0,0.8604743083003953,2,0,,,,,,,,,0,,0
ablate_top__has_additional_A,additional_AAAA_count,TP_vs_TN,TP,TN,5.396057870960501e-254,-0.42431812749565867,0.0,7262,0.0,0.0,0.0,0.0,0.0,0.0,0.0,0.0,0,1.0,1,65780,0.13952569169960474,0.0,0.3464968949812828,0.0,1.0,0.0,0.0,0.0,0,0.8604743083003953,2
ablate_top__has_additional_A,additional_AAAA_count,FN_vs_TP,FN,TP,1.0,,0.0,9183,0.0,0.0,0.0,0.0,0.0,0.0,0.0,0.0,0,1.0,1,7262,0.0,0.0,0.0,0.0,0.0,0.0,0.0,0.0,0,1.0,1
ablate_top__has_additional_A,answer_record_count,actual_normal_vs_actual_attack,actual_normal,actual_attack,0.0,0.44814110325768225,0.0,65780,1.2766950440863485,1.0,0.6903027878367249,0.0,12.0,1.0,1.0,0.0,0,0.005518394648829431,13,16445,1.0,1.0,0.0,1.0,1.0,1.0,1.0,0.0,0,0.0,1
ablate_top__has_additional_A,answer_record_count,TP_vs_FN,TP,FN,1.0,,0.0,7262,1.0,1.0,0.0,1.0,1.0,1.0,1.0,0.0,0,0.0,1,9183,1.0,1.0,0.0,1.0,1.0,1.0,1.0,0.0,0,0.0,1
ablate_top__has_additional_A,answer_record_count,TN_vs_FP,TN,FP,,,,65780,1.2766950440863485,1.0,0.6903027878367249,0.0,12.0,1.0,1.0,0.0,0,0.005518394648829431,13,0,,,,,,,,,0,,0
ablate_top__has_additional_A,answer_record_count,TP_vs_TN,TP,TN,0.0,-0.4223752890836728,0.0,7262,1.0,1.0,0.0,1.0,1.0,1.0,1.0,0.0,0,0.0,1,65780,1.2766950440863485,1.0,0.6903027878367249,0.0,12.0,1.0,1.0,0.0,0,0.005518394648829431,13
ablate_top__has_additional_A,answer_record_count,FN_vs_TP,FN,TP,1.0,,0.0,9183,1.0,1.0,0.0,1.0,1.0,1.0,1.0,0.0,0,0.0,1,7262,1.0,1.0,0.0,1.0,1.0,1.0,1.0,0.0,0,0.0,1
ablate_top__has_additional_A,frame_len,actual_normal_vs_actual_attack,actual_normal,actual_attack,0.0,1.4673027466082607,0.3302752293547681,65780,175.27546366676802,172.0,30.619567644177156,70.0,419.0,148.0,192.0,44.0,0,0.0,163,16445,131.71395560960778,136.0,25.625965873055407,100.0,171.0,100.0,165.0,65.0,0,0.0,5
ablate_top__has_additional_A,frame_len,TP_vs_FN,TP,FN,0.0,1.9213179014084587,0.8333333333226496,7262,151.60616909942163,165.0,19.335666866430632,129.0,171.0,129.0,171.0,42.0,0,0.0,3,9183,115.98301208755309,100.0,17.887610324582734,100.0,136.0,100.0,136.0,36.0,0,0.0,2
ablate_top__has_additional_A,frame_len,TN_vs_FP,TN,FP,,,,65780,175.27546366676802,172.0,30.619567644177156,70.0,419.0,148.0,192.0,44.0,0,0.0,163,0,,,,,,,,,0,,0
ablate_top__has_additional_A,frame_len,TP_vs_TN,TP,TN,0.0,-0.7972032045481064,0.08139534883626284,7262,151.60616909942163,165.0,19.335666866430632,129.0,171.0,129.0,171.0,42.0,0,0.0,3,65780,175.27546366676802,172.0,30.619567644177156,70.0,419.0,148.0,192.0,44.0,0,0.0,163
ablate_top__has_additional_A,frame_len,FN_vs_TP,FN,TP,0.0,-1.9213179014084587,0.8333333333226496,9183,115.98301208755309,100.0,17.887610324582734,100.0,136.0,100.0,136.0,36.0,0,0.0,2,7262,151.60616909942163,165.0,19.335666866430632,129.0,171.0,129.0,171.0,42.0,0,0.0,3
ablate_top__has_additional_A,ttl_std,actual_normal_vs_actual_attack,actual_normal,actual_attack,0.0,0.33787357706000826,0.0,65780,2742.7568231968485,0.0,9075.82472833607,-1.0,43185.0,0.0,32.5,32.5,0,0.691045910611128,1656,16445,0.0,0.0,0.0,0.0,0.0,0.0,0.0,0.0,0,1.0,1
ablate_top__has_additional_A,ttl_std,TP_vs_FN,TP,FN,1.0,,0.0,7262,0.0,0.0,0.0,0.0,0.0,0.0,0.0,0.0,0,1.0,1,9183,0.0,0.0,0.0,0.0,0.0,0.0,0.0,0.0,0,1.0,1
ablate_top__has_additional_A,ttl_std,TN_vs_FP,TN,FP,,,,65780,2742.7568231968485,0.0,9075.82472833607,-1.0,43185.0,0.0,32.5,32.5,0,0.691045910611128,1656,0,,,,,,,,,0,,0
ablate_top__has_additional_A,ttl_std,TP_vs_TN,TP,TN,0.0,-0.318447579896275,0.0,7262,0.0,0.0,0.0,0.0,0.0,0.0,0.0,0.0,0,1.0,1,65780,2742.7568231968485,0.0,9075.82472833607,-1.0,43185.0,0.0,32.5,32.5,0,0.691045910611128,1656
ablate_top__has_additional_A,ttl_std,FN_vs_TP,FN,TP,1.0,,0.0,9183,0.0,0.0,0.0,0.0,0.0,0.0,0.0,0.0,0,1.0,1,7262,0.0,0.0,0.0,0.0,0.0,0.0,0.0,0.0,0,1.0,1
ablate_top__additional_A_count,has_additional_A,actual_normal_vs_actual_attack,actual_normal,actual_attack,0.0,-0.7922637126073326,0.0,65780,0.13952569169960474,0.0,0.3464968949812828,0.0,1.0,0.0,0.0,0.0,0,0.8604743083003953,2,16445,0.4415931894192764,0.0,0.4965920258506806,0.0,1.0,0.0,1.0,1.0,0,0.5584068105807236,2
ablate_top__additional_A_count,has_additional_A,TP_vs_FN,TP,FN,0.0,,999999999.9999999,7262,1.0,1.0,0.0,1.0,1.0,1.0,1.0,0.0,0,0.0,1,9183,0.0,0.0,0.0,0.0,0.0,0.0,0.0,0.0,0,1.0,1
ablate_top__additional_A_count,has_additional_A,TN_vs_FP,TN,FP,,,,65780,0.13952569169960474,0.0,0.3464968949812828,0.0,1.0,0.0,0.0,0.0,0,0.8604743083003953,2,0,,,,,,,,,0,,0
ablate_top__additional_A_count,has_additional_A,TP_vs_TN,TP,TN,0.0,2.616828791949147,999999999.9999999,7262,1.0,1.0,0.0,1.0,1.0,1.0,1.0,0.0,0,0.0,1,65780,0.13952569169960474,0.0,0.3464968949812828,0.0,1.0,0.0,0.0,0.0,0,0.8604743083003953,2
ablate_top__additional_A_count,has_additional_A,FN_vs_TP,FN,TP,0.0,,999999999.9999999,9183,0.0,0.0,0.0,0.0,0.0,0.0,0.0,0.0,0,1.0,1,7262,1.0,1.0,0.0,1.0,1.0,1.0,1.0,0.0,0,0.0,1
ablate_top__additional_A_count,unique_record_name_count,actual_normal_vs_actual_attack,actual_normal,actual_attack,4.0799850477864585e-205,-0.25874420541160026,0.0,65780,1.317254484645789,1.0,0.4764512828802376,0.0,5.0,1.0,2.0,1.0,0,0.0007601094557616296,6,16445,1.4415931894192764,1.0,0.4965920258506806,1.0,2.0,1.0,2.0,1.0,0,0.0,2
ablate_top__additional_A_count,unique_record_name_count,TP_vs_FN,TP,FN,0.0,,999999999.9999999,7262,2.0,2.0,0.0,2.0,2.0,2.0,2.0,0.0,0,0.0,1,9183,1.0,1.0,0.0,1.0,1.0,1.0,1.0,0.0,0,0.0,1
ablate_top__additional_A_count,unique_record_name_count,TN_vs_FP,TN,FP,,,,65780,1.317254484645789,1.0,0.4764512828802376,0.0,5.0,1.0,2.0,1.0,0,0.0007601094557616296,6,0,,,,,,,,,0,,0
ablate_top__additional_A_count,unique_record_name_count,TP_vs_TN,TP,TN,0.0,1.5100005459337953,0.9999999989999999,7262,2.0,2.0,0.0,2.0,2.0,2.0,2.0,0.0,0,0.0,1,65780,1.317254484645789,1.0,0.4764512828802376,0.0,5.0,1.0,2.0,1.0,0,0.0007601094557616296,6
ablate_top__additional_A_count,unique_record_name_count,FN_vs_TP,FN,TP,0.0,,999999999.9999999,9183,1.0,1.0,0.0,1.0,1.0,1.0,1.0,0.0,0,0.0,1,7262,2.0,2.0,0.0,2.0,2.0,2.0,2.0,0.0,0,0.0,1
ablate_top__additional_A_count,additional_out_of_bailiwick_count,actual_normal_vs_actual_attack,actual_normal,actual_attack,0.0,0.4486335774135458,0.0,65780,0.2773791425965339,0.0,0.691249853853276,0.0,2.0,0.0,0.0,0.0,0,0.861310428701733,2,16445,0.0,0.0,0.0,0.0,0.0,0.0,0.0,0.0,0,1.0,1
ablate_top__additional_A_count,additional_out_of_bailiwick_count,TP_vs_FN,TP,FN,1.0,,0.0,7262,0.0,0.0,0.0,0.0,0.0,0.0,0.0,0.0,0,1.0,1,9183,0.0,0.0,0.0,0.0,0.0,0.0,0.0,0.0,0,1.0,1
ablate_top__additional_A_count,additional_out_of_bailiwick_count,TN_vs_FP,TN,FP,,,,65780,0.2773791425965339,0.0,0.691249853853276,0.0,2.0,0.0,0.0,0.0,0,0.861310428701733,2,0,,,,,,,,,0,,0
ablate_top__additional_A_count,additional_out_of_bailiwick_count,TP_vs_TN,TP,TN,2.8625568912422546e-252,-0.42283944850229566,0.0,7262,0.0,0.0,0.0,0.0,0.0,0.0,0.0,0.0,0,1.0,1,65780,0.2773791425965339,0.0,0.691249853853276,0.0,2.0,0.0,0.0,0.0,0,0.861310428701733,2
ablate_top__additional_A_count,additional_out_of_bailiwick_count,FN_vs_TP,FN,TP,1.0,,0.0,9183,0.0,0.0,0.0,0.0,0.0,0.0,0.0,0.0,0,1.0,1,7262,0.0,0.0,0.0,0.0,0.0,0.0,0.0,0.0,0,1.0,1
ablate_top__additional_A_count,record_total,actual_normal_vs_actual_attack,actual_normal,actual_attack,0.0,0.7752738731266764,0.0,65780,2.4836120401337793,2.0,0.899326988730359,0.0,12.0,2.0,3.0,1.0,0,0.0007297050775311645,13,16445,1.8215871085436304,2.0,0.6409055683066263,1.0,3.0,1.0,2.0,1.0,0,0.0,3
ablate_top__additional_A_count,record_total,TP_vs_FN,TP,FN,0.0,1.7813018074824176,0.49999999975,7262,2.299091159460204,2.0,0.4578913727603667,2.0,3.0,2.0,3.0,1.0,0,0.0,2,9183,1.4439725579875857,1.0,0.49687806457174255,1.0,2.0,1.0,2.0,1.0,0,0.0,2
ablate_top__additional_A_count,record_total,TN_vs_FP,TN,FP,,,,65780,2.4836120401337793,2.0,0.899326988730359,0.0,12.0,2.0,3.0,1.0,0,0.0007297050775311645,13,0,,,,,,,,,0,,0
ablate_top__additional_A_count,record_total,TP_vs_TN,TP,TN,8.452712808185224e-30,-0.21317591876238573,0.0,7262,2.299091159460204,2.0,0.4578913727603667,2.0,3.0,2.0,3.0,1.0,0,0.0,2,65780,2.4836120401337793,2.0,0.899326988730359,0.0,12.0,2.0,3.0,1.0,0,0.0007297050775311645,13
ablate_top__additional_A_count,record_total,FN_vs_TP,FN,TP,0.0,-1.7813018074824176,0.49999999975,9183,1.4439725579875857,1.0,0.49687806457174255,1.0,2.0,1.0,2.0,1.0,0,0.0,2,7262,2.299091159460204,2.0,0.4578913727603667,2.0,3.0,2.0,3.0,1.0,0,0.0,2
ablate_top__additional_A_count,answer_A_count,actual_normal_vs_actual_attack,actual_normal,actual_attack,0.0,-0.27153142725447765,0.0,65780,0.6925661295226513,1.0,0.7350238328959653,0.0,11.0,0.0,1.0,1.0,0,0.38393128610519917,12,16445,0.8755244755244755,1.0,0.33013329990559215,0.0,1.0,1.0,1.0,0.0,0,0.12447552447552447,2
ablate_top__additional_A_count,answer_A_count,TP_vs_FN,TP,FN,0.0,-0.942744855264052,0.0,7262,0.7181217295510879,1.0,0.4499453180124894,0.0,1.0,0.0,1.0,1.0,0,0.28187827044891217,2,9183,1.0,1.0,0.0,1.0,1.0,1.0,1.0,0.0,0,0.0,1
ablate_top__additional_A_count,answer_A_count,TN_vs_FP,TN,FP,,,,65780,0.6925661295226513,1.0,0.7350238328959653,0.0,11.0,0.0,1.0,1.0,0,0.38393128610519917,12,0,,,,,,,,,0,,0
ablate_top__additional_A_count,answer_A_count,TP_vs_TN,TP,TN,5.582539419706346e-32,0.03590211758971605,0.0,7262,0.7181217295510879,1.0,0.4499453180124894,0.0,1.0,0.0,1.0,1.0,0,0.28187827044891217,2,65780,0.6925661295226513,1.0,0.7350238328959653,0.0,11.0,0.0,1.0,1.0,0,0.38393128610519917,12
ablate_top__additional_A_count,answer_A_count,FN_vs_TP,FN,TP,0.0,0.942744855264052,0.0,9183,1.0,1.0,0.0,1.0,1.0,1.0,1.0,0.0,0,0.0,1,7262,0.7181217295510879,1.0,0.4499453180124894,0.0,1.0,0.0,1.0,1.0,0,0.28187827044891217,2
ablate_top__additional_A_count,dns_count_add_rr,actual_normal_vs_actual_attack,actual_normal,actual_attack,0.0,1.042016955993276,0.9999999989999999,65780,1.1989358467619338,1.0,0.7737260064962977,0.0,3.0,1.0,1.0,0.0,0,0.08011553663727576,3,16445,0.4415931894192764,0.0,0.4965920258506806,0.0,1.0,0.0,1.0,1.0,0,0.5584068105807236,2
ablate_top__additional_A_count,dns_count_add_rr,TP_vs_FN,TP,FN,0.0,,999999999.9999999,7262,1.0,1.0,0.0,1.0,1.0,1.0,1.0,0.0,0,0.0,1,9183,0.0,0.0,0.0,0.0,0.0,0.0,0.0,0.0,0,1.0,1
ablate_top__additional_A_count,dns_count_add_rr,TN_vs_FP,TN,FP,,,,65780,1.1989358467619338,1.0,0.7737260064962977,0.0,3.0,1.0,1.0,0.0,0,0.08011553663727576,3,0,,,,,,,,,0,,0
ablate_top__additional_A_count,dns_count_add_rr,TP_vs_TN,TP,TN,3.840093543516943e-33,-0.270933433650962,0.0,7262,1.0,1.0,0.0,1.0,1.0,1.0,1.0,0.0,0,0.0,1,65780,1.1989358467619338,1.0,0.7737260064962977,0.0,3.0,1.0,1.0,0.0,0,0.08011553663727576,3
ablate_top__additional_A_count,dns_count_add_rr,FN_vs_TP,FN,TP,0.0,,999999999.9999999,9183,0.0,0.0,0.0,0.0,0.0,0.0,0.0,0.0,0,1.0,1,7262,1.0,1.0,0.0,1.0,1.0,1.0,1.0,0.0,0,0.0,1
ablate_top__additional_A_count,dns_count_answers,actual_normal_vs_actual_attack,actual_normal,actual_attack,0.0,0.44814110325768225,0.0,65780,1.2766950440863485,1.0,0.6903027878367249,0.0,12.0,1.0,1.0,0.0,0,0.005518394648829431,13,16445,1.0,1.0,0.0,1.0,1.0,1.0,1.0,0.0,0,0.0,1
ablate_top__additional_A_count,dns_count_answers,TP_vs_FN,TP,FN,1.0,,0.0,7262,1.0,1.0,0.0,1.0,1.0,1.0,1.0,0.0,0,0.0,1,9183,1.0,1.0,0.0,1.0,1.0,1.0,1.0,0.0,0,0.0,1
ablate_top__additional_A_count,dns_count_answers,TN_vs_FP,TN,FP,,,,65780,1.2766950440863485,1.0,0.6903027878367249,0.0,12.0,1.0,1.0,0.0,0,0.005518394648829431,13,0,,,,,,,,,0,,0
ablate_top__additional_A_count,dns_count_answers,TP_vs_TN,TP,TN,0.0,-0.4223752890836728,0.0,7262,1.0,1.0,0.0,1.0,1.0,1.0,1.0,0.0,0,0.0,1,65780,1.2766950440863485,1.0,0.6903027878367249,0.0,12.0,1.0,1.0,0.0,0,0.005518394648829431,13
ablate_top__additional_A_count,dns_count_answers,FN_vs_TP,FN,TP,1.0,,0.0,9183,1.0,1.0,0.0,1.0,1.0,1.0,1.0,0.0,0,0.0,1,7262,1.0,1.0,0.0,1.0,1.0,1.0,1.0,0.0,0,0.0,1
ablate_top__additional_A_count,additional_AAAA_count,actual_normal_vs_actual_attack,actual_normal,actual_attack,0.0,0.45020245905169104,0.0,65780,0.13952569169960474,0.0,0.3464968949812828,0.0,1.0,0.0,0.0,0.0,0,0.8604743083003953,2,16445,0.0,0.0,0.0,0.0,0.0,0.0,0.0,0.0,0,1.0,1
ablate_top__additional_A_count,additional_AAAA_count,TP_vs_FN,TP,FN,1.0,,0.0,7262,0.0,0.0,0.0,0.0,0.0,0.0,0.0,0.0,0,1.0,1,9183,0.0,0.0,0.0,0.0,0.0,0.0,0.0,0.0,0,1.0,1
ablate_top__additional_A_count,additional_AAAA_count,TN_vs_FP,TN,FP,,,,65780,0.13952569169960474,0.0,0.3464968949812828,0.0,1.0,0.0,0.0,0.0,0,0.8604743083003953,2,0,,,,,,,,,0,,0
ablate_top__additional_A_count,additional_AAAA_count,TP_vs_TN,TP,TN,5.396057870960501e-254,-0.42431812749565867,0.0,7262,0.0,0.0,0.0,0.0,0.0,0.0,0.0,0.0,0,1.0,1,65780,0.13952569169960474,0.0,0.3464968949812828,0.0,1.0,0.0,0.0,0.0,0,0.8604743083003953,2
ablate_top__additional_A_count,additional_AAAA_count,FN_vs_TP,FN,TP,1.0,,0.0,9183,0.0,0.0,0.0,0.0,0.0,0.0,0.0,0.0,0,1.0,1,7262,0.0,0.0,0.0,0.0,0.0,0.0,0.0,0.0,0,1.0,1
ablate_top__additional_A_count,answer_record_count,actual_normal_vs_actual_attack,actual_normal,actual_attack,0.0,0.44814110325768225,0.0,65780,1.2766950440863485,1.0,0.6903027878367249,0.0,12.0,1.0,1.0,0.0,0,0.005518394648829431,13,16445,1.0,1.0,0.0,1.0,1.0,1.0,1.0,0.0,0,0.0,1
ablate_top__additional_A_count,answer_record_count,TP_vs_FN,TP,FN,1.0,,0.0,7262,1.0,1.0,0.0,1.0,1.0,1.0,1.0,0.0,0,0.0,1,9183,1.0,1.0,0.0,1.0,1.0,1.0,1.0,0.0,0,0.0,1
ablate_top__additional_A_count,answer_record_count,TN_vs_FP,TN,FP,,,,65780,1.2766950440863485,1.0,0.6903027878367249,0.0,12.0,1.0,1.0,0.0,0,0.005518394648829431,13,0,,,,,,,,,0,,0
ablate_top__additional_A_count,answer_record_count,TP_vs_TN,TP,TN,0.0,-0.4223752890836728,0.0,7262,1.0,1.0,0.0,1.0,1.0,1.0,1.0,0.0,0,0.0,1,65780,1.2766950440863485,1.0,0.6903027878367249,0.0,12.0,1.0,1.0,0.0,0,0.005518394648829431,13
ablate_top__additional_A_count,answer_record_count,FN_vs_TP,FN,TP,1.0,,0.0,9183,1.0,1.0,0.0,1.0,1.0,1.0,1.0,0.0,0,0.0,1,7262,1.0,1.0,0.0,1.0,1.0,1.0,1.0,0.0,0,0.0,1
ablate_top__additional_A_count,frame_len,actual_normal_vs_actual_attack,actual_normal,actual_attack,0.0,1.4673027466082607,0.3302752293547681,65780,175.27546366676802,172.0,30.619567644177156,70.0,419.0,148.0,192.0,44.0,0,0.0,163,16445,131.71395560960778,136.0,25.625965873055407,100.0,171.0,100.0,165.0,65.0,0,0.0,5
ablate_top__additional_A_count,frame_len,TP_vs_FN,TP,FN,0.0,1.9213179014084587,0.8333333333226496,7262,151.60616909942163,165.0,19.335666866430632,129.0,171.0,129.0,171.0,42.0,0,0.0,3,9183,115.98301208755309,100.0,17.887610324582734,100.0,136.0,100.0,136.0,36.0,0,0.0,2
ablate_top__additional_A_count,frame_len,TN_vs_FP,TN,FP,,,,65780,175.27546366676802,172.0,30.619567644177156,70.0,419.0,148.0,192.0,44.0,0,0.0,163,0,,,,,,,,,0,,0
ablate_top__additional_A_count,frame_len,TP_vs_TN,TP,TN,0.0,-0.7972032045481064,0.08139534883626284,7262,151.60616909942163,165.0,19.335666866430632,129.0,171.0,129.0,171.0,42.0,0,0.0,3,65780,175.27546366676802,172.0,30.619567644177156,70.0,419.0,148.0,192.0,44.0,0,0.0,163
ablate_top__additional_A_count,frame_len,FN_vs_TP,FN,TP,0.0,-1.9213179014084587,0.8333333333226496,9183,115.98301208755309,100.0,17.887610324582734,100.0,136.0,100.0,136.0,36.0,0,0.0,2,7262,151.60616909942163,165.0,19.335666866430632,129.0,171.0,129.0,171.0,42.0,0,0.0,3
ablate_top__additional_A_count,ttl_std,actual_normal_vs_actual_attack,actual_normal,actual_attack,0.0,0.33787357706000826,0.0,65780,2742.7568231968485,0.0,9075.82472833607,-1.0,43185.0,0.0,32.5,32.5,0,0.691045910611128,1656,16445,0.0,0.0,0.0,0.0,0.0,0.0,0.0,0.0,0,1.0,1
ablate_top__additional_A_count,ttl_std,TP_vs_FN,TP,FN,1.0,,0.0,7262,0.0,0.0,0.0,0.0,0.0,0.0,0.0,0.0,0,1.0,1,9183,0.0,0.0,0.0,0.0,0.0,0.0,0.0,0.0,0,1.0,1
ablate_top__additional_A_count,ttl_std,TN_vs_FP,TN,FP,,,,65780,2742.7568231968485,0.0,9075.82472833607,-1.0,43185.0,0.0,32.5,32.5,0,0.691045910611128,1656,0,,,,,,,,,0,,0
ablate_top__additional_A_count,ttl_std,TP_vs_TN,TP,TN,0.0,-0.318447579896275,0.0,7262,0.0,0.0,0.0,0.0,0.0,0.0,0.0,0.0,0,1.0,1,65780,2742.7568231968485,0.0,9075.82472833607,-1.0,43185.0,0.0,32.5,32.5,0,0.691045910611128,1656
ablate_top__additional_A_count,ttl_std,FN_vs_TP,FN,TP,1.0,,0.0,9183,0.0,0.0,0.0,0.0,0.0,0.0,0.0,0.0,0,1.0,1,7262,0.0,0.0,0.0,0.0,0.0,0.0,0.0,0.0,0,1.0,1
ablate_top__unique_record_name_count,has_additional_A,actual_normal_vs_actual_attack,actual_normal,actual_attack,0.0,-0.7922637126073326,0.0,65780,0.13952569169960474,0.0,0.3464968949812828,0.0,1.0,0.0,0.0,0.0,0,0.8604743083003953,2,16445,0.4415931894192764,0.0,0.4965920258506806,0.0,1.0,0.0,1.0,1.0,0,0.5584068105807236,2
ablate_top__unique_record_name_count,has_additional_A,TP_vs_FN,TP,FN,0.0,,999999999.9999999,7262,1.0,1.0,0.0,1.0,1.0,1.0,1.0,0.0,0,0.0,1,9183,0.0,0.0,0.0,0.0,0.0,0.0,0.0,0.0,0,1.0,1
ablate_top__unique_record_name_count,has_additional_A,TN_vs_FP,TN,FP,,,,65780,0.13952569169960474,0.0,0.3464968949812828,0.0,1.0,0.0,0.0,0.0,0,0.8604743083003953,2,0,,,,,,,,,0,,0
ablate_top__unique_record_name_count,has_additional_A,TP_vs_TN,TP,TN,0.0,2.616828791949147,999999999.9999999,7262,1.0,1.0,0.0,1.0,1.0,1.0,1.0,0.0,0,0.0,1,65780,0.13952569169960474,0.0,0.3464968949812828,0.0,1.0,0.0,0.0,0.0,0,0.8604743083003953,2
ablate_top__unique_record_name_count,has_additional_A,FN_vs_TP,FN,TP,0.0,,999999999.9999999,9183,0.0,0.0,0.0,0.0,0.0,0.0,0.0,0.0,0,1.0,1,7262,1.0,1.0,0.0,1.0,1.0,1.0,1.0,0.0,0,0.0,1
ablate_top__unique_record_name_count,additional_A_count,actual_normal_vs_actual_attack,actual_normal,actual_attack,0.0,-0.7922637126073326,0.0,65780,0.13952569169960474,0.0,0.3464968949812828,0.0,1.0,0.0,0.0,0.0,0,0.8604743083003953,2,16445,0.4415931894192764,0.0,0.4965920258506806,0.0,1.0,0.0,1.0,1.0,0,0.5584068105807236,2
ablate_top__unique_record_name_count,additional_A_count,TP_vs_FN,TP,FN,0.0,,999999999.9999999,7262,1.0,1.0,0.0,1.0,1.0,1.0,1.0,0.0,0,0.0,1,9183,0.0,0.0,0.0,0.0,0.0,0.0,0.0,0.0,0,1.0,1
ablate_top__unique_record_name_count,additional_A_count,TN_vs_FP,TN,FP,,,,65780,0.13952569169960474,0.0,0.3464968949812828,0.0,1.0,0.0,0.0,0.0,0,0.8604743083003953,2,0,,,,,,,,,0,,0
ablate_top__unique_record_name_count,additional_A_count,TP_vs_TN,TP,TN,0.0,2.616828791949147,999999999.9999999,7262,1.0,1.0,0.0,1.0,1.0,1.0,1.0,0.0,0,0.0,1,65780,0.13952569169960474,0.0,0.3464968949812828,0.0,1.0,0.0,0.0,0.0,0,0.8604743083003953,2
ablate_top__unique_record_name_count,additional_A_count,FN_vs_TP,FN,TP,0.0,,999999999.9999999,9183,0.0,0.0,0.0,0.0,0.0,0.0,0.0,0.0,0,1.0,1,7262,1.0,1.0,0.0,1.0,1.0,1.0,1.0,0.0,0,0.0,1
ablate_top__unique_record_name_count,additional_out_of_bailiwick_count,actual_normal_vs_actual_attack,actual_normal,actual_attack,0.0,0.4486335774135458,0.0,65780,0.2773791425965339,0.0,0.691249853853276,0.0,2.0,0.0,0.0,0.0,0,0.861310428701733,2,16445,0.0,0.0,0.0,0.0,0.0,0.0,0.0,0.0,0,1.0,1
ablate_top__unique_record_name_count,additional_out_of_bailiwick_count,TP_vs_FN,TP,FN,1.0,,0.0,7262,0.0,0.0,0.0,0.0,0.0,0.0,0.0,0.0,0,1.0,1,9183,0.0,0.0,0.0,0.0,0.0,0.0,0.0,0.0,0,1.0,1
ablate_top__unique_record_name_count,additional_out_of_bailiwick_count,TN_vs_FP,TN,FP,,,,65780,0.2773791425965339,0.0,0.691249853853276,0.0,2.0,0.0,0.0,0.0,0,0.861310428701733,2,0,,,,,,,,,0,,0
ablate_top__unique_record_name_count,additional_out_of_bailiwick_count,TP_vs_TN,TP,TN,2.8625568912422546e-252,-0.42283944850229566,0.0,7262,0.0,0.0,0.0,0.0,0.0,0.0,0.0,0.0,0,1.0,1,65780,0.2773791425965339,0.0,0.691249853853276,0.0,2.0,0.0,0.0,0.0,0,0.861310428701733,2
ablate_top__unique_record_name_count,additional_out_of_bailiwick_count,FN_vs_TP,FN,TP,1.0,,0.0,9183,0.0,0.0,0.0,0.0,0.0,0.0,0.0,0.0,0,1.0,1,7262,0.0,0.0,0.0,0.0,0.0,0.0,0.0,0.0,0,1.0,1
ablate_top__unique_record_name_count,record_total,actual_normal_vs_actual_attack,actual_normal,actual_attack,0.0,0.7752738731266764,0.0,65780,2.4836120401337793,2.0,0.899326988730359,0.0,12.0,2.0,3.0,1.0,0,0.0007297050775311645,13,16445,1.8215871085436304,2.0,0.6409055683066263,1.0,3.0,1.0,2.0,1.0,0,0.0,3
ablate_top__unique_record_name_count,record_total,TP_vs_FN,TP,FN,0.0,1.7813018074824176,0.49999999975,7262,2.299091159460204,2.0,0.4578913727603667,2.0,3.0,2.0,3.0,1.0,0,0.0,2,9183,1.4439725579875857,1.0,0.49687806457174255,1.0,2.0,1.0,2.0,1.0,0,0.0,2
ablate_top__unique_record_name_count,record_total,TN_vs_FP,TN,FP,,,,65780,2.4836120401337793,2.0,0.899326988730359,0.0,12.0,2.0,3.0,1.0,0,0.0007297050775311645,13,0,,,,,,,,,0,,0
ablate_top__unique_record_name_count,record_total,TP_vs_TN,TP,TN,8.452712808185224e-30,-0.21317591876238573,0.0,7262,2.299091159460204,2.0,0.4578913727603667,2.0,3.0,2.0,3.0,1.0,0,0.0,2,65780,2.4836120401337793,2.0,0.899326988730359,0.0,12.0,2.0,3.0,1.0,0,0.0007297050775311645,13
ablate_top__unique_record_name_count,record_total,FN_vs_TP,FN,TP,0.0,-1.7813018074824176,0.49999999975,9183,1.4439725579875857,1.0,0.49687806457174255,1.0,2.0,1.0,2.0,1.0,0,0.0,2,7262,2.299091159460204,2.0,0.4578913727603667,2.0,3.0,2.0,3.0,1.0,0,0.0,2
ablate_top__unique_record_name_count,answer_A_count,actual_normal_vs_actual_attack,actual_normal,actual_attack,0.0,-0.27153142725447765,0.0,65780,0.6925661295226513,1.0,0.7350238328959653,0.0,11.0,0.0,1.0,1.0,0,0.38393128610519917,12,16445,0.8755244755244755,1.0,0.33013329990559215,0.0,1.0,1.0,1.0,0.0,0,0.12447552447552447,2
ablate_top__unique_record_name_count,answer_A_count,TP_vs_FN,TP,FN,0.0,-0.942744855264052,0.0,7262,0.7181217295510879,1.0,0.4499453180124894,0.0,1.0,0.0,1.0,1.0,0,0.28187827044891217,2,9183,1.0,1.0,0.0,1.0,1.0,1.0,1.0,0.0,0,0.0,1
ablate_top__unique_record_name_count,answer_A_count,TN_vs_FP,TN,FP,,,,65780,0.6925661295226513,1.0,0.7350238328959653,0.0,11.0,0.0,1.0,1.0,0,0.38393128610519917,12,0,,,,,,,,,0,,0
ablate_top__unique_record_name_count,answer_A_count,TP_vs_TN,TP,TN,5.582539419706346e-32,0.03590211758971605,0.0,7262,0.7181217295510879,1.0,0.4499453180124894,0.0,1.0,0.0,1.0,1.0,0,0.28187827044891217,2,65780,0.6925661295226513,1.0,0.7350238328959653,0.0,11.0,0.0,1.0,1.0,0,0.38393128610519917,12
ablate_top__unique_record_name_count,answer_A_count,FN_vs_TP,FN,TP,0.0,0.942744855264052,0.0,9183,1.0,1.0,0.0,1.0,1.0,1.0,1.0,0.0,0,0.0,1,7262,0.7181217295510879,1.0,0.4499453180124894,0.0,1.0,0.0,1.0,1.0,0,0.28187827044891217,2
ablate_top__unique_record_name_count,dns_count_add_rr,actual_normal_vs_actual_attack,actual_normal,actual_attack,0.0,1.042016955993276,0.9999999989999999,65780,1.1989358467619338,1.0,0.7737260064962977,0.0,3.0,1.0,1.0,0.0,0,0.08011553663727576,3,16445,0.4415931894192764,0.0,0.4965920258506806,0.0,1.0,0.0,1.0,1.0,0,0.5584068105807236,2
ablate_top__unique_record_name_count,dns_count_add_rr,TP_vs_FN,TP,FN,0.0,,999999999.9999999,7262,1.0,1.0,0.0,1.0,1.0,1.0,1.0,0.0,0,0.0,1,9183,0.0,0.0,0.0,0.0,0.0,0.0,0.0,0.0,0,1.0,1
ablate_top__unique_record_name_count,dns_count_add_rr,TN_vs_FP,TN,FP,,,,65780,1.1989358467619338,1.0,0.7737260064962977,0.0,3.0,1.0,1.0,0.0,0,0.08011553663727576,3,0,,,,,,,,,0,,0
ablate_top__unique_record_name_count,dns_count_add_rr,TP_vs_TN,TP,TN,3.840093543516943e-33,-0.270933433650962,0.0,7262,1.0,1.0,0.0,1.0,1.0,1.0,1.0,0.0,0,0.0,1,65780,1.1989358467619338,1.0,0.7737260064962977,0.0,3.0,1.0,1.0,0.0,0,0.08011553663727576,3
ablate_top__unique_record_name_count,dns_count_add_rr,FN_vs_TP,FN,TP,0.0,,999999999.9999999,9183,0.0,0.0,0.0,0.0,0.0,0.0,0.0,0.0,0,1.0,1,7262,1.0,1.0,0.0,1.0,1.0,1.0,1.0,0.0,0,0.0,1
ablate_top__unique_record_name_count,dns_count_answers,actual_normal_vs_actual_attack,actual_normal,actual_attack,0.0,0.44814110325768225,0.0,65780,1.2766950440863485,1.0,0.6903027878367249,0.0,12.0,1.0,1.0,0.0,0,0.005518394648829431,13,16445,1.0,1.0,0.0,1.0,1.0,1.0,1.0,0.0,0,0.0,1
ablate_top__unique_record_name_count,dns_count_answers,TP_vs_FN,TP,FN,1.0,,0.0,7262,1.0,1.0,0.0,1.0,1.0,1.0,1.0,0.0,0,0.0,1,9183,1.0,1.0,0.0,1.0,1.0,1.0,1.0,0.0,0,0.0,1
ablate_top__unique_record_name_count,dns_count_answers,TN_vs_FP,TN,FP,,,,65780,1.2766950440863485,1.0,0.6903027878367249,0.0,12.0,1.0,1.0,0.0,0,0.005518394648829431,13,0,,,,,,,,,0,,0
ablate_top__unique_record_name_count,dns_count_answers,TP_vs_TN,TP,TN,0.0,-0.4223752890836728,0.0,7262,1.0,1.0,0.0,1.0,1.0,1.0,1.0,0.0,0,0.0,1,65780,1.2766950440863485,1.0,0.6903027878367249,0.0,12.0,1.0,1.0,0.0,0,0.005518394648829431,13
ablate_top__unique_record_name_count,dns_count_answers,FN_vs_TP,FN,TP,1.0,,0.0,9183,1.0,1.0,0.0,1.0,1.0,1.0,1.0,0.0,0,0.0,1,7262,1.0,1.0,0.0,1.0,1.0,1.0,1.0,0.0,0,0.0,1
ablate_top__unique_record_name_count,additional_AAAA_count,actual_normal_vs_actual_attack,actual_normal,actual_attack,0.0,0.45020245905169104,0.0,65780,0.13952569169960474,0.0,0.3464968949812828,0.0,1.0,0.0,0.0,0.0,0,0.8604743083003953,2,16445,0.0,0.0,0.0,0.0,0.0,0.0,0.0,0.0,0,1.0,1
ablate_top__unique_record_name_count,additional_AAAA_count,TP_vs_FN,TP,FN,1.0,,0.0,7262,0.0,0.0,0.0,0.0,0.0,0.0,0.0,0.0,0,1.0,1,9183,0.0,0.0,0.0,0.0,0.0,0.0,0.0,0.0,0,1.0,1
ablate_top__unique_record_name_count,additional_AAAA_count,TN_vs_FP,TN,FP,,,,65780,0.13952569169960474,0.0,0.3464968949812828,0.0,1.0,0.0,0.0,0.0,0,0.8604743083003953,2,0,,,,,,,,,0,,0
ablate_top__unique_record_name_count,additional_AAAA_count,TP_vs_TN,TP,TN,5.396057870960501e-254,-0.42431812749565867,0.0,7262,0.0,0.0,0.0,0.0,0.0,0.0,0.0,0.0,0,1.0,1,65780,0.13952569169960474,0.0,0.3464968949812828,0.0,1.0,0.0,0.0,0.0,0,0.8604743083003953,2
ablate_top__unique_record_name_count,additional_AAAA_count,FN_vs_TP,FN,TP,1.0,,0.0,9183,0.0,0.0,0.0,0.0,0.0,0.0,0.0,0.0,0,1.0,1,7262,0.0,0.0,0.0,0.0,0.0,0.0,0.0,0.0,0,1.0,1
ablate_top__unique_record_name_count,answer_record_count,actual_normal_vs_actual_attack,actual_normal,actual_attack,0.0,0.44814110325768225,0.0,65780,1.2766950440863485,1.0,0.6903027878367249,0.0,12.0,1.0,1.0,0.0,0,0.005518394648829431,13,16445,1.0,1.0,0.0,1.0,1.0,1.0,1.0,0.0,0,0.0,1
ablate_top__unique_record_name_count,answer_record_count,TP_vs_FN,TP,FN,1.0,,0.0,7262,1.0,1.0,0.0,1.0,1.0,1.0,1.0,0.0,0,0.0,1,9183,1.0,1.0,0.0,1.0,1.0,1.0,1.0,0.0,0,0.0,1
ablate_top__unique_record_name_count,answer_record_count,TN_vs_FP,TN,FP,,,,65780,1.2766950440863485,1.0,0.6903027878367249,0.0,12.0,1.0,1.0,0.0,0,0.005518394648829431,13,0,,,,,,,,,0,,0
ablate_top__unique_record_name_count,answer_record_count,TP_vs_TN,TP,TN,0.0,-0.4223752890836728,0.0,7262,1.0,1.0,0.0,1.0,1.0,1.0,1.0,0.0,0,0.0,1,65780,1.2766950440863485,1.0,0.6903027878367249,0.0,12.0,1.0,1.0,0.0,0,0.005518394648829431,13
ablate_top__unique_record_name_count,answer_record_count,FN_vs_TP,FN,TP,1.0,,0.0,9183,1.0,1.0,0.0,1.0,1.0,1.0,1.0,0.0,0,0.0,1,7262,1.0,1.0,0.0,1.0,1.0,1.0,1.0,0.0,0,0.0,1
ablate_top__unique_record_name_count,frame_len,actual_normal_vs_actual_attack,actual_normal,actual_attack,0.0,1.4673027466082607,0.3302752293547681,65780,175.27546366676802,172.0,30.619567644177156,70.0,419.0,148.0,192.0,44.0,0,0.0,163,16445,131.71395560960778,136.0,25.625965873055407,100.0,171.0,100.0,165.0,65.0,0,0.0,5
ablate_top__unique_record_name_count,frame_len,TP_vs_FN,TP,FN,0.0,1.9213179014084587,0.8333333333226496,7262,151.60616909942163,165.0,19.335666866430632,129.0,171.0,129.0,171.0,42.0,0,0.0,3,9183,115.98301208755309,100.0,17.887610324582734,100.0,136.0,100.0,136.0,36.0,0,0.0,2
ablate_top__unique_record_name_count,frame_len,TN_vs_FP,TN,FP,,,,65780,175.27546366676802,172.0,30.619567644177156,70.0,419.0,148.0,192.0,44.0,0,0.0,163,0,,,,,,,,,0,,0
ablate_top__unique_record_name_count,frame_len,TP_vs_TN,TP,TN,0.0,-0.7972032045481064,0.08139534883626284,7262,151.60616909942163,165.0,19.335666866430632,129.0,171.0,129.0,171.0,42.0,0,0.0,3,65780,175.27546366676802,172.0,30.619567644177156,70.0,419.0,148.0,192.0,44.0,0,0.0,163
ablate_top__unique_record_name_count,frame_len,FN_vs_TP,FN,TP,0.0,-1.9213179014084587,0.8333333333226496,9183,115.98301208755309,100.0,17.887610324582734,100.0,136.0,100.0,136.0,36.0,0,0.0,2,7262,151.60616909942163,165.0,19.335666866430632,129.0,171.0,129.0,171.0,42.0,0,0.0,3
ablate_top__unique_record_name_count,ttl_std,actual_normal_vs_actual_attack,actual_normal,actual_attack,0.0,0.33787357706000826,0.0,65780,2742.7568231968485,0.0,9075.82472833607,-1.0,43185.0,0.0,32.5,32.5,0,0.691045910611128,1656,16445,0.0,0.0,0.0,0.0,0.0,0.0,0.0,0.0,0,1.0,1
ablate_top__unique_record_name_count,ttl_std,TP_vs_FN,TP,FN,1.0,,0.0,7262,0.0,0.0,0.0,0.0,0.0,0.0,0.0,0.0,0,1.0,1,9183,0.0,0.0,0.0,0.0,0.0,0.0,0.0,0.0,0,1.0,1
ablate_top__unique_record_name_count,ttl_std,TN_vs_FP,TN,FP,,,,65780,2742.7568231968485,0.0,9075.82472833607,-1.0,43185.0,0.0,32.5,32.5,0,0.691045910611128,1656,0,,,,,,,,,0,,0
ablate_top__unique_record_name_count,ttl_std,TP_vs_TN,TP,TN,0.0,-0.318447579896275,0.0,7262,0.0,0.0,0.0,0.0,0.0,0.0,0.0,0.0,0,1.0,1,65780,2742.7568231968485,0.0,9075.82472833607,-1.0,43185.0,0.0,32.5,32.5,0,0.691045910611128,1656
ablate_top__unique_record_name_count,ttl_std,FN_vs_TP,FN,TP,1.0,,0.0,9183,0.0,0.0,0.0,0.0,0.0,0.0,0.0,0.0,0,1.0,1,7262,0.0,0.0,0.0,0.0,0.0,0.0,0.0,0.0,0,1.0,1
ablate_top__additional_out_of_bailiwick_count,has_additional_A,actual_normal_vs_actual_attack,actual_normal,actual_attack,0.0,-0.7922637126073326,0.0,65780,0.13952569169960474,0.0,0.3464968949812828,0.0,1.0,0.0,0.0,0.0,0,0.8604743083003953,2,16445,0.4415931894192764,0.0,0.4965920258506806,0.0,1.0,0.0,1.0,1.0,0,0.5584068105807236,2
ablate_top__additional_out_of_bailiwick_count,has_additional_A,TP_vs_FN,TP,FN,0.0,,999999999.9999999,7262,1.0,1.0,0.0,1.0,1.0,1.0,1.0,0.0,0,0.0,1,9183,0.0,0.0,0.0,0.0,0.0,0.0,0.0,0.0,0,1.0,1
ablate_top__additional_out_of_bailiwick_count,has_additional_A,TN_vs_FP,TN,FP,,,,65780,0.13952569169960474,0.0,0.3464968949812828,0.0,1.0,0.0,0.0,0.0,0,0.8604743083003953,2,0,,,,,,,,,0,,0
ablate_top__additional_out_of_bailiwick_count,has_additional_A,TP_vs_TN,TP,TN,0.0,2.616828791949147,999999999.9999999,7262,1.0,1.0,0.0,1.0,1.0,1.0,1.0,0.0,0,0.0,1,65780,0.13952569169960474,0.0,0.3464968949812828,0.0,1.0,0.0,0.0,0.0,0,0.8604743083003953,2
ablate_top__additional_out_of_bailiwick_count,has_additional_A,FN_vs_TP,FN,TP,0.0,,999999999.9999999,9183,0.0,0.0,0.0,0.0,0.0,0.0,0.0,0.0,0,1.0,1,7262,1.0,1.0,0.0,1.0,1.0,1.0,1.0,0.0,0,0.0,1
ablate_top__additional_out_of_bailiwick_count,additional_A_count,actual_normal_vs_actual_attack,actual_normal,actual_attack,0.0,-0.7922637126073326,0.0,65780,0.13952569169960474,0.0,0.3464968949812828,0.0,1.0,0.0,0.0,0.0,0,0.8604743083003953,2,16445,0.4415931894192764,0.0,0.4965920258506806,0.0,1.0,0.0,1.0,1.0,0,0.5584068105807236,2
ablate_top__additional_out_of_bailiwick_count,additional_A_count,TP_vs_FN,TP,FN,0.0,,999999999.9999999,7262,1.0,1.0,0.0,1.0,1.0,1.0,1.0,0.0,0,0.0,1,9183,0.0,0.0,0.0,0.0,0.0,0.0,0.0,0.0,0,1.0,1
ablate_top__additional_out_of_bailiwick_count,additional_A_count,TN_vs_FP,TN,FP,,,,65780,0.13952569169960474,0.0,0.3464968949812828,0.0,1.0,0.0,0.0,0.0,0,0.8604743083003953,2,0,,,,,,,,,0,,0
ablate_top__additional_out_of_bailiwick_count,additional_A_count,TP_vs_TN,TP,TN,0.0,2.616828791949147,999999999.9999999,7262,1.0,1.0,0.0,1.0,1.0,1.0,1.0,0.0,0,0.0,1,65780,0.13952569169960474,0.0,0.3464968949812828,0.0,1.0,0.0,0.0,0.0,0,0.8604743083003953,2
ablate_top__additional_out_of_bailiwick_count,additional_A_count,FN_vs_TP,FN,TP,0.0,,999999999.9999999,9183,0.0,0.0,0.0,0.0,0.0,0.0,0.0,0.0,0,1.0,1,7262,1.0,1.0,0.0,1.0,1.0,1.0,1.0,0.0,0,0.0,1
ablate_top__additional_out_of_bailiwick_count,unique_record_name_count,actual_normal_vs_actual_attack,actual_normal,actual_attack,4.0799850477864585e-205,-0.25874420541160026,0.0,65780,1.317254484645789,1.0,0.4764512828802376,0.0,5.0,1.0,2.0,1.0,0,0.0007601094557616296,6,16445,1.4415931894192764,1.0,0.4965920258506806,1.0,2.0,1.0,2.0,1.0,0,0.0,2
ablate_top__additional_out_of_bailiwick_count,unique_record_name_count,TP_vs_FN,TP,FN,0.0,,999999999.9999999,7262,2.0,2.0,0.0,2.0,2.0,2.0,2.0,0.0,0,0.0,1,9183,1.0,1.0,0.0,1.0,1.0,1.0,1.0,0.0,0,0.0,1
ablate_top__additional_out_of_bailiwick_count,unique_record_name_count,TN_vs_FP,TN,FP,,,,65780,1.317254484645789,1.0,0.4764512828802376,0.0,5.0,1.0,2.0,1.0,0,0.0007601094557616296,6,0,,,,,,,,,0,,0
ablate_top__additional_out_of_bailiwick_count,unique_record_name_count,TP_vs_TN,TP,TN,0.0,1.5100005459337953,0.9999999989999999,7262,2.0,2.0,0.0,2.0,2.0,2.0,2.0,0.0,0,0.0,1,65780,1.317254484645789,1.0,0.4764512828802376,0.0,5.0,1.0,2.0,1.0,0,0.0007601094557616296,6
ablate_top__additional_out_of_bailiwick_count,unique_record_name_count,FN_vs_TP,FN,TP,0.0,,999999999.9999999,9183,1.0,1.0,0.0,1.0,1.0,1.0,1.0,0.0,0,0.0,1,7262,2.0,2.0,0.0,2.0,2.0,2.0,2.0,0.0,0,0.0,1
ablate_top__additional_out_of_bailiwick_count,record_total,actual_normal_vs_actual_attack,actual_normal,actual_attack,0.0,0.7752738731266764,0.0,65780,2.4836120401337793,2.0,0.899326988730359,0.0,12.0,2.0,3.0,1.0,0,0.0007297050775311645,13,16445,1.8215871085436304,2.0,0.6409055683066263,1.0,3.0,1.0,2.0,1.0,0,0.0,3
ablate_top__additional_out_of_bailiwick_count,record_total,TP_vs_FN,TP,FN,0.0,1.7813018074824176,0.49999999975,7262,2.299091159460204,2.0,0.4578913727603667,2.0,3.0,2.0,3.0,1.0,0,0.0,2,9183,1.4439725579875857,1.0,0.49687806457174255,1.0,2.0,1.0,2.0,1.0,0,0.0,2
ablate_top__additional_out_of_bailiwick_count,record_total,TN_vs_FP,TN,FP,,,,65780,2.4836120401337793,2.0,0.899326988730359,0.0,12.0,2.0,3.0,1.0,0,0.0007297050775311645,13,0,,,,,,,,,0,,0
ablate_top__additional_out_of_bailiwick_count,record_total,TP_vs_TN,TP,TN,8.452712808185224e-30,-0.21317591876238573,0.0,7262,2.299091159460204,2.0,0.4578913727603667,2.0,3.0,2.0,3.0,1.0,0,0.0,2,65780,2.4836120401337793,2.0,0.899326988730359,0.0,12.0,2.0,3.0,1.0,0,0.0007297050775311645,13
ablate_top__additional_out_of_bailiwick_count,record_total,FN_vs_TP,FN,TP,0.0,-1.7813018074824176,0.49999999975,9183,1.4439725579875857,1.0,0.49687806457174255,1.0,2.0,1.0,2.0,1.0,0,0.0,2,7262,2.299091159460204,2.0,0.4578913727603667,2.0,3.0,2.0,3.0,1.0,0,0.0,2
ablate_top__additional_out_of_bailiwick_count,answer_A_count,actual_normal_vs_actual_attack,actual_normal,actual_attack,0.0,-0.27153142725447765,0.0,65780,0.6925661295226513,1.0,0.7350238328959653,0.0,11.0,0.0,1.0,1.0,0,0.38393128610519917,12,16445,0.8755244755244755,1.0,0.33013329990559215,0.0,1.0,1.0,1.0,0.0,0,0.12447552447552447,2
ablate_top__additional_out_of_bailiwick_count,answer_A_count,TP_vs_FN,TP,FN,0.0,-0.942744855264052,0.0,7262,0.7181217295510879,1.0,0.4499453180124894,0.0,1.0,0.0,1.0,1.0,0,0.28187827044891217,2,9183,1.0,1.0,0.0,1.0,1.0,1.0,1.0,0.0,0,0.0,1
ablate_top__additional_out_of_bailiwick_count,answer_A_count,TN_vs_FP,TN,FP,,,,65780,0.6925661295226513,1.0,0.7350238328959653,0.0,11.0,0.0,1.0,1.0,0,0.38393128610519917,12,0,,,,,,,,,0,,0
ablate_top__additional_out_of_bailiwick_count,answer_A_count,TP_vs_TN,TP,TN,5.582539419706346e-32,0.03590211758971605,0.0,7262,0.7181217295510879,1.0,0.4499453180124894,0.0,1.0,0.0,1.0,1.0,0,0.28187827044891217,2,65780,0.6925661295226513,1.0,0.7350238328959653,0.0,11.0,0.0,1.0,1.0,0,0.38393128610519917,12
ablate_top__additional_out_of_bailiwick_count,answer_A_count,FN_vs_TP,FN,TP,0.0,0.942744855264052,0.0,9183,1.0,1.0,0.0,1.0,1.0,1.0,1.0,0.0,0,0.0,1,7262,0.7181217295510879,1.0,0.4499453180124894,0.0,1.0,0.0,1.0,1.0,0,0.28187827044891217,2
ablate_top__additional_out_of_bailiwick_count,dns_count_add_rr,actual_normal_vs_actual_attack,actual_normal,actual_attack,0.0,1.042016955993276,0.9999999989999999,65780,1.1989358467619338,1.0,0.7737260064962977,0.0,3.0,1.0,1.0,0.0,0,0.08011553663727576,3,16445,0.4415931894192764,0.0,0.4965920258506806,0.0,1.0,0.0,1.0,1.0,0,0.5584068105807236,2
ablate_top__additional_out_of_bailiwick_count,dns_count_add_rr,TP_vs_FN,TP,FN,0.0,,999999999.9999999,7262,1.0,1.0,0.0,1.0,1.0,1.0,1.0,0.0,0,0.0,1,9183,0.0,0.0,0.0,0.0,0.0,0.0,0.0,0.0,0,1.0,1
ablate_top__additional_out_of_bailiwick_count,dns_count_add_rr,TN_vs_FP,TN,FP,,,,65780,1.1989358467619338,1.0,0.7737260064962977,0.0,3.0,1.0,1.0,0.0,0,0.08011553663727576,3,0,,,,,,,,,0,,0
ablate_top__additional_out_of_bailiwick_count,dns_count_add_rr,TP_vs_TN,TP,TN,3.840093543516943e-33,-0.270933433650962,0.0,7262,1.0,1.0,0.0,1.0,1.0,1.0,1.0,0.0,0,0.0,1,65780,1.1989358467619338,1.0,0.7737260064962977,0.0,3.0,1.0,1.0,0.0,0,0.08011553663727576,3
ablate_top__additional_out_of_bailiwick_count,dns_count_add_rr,FN_vs_TP,FN,TP,0.0,,999999999.9999999,9183,0.0,0.0,0.0,0.0,0.0,0.0,0.0,0.0,0,1.0,1,7262,1.0,1.0,0.0,1.0,1.0,1.0,1.0,0.0,0,0.0,1
ablate_top__additional_out_of_bailiwick_count,dns_count_answers,actual_normal_vs_actual_attack,actual_normal,actual_attack,0.0,0.44814110325768225,0.0,65780,1.2766950440863485,1.0,0.6903027878367249,0.0,12.0,1.0,1.0,0.0,0,0.005518394648829431,13,16445,1.0,1.0,0.0,1.0,1.0,1.0,1.0,0.0,0,0.0,1
ablate_top__additional_out_of_bailiwick_count,dns_count_answers,TP_vs_FN,TP,FN,1.0,,0.0,7262,1.0,1.0,0.0,1.0,1.0,1.0,1.0,0.0,0,0.0,1,9183,1.0,1.0,0.0,1.0,1.0,1.0,1.0,0.0,0,0.0,1
ablate_top__additional_out_of_bailiwick_count,dns_count_answers,TN_vs_FP,TN,FP,,,,65780,1.2766950440863485,1.0,0.6903027878367249,0.0,12.0,1.0,1.0,0.0,0,0.005518394648829431,13,0,,,,,,,,,0,,0
ablate_top__additional_out_of_bailiwick_count,dns_count_answers,TP_vs_TN,TP,TN,0.0,-0.4223752890836728,0.0,7262,1.0,1.0,0.0,1.0,1.0,1.0,1.0,0.0,0,0.0,1,65780,1.2766950440863485,1.0,0.6903027878367249,0.0,12.0,1.0,1.0,0.0,0,0.005518394648829431,13
ablate_top__additional_out_of_bailiwick_count,dns_count_answers,FN_vs_TP,FN,TP,1.0,,0.0,9183,1.0,1.0,0.0,1.0,1.0,1.0,1.0,0.0,0,0.0,1,7262,1.0,1.0,0.0,1.0,1.0,1.0,1.0,0.0,0,0.0,1
ablate_top__additional_out_of_bailiwick_count,additional_AAAA_count,actual_normal_vs_actual_attack,actual_normal,actual_attack,0.0,0.45020245905169104,0.0,65780,0.13952569169960474,0.0,0.3464968949812828,0.0,1.0,0.0,0.0,0.0,0,0.8604743083003953,2,16445,0.0,0.0,0.0,0.0,0.0,0.0,0.0,0.0,0,1.0,1
ablate_top__additional_out_of_bailiwick_count,additional_AAAA_count,TP_vs_FN,TP,FN,1.0,,0.0,7262,0.0,0.0,0.0,0.0,0.0,0.0,0.0,0.0,0,1.0,1,9183,0.0,0.0,0.0,0.0,0.0,0.0,0.0,0.0,0,1.0,1
ablate_top__additional_out_of_bailiwick_count,additional_AAAA_count,TN_vs_FP,TN,FP,,,,65780,0.13952569169960474,0.0,0.3464968949812828,0.0,1.0,0.0,0.0,0.0,0,0.8604743083003953,2,0,,,,,,,,,0,,0
ablate_top__additional_out_of_bailiwick_count,additional_AAAA_count,TP_vs_TN,TP,TN,5.396057870960501e-254,-0.42431812749565867,0.0,7262,0.0,0.0,0.0,0.0,0.0,0.0,0.0,0.0,0,1.0,1,65780,0.13952569169960474,0.0,0.3464968949812828,0.0,1.0,0.0,0.0,0.0,0,0.8604743083003953,2
ablate_top__additional_out_of_bailiwick_count,additional_AAAA_count,FN_vs_TP,FN,TP,1.0,,0.0,9183,0.0,0.0,0.0,0.0,0.0,0.0,0.0,0.0,0,1.0,1,7262,0.0,0.0,0.0,0.0,0.0,0.0,0.0,0.0,0,1.0,1
ablate_top__additional_out_of_bailiwick_count,answer_record_count,actual_normal_vs_actual_attack,actual_normal,actual_attack,0.0,0.44814110325768225,0.0,65780,1.2766950440863485,1.0,0.6903027878367249,0.0,12.0,1.0,1.0,0.0,0,0.005518394648829431,13,16445,1.0,1.0,0.0,1.0,1.0,1.0,1.0,0.0,0,0.0,1
ablate_top__additional_out_of_bailiwick_count,answer_record_count,TP_vs_FN,TP,FN,1.0,,0.0,7262,1.0,1.0,0.0,1.0,1.0,1.0,1.0,0.0,0,0.0,1,9183,1.0,1.0,0.0,1.0,1.0,1.0,1.0,0.0,0,0.0,1
ablate_top__additional_out_of_bailiwick_count,answer_record_count,TN_vs_FP,TN,FP,,,,65780,1.2766950440863485,1.0,0.6903027878367249,0.0,12.0,1.0,1.0,0.0,0,0.005518394648829431,13,0,,,,,,,,,0,,0
ablate_top__additional_out_of_bailiwick_count,answer_record_count,TP_vs_TN,TP,TN,0.0,-0.4223752890836728,0.0,7262,1.0,1.0,0.0,1.0,1.0,1.0,1.0,0.0,0,0.0,1,65780,1.2766950440863485,1.0,0.6903027878367249,0.0,12.0,1.0,1.0,0.0,0,0.005518394648829431,13
ablate_top__additional_out_of_bailiwick_count,answer_record_count,FN_vs_TP,FN,TP,1.0,,0.0,9183,1.0,1.0,0.0,1.0,1.0,1.0,1.0,0.0,0,0.0,1,7262,1.0,1.0,0.0,1.0,1.0,1.0,1.0,0.0,0,0.0,1
ablate_top__additional_out_of_bailiwick_count,frame_len,actual_normal_vs_actual_attack,actual_normal,actual_attack,0.0,1.4673027466082607,0.3302752293547681,65780,175.27546366676802,172.0,30.619567644177156,70.0,419.0,148.0,192.0,44.0,0,0.0,163,16445,131.71395560960778,136.0,25.625965873055407,100.0,171.0,100.0,165.0,65.0,0,0.0,5
ablate_top__additional_out_of_bailiwick_count,frame_len,TP_vs_FN,TP,FN,0.0,1.9213179014084587,0.8333333333226496,7262,151.60616909942163,165.0,19.335666866430632,129.0,171.0,129.0,171.0,42.0,0,0.0,3,9183,115.98301208755309,100.0,17.887610324582734,100.0,136.0,100.0,136.0,36.0,0,0.0,2
ablate_top__additional_out_of_bailiwick_count,frame_len,TN_vs_FP,TN,FP,,,,65780,175.27546366676802,172.0,30.619567644177156,70.0,419.0,148.0,192.0,44.0,0,0.0,163,0,,,,,,,,,0,,0
ablate_top__additional_out_of_bailiwick_count,frame_len,TP_vs_TN,TP,TN,0.0,-0.7972032045481064,0.08139534883626284,7262,151.60616909942163,165.0,19.335666866430632,129.0,171.0,129.0,171.0,42.0,0,0.0,3,65780,175.27546366676802,172.0,30.619567644177156,70.0,419.0,148.0,192.0,44.0,0,0.0,163
ablate_top__additional_out_of_bailiwick_count,frame_len,FN_vs_TP,FN,TP,0.0,-1.9213179014084587,0.8333333333226496,9183,115.98301208755309,100.0,17.887610324582734,100.0,136.0,100.0,136.0,36.0,0,0.0,2,7262,151.60616909942163,165.0,19.335666866430632,129.0,171.0,129.0,171.0,42.0,0,0.0,3
ablate_top__additional_out_of_bailiwick_count,ttl_std,actual_normal_vs_actual_attack,actual_normal,actual_attack,0.0,0.33787357706000826,0.0,65780,2742.7568231968485,0.0,9075.82472833607,-1.0,43185.0,0.0,32.5,32.5,0,0.691045910611128,1656,16445,0.0,0.0,0.0,0.0,0.0,0.0,0.0,0.0,0,1.0,1
ablate_top__additional_out_of_bailiwick_count,ttl_std,TP_vs_FN,TP,FN,1.0,,0.0,7262,0.0,0.0,0.0,0.0,0.0,0.0,0.0,0.0,0,1.0,1,9183,0.0,0.0,0.0,0.0,0.0,0.0,0.0,0.0,0,1.0,1
ablate_top__additional_out_of_bailiwick_count,ttl_std,TN_vs_FP,TN,FP,,,,65780,2742.7568231968485,0.0,9075.82472833607,-1.0,43185.0,0.0,32.5,32.5,0,0.691045910611128,1656,0,,,,,,,,,0,,0
ablate_top__additional_out_of_bailiwick_count,ttl_std,TP_vs_TN,TP,TN,0.0,-0.318447579896275,0.0,7262,0.0,0.0,0.0,0.0,0.0,0.0,0.0,0.0,0,1.0,1,65780,2742.7568231968485,0.0,9075.82472833607,-1.0,43185.0,0.0,32.5,32.5,0,0.691045910611128,1656
ablate_top__additional_out_of_bailiwick_count,ttl_std,FN_vs_TP,FN,TP,1.0,,0.0,9183,0.0,0.0,0.0,0.0,0.0,0.0,0.0,0.0,0,1.0,1,7262,0.0,0.0,0.0,0.0,0.0,0.0,0.0,0.0,0,1.0,1
ablate_top__record_total,has_additional_A,actual_normal_vs_actual_attack,actual_normal,actual_attack,0.0,-0.7922637126073326,0.0,65780,0.13952569169960474,0.0,0.3464968949812828,0.0,1.0,0.0,0.0,0.0,0,0.8604743083003953,2,16445,0.4415931894192764,0.0,0.4965920258506806,0.0,1.0,0.0,1.0,1.0,0,0.5584068105807236,2
ablate_top__record_total,has_additional_A,TP_vs_FN,TP,FN,0.0,,999999999.9999999,7262,1.0,1.0,0.0,1.0,1.0,1.0,1.0,0.0,0,0.0,1,9183,0.0,0.0,0.0,0.0,0.0,0.0,0.0,0.0,0,1.0,1
ablate_top__record_total,has_additional_A,TN_vs_FP,TN,FP,,,,65780,0.13952569169960474,0.0,0.3464968949812828,0.0,1.0,0.0,0.0,0.0,0,0.8604743083003953,2,0,,,,,,,,,0,,0
ablate_top__record_total,has_additional_A,TP_vs_TN,TP,TN,0.0,2.616828791949147,999999999.9999999,7262,1.0,1.0,0.0,1.0,1.0,1.0,1.0,0.0,0,0.0,1,65780,0.13952569169960474,0.0,0.3464968949812828,0.0,1.0,0.0,0.0,0.0,0,0.8604743083003953,2
ablate_top__record_total,has_additional_A,FN_vs_TP,FN,TP,0.0,,999999999.9999999,9183,0.0,0.0,0.0,0.0,0.0,0.0,0.0,0.0,0,1.0,1,7262,1.0,1.0,0.0,1.0,1.0,1.0,1.0,0.0,0,0.0,1
ablate_top__record_total,additional_A_count,actual_normal_vs_actual_attack,actual_normal,actual_attack,0.0,-0.7922637126073326,0.0,65780,0.13952569169960474,0.0,0.3464968949812828,0.0,1.0,0.0,0.0,0.0,0,0.8604743083003953,2,16445,0.4415931894192764,0.0,0.4965920258506806,0.0,1.0,0.0,1.0,1.0,0,0.5584068105807236,2
ablate_top__record_total,additional_A_count,TP_vs_FN,TP,FN,0.0,,999999999.9999999,7262,1.0,1.0,0.0,1.0,1.0,1.0,1.0,0.0,0,0.0,1,9183,0.0,0.0,0.0,0.0,0.0,0.0,0.0,0.0,0,1.0,1
ablate_top__record_total,additional_A_count,TN_vs_FP,TN,FP,,,,65780,0.13952569169960474,0.0,0.3464968949812828,0.0,1.0,0.0,0.0,0.0,0,0.8604743083003953,2,0,,,,,,,,,0,,0
ablate_top__record_total,additional_A_count,TP_vs_TN,TP,TN,0.0,2.616828791949147,999999999.9999999,7262,1.0,1.0,0.0,1.0,1.0,1.0,1.0,0.0,0,0.0,1,65780,0.13952569169960474,0.0,0.3464968949812828,0.0,1.0,0.0,0.0,0.0,0,0.8604743083003953,2
ablate_top__record_total,additional_A_count,FN_vs_TP,FN,TP,0.0,,999999999.9999999,9183,0.0,0.0,0.0,0.0,0.0,0.0,0.0,0.0,0,1.0,1,7262,1.0,1.0,0.0,1.0,1.0,1.0,1.0,0.0,0,0.0,1
ablate_top__record_total,unique_record_name_count,actual_normal_vs_actual_attack,actual_normal,actual_attack,4.0799850477864585e-205,-0.25874420541160026,0.0,65780,1.317254484645789,1.0,0.4764512828802376,0.0,5.0,1.0,2.0,1.0,0,0.0007601094557616296,6,16445,1.4415931894192764,1.0,0.4965920258506806,1.0,2.0,1.0,2.0,1.0,0,0.0,2
ablate_top__record_total,unique_record_name_count,TP_vs_FN,TP,FN,0.0,,999999999.9999999,7262,2.0,2.0,0.0,2.0,2.0,2.0,2.0,0.0,0,0.0,1,9183,1.0,1.0,0.0,1.0,1.0,1.0,1.0,0.0,0,0.0,1
ablate_top__record_total,unique_record_name_count,TN_vs_FP,TN,FP,,,,65780,1.317254484645789,1.0,0.4764512828802376,0.0,5.0,1.0,2.0,1.0,0,0.0007601094557616296,6,0,,,,,,,,,0,,0
ablate_top__record_total,unique_record_name_count,TP_vs_TN,TP,TN,0.0,1.5100005459337953,0.9999999989999999,7262,2.0,2.0,0.0,2.0,2.0,2.0,2.0,0.0,0,0.0,1,65780,1.317254484645789,1.0,0.4764512828802376,0.0,5.0,1.0,2.0,1.0,0,0.0007601094557616296,6
ablate_top__record_total,unique_record_name_count,FN_vs_TP,FN,TP,0.0,,999999999.9999999,9183,1.0,1.0,0.0,1.0,1.0,1.0,1.0,0.0,0,0.0,1,7262,2.0,2.0,0.0,2.0,2.0,2.0,2.0,0.0,0,0.0,1
ablate_top__record_total,additional_out_of_bailiwick_count,actual_normal_vs_actual_attack,actual_normal,actual_attack,0.0,0.4486335774135458,0.0,65780,0.2773791425965339,0.0,0.691249853853276,0.0,2.0,0.0,0.0,0.0,0,0.861310428701733,2,16445,0.0,0.0,0.0,0.0,0.0,0.0,0.0,0.0,0,1.0,1
ablate_top__record_total,additional_out_of_bailiwick_count,TP_vs_FN,TP,FN,1.0,,0.0,7262,0.0,0.0,0.0,0.0,0.0,0.0,0.0,0.0,0,1.0,1,9183,0.0,0.0,0.0,0.0,0.0,0.0,0.0,0.0,0,1.0,1
ablate_top__record_total,additional_out_of_bailiwick_count,TN_vs_FP,TN,FP,,,,65780,0.2773791425965339,0.0,0.691249853853276,0.0,2.0,0.0,0.0,0.0,0,0.861310428701733,2,0,,,,,,,,,0,,0
ablate_top__record_total,additional_out_of_bailiwick_count,TP_vs_TN,TP,TN,2.8625568912422546e-252,-0.42283944850229566,0.0,7262,0.0,0.0,0.0,0.0,0.0,0.0,0.0,0.0,0,1.0,1,65780,0.2773791425965339,0.0,0.691249853853276,0.0,2.0,0.0,0.0,0.0,0,0.861310428701733,2
ablate_top__record_total,additional_out_of_bailiwick_count,FN_vs_TP,FN,TP,1.0,,0.0,9183,0.0,0.0,0.0,0.0,0.0,0.0,0.0,0.0,0,1.0,1,7262,0.0,0.0,0.0,0.0,0.0,0.0,0.0,0.0,0,1.0,1
ablate_top__record_total,answer_A_count,actual_normal_vs_actual_attack,actual_normal,actual_attack,0.0,-0.27153142725447765,0.0,65780,0.6925661295226513,1.0,0.7350238328959653,0.0,11.0,0.0,1.0,1.0,0,0.38393128610519917,12,16445,0.8755244755244755,1.0,0.33013329990559215,0.0,1.0,1.0,1.0,0.0,0,0.12447552447552447,2
ablate_top__record_total,answer_A_count,TP_vs_FN,TP,FN,0.0,-0.942744855264052,0.0,7262,0.7181217295510879,1.0,0.4499453180124894,0.0,1.0,0.0,1.0,1.0,0,0.28187827044891217,2,9183,1.0,1.0,0.0,1.0,1.0,1.0,1.0,0.0,0,0.0,1
ablate_top__record_total,answer_A_count,TN_vs_FP,TN,FP,,,,65780,0.6925661295226513,1.0,0.7350238328959653,0.0,11.0,0.0,1.0,1.0,0,0.38393128610519917,12,0,,,,,,,,,0,,0
ablate_top__record_total,answer_A_count,TP_vs_TN,TP,TN,5.582539419706346e-32,0.03590211758971605,0.0,7262,0.7181217295510879,1.0,0.4499453180124894,0.0,1.0,0.0,1.0,1.0,0,0.28187827044891217,2,65780,0.6925661295226513,1.0,0.7350238328959653,0.0,11.0,0.0,1.0,1.0,0,0.38393128610519917,12
ablate_top__record_total,answer_A_count,FN_vs_TP,FN,TP,0.0,0.942744855264052,0.0,9183,1.0,1.0,0.0,1.0,1.0,1.0,1.0,0.0,0,0.0,1,7262,0.7181217295510879,1.0,0.4499453180124894,0.0,1.0,0.0,1.0,1.0,0,0.28187827044891217,2
ablate_top__record_total,dns_count_add_rr,actual_normal_vs_actual_attack,actual_normal,actual_attack,0.0,1.042016955993276,0.9999999989999999,65780,1.1989358467619338,1.0,0.7737260064962977,0.0,3.0,1.0,1.0,0.0,0,0.08011553663727576,3,16445,0.4415931894192764,0.0,0.4965920258506806,0.0,1.0,0.0,1.0,1.0,0,0.5584068105807236,2
ablate_top__record_total,dns_count_add_rr,TP_vs_FN,TP,FN,0.0,,999999999.9999999,7262,1.0,1.0,0.0,1.0,1.0,1.0,1.0,0.0,0,0.0,1,9183,0.0,0.0,0.0,0.0,0.0,0.0,0.0,0.0,0,1.0,1
ablate_top__record_total,dns_count_add_rr,TN_vs_FP,TN,FP,,,,65780,1.1989358467619338,1.0,0.7737260064962977,0.0,3.0,1.0,1.0,0.0,0,0.08011553663727576,3,0,,,,,,,,,0,,0
ablate_top__record_total,dns_count_add_rr,TP_vs_TN,TP,TN,3.840093543516943e-33,-0.270933433650962,0.0,7262,1.0,1.0,0.0,1.0,1.0,1.0,1.0,0.0,0,0.0,1,65780,1.1989358467619338,1.0,0.7737260064962977,0.0,3.0,1.0,1.0,0.0,0,0.08011553663727576,3
ablate_top__record_total,dns_count_add_rr,FN_vs_TP,FN,TP,0.0,,999999999.9999999,9183,0.0,0.0,0.0,0.0,0.0,0.0,0.0,0.0,0,1.0,1,7262,1.0,1.0,0.0,1.0,1.0,1.0,1.0,0.0,0,0.0,1
ablate_top__record_total,dns_count_answers,actual_normal_vs_actual_attack,actual_normal,actual_attack,0.0,0.44814110325768225,0.0,65780,1.2766950440863485,1.0,0.6903027878367249,0.0,12.0,1.0,1.0,0.0,0,0.005518394648829431,13,16445,1.0,1.0,0.0,1.0,1.0,1.0,1.0,0.0,0,0.0,1
ablate_top__record_total,dns_count_answers,TP_vs_FN,TP,FN,1.0,,0.0,7262,1.0,1.0,0.0,1.0,1.0,1.0,1.0,0.0,0,0.0,1,9183,1.0,1.0,0.0,1.0,1.0,1.0,1.0,0.0,0,0.0,1
ablate_top__record_total,dns_count_answers,TN_vs_FP,TN,FP,,,,65780,1.2766950440863485,1.0,0.6903027878367249,0.0,12.0,1.0,1.0,0.0,0,0.005518394648829431,13,0,,,,,,,,,0,,0
ablate_top__record_total,dns_count_answers,TP_vs_TN,TP,TN,0.0,-0.4223752890836728,0.0,7262,1.0,1.0,0.0,1.0,1.0,1.0,1.0,0.0,0,0.0,1,65780,1.2766950440863485,1.0,0.6903027878367249,0.0,12.0,1.0,1.0,0.0,0,0.005518394648829431,13
ablate_top__record_total,dns_count_answers,FN_vs_TP,FN,TP,1.0,,0.0,9183,1.0,1.0,0.0,1.0,1.0,1.0,1.0,0.0,0,0.0,1,7262,1.0,1.0,0.0,1.0,1.0,1.0,1.0,0.0,0,0.0,1
ablate_top__record_total,additional_AAAA_count,actual_normal_vs_actual_attack,actual_normal,actual_attack,0.0,0.45020245905169104,0.0,65780,0.13952569169960474,0.0,0.3464968949812828,0.0,1.0,0.0,0.0,0.0,0,0.8604743083003953,2,16445,0.0,0.0,0.0,0.0,0.0,0.0,0.0,0.0,0,1.0,1
ablate_top__record_total,additional_AAAA_count,TP_vs_FN,TP,FN,1.0,,0.0,7262,0.0,0.0,0.0,0.0,0.0,0.0,0.0,0.0,0,1.0,1,9183,0.0,0.0,0.0,0.0,0.0,0.0,0.0,0.0,0,1.0,1
ablate_top__record_total,additional_AAAA_count,TN_vs_FP,TN,FP,,,,65780,0.13952569169960474,0.0,0.3464968949812828,0.0,1.0,0.0,0.0,0.0,0,0.8604743083003953,2,0,,,,,,,,,0,,0
ablate_top__record_total,additional_AAAA_count,TP_vs_TN,TP,TN,5.396057870960501e-254,-0.42431812749565867,0.0,7262,0.0,0.0,0.0,0.0,0.0,0.0,0.0,0.0,0,1.0,1,65780,0.13952569169960474,0.0,0.3464968949812828,0.0,1.0,0.0,0.0,0.0,0,0.8604743083003953,2
ablate_top__record_total,additional_AAAA_count,FN_vs_TP,FN,TP,1.0,,0.0,9183,0.0,0.0,0.0,0.0,0.0,0.0,0.0,0.0,0,1.0,1,7262,0.0,0.0,0.0,0.0,0.0,0.0,0.0,0.0,0,1.0,1
ablate_top__record_total,answer_record_count,actual_normal_vs_actual_attack,actual_normal,actual_attack,0.0,0.44814110325768225,0.0,65780,1.2766950440863485,1.0,0.6903027878367249,0.0,12.0,1.0,1.0,0.0,0,0.005518394648829431,13,16445,1.0,1.0,0.0,1.0,1.0,1.0,1.0,0.0,0,0.0,1
ablate_top__record_total,answer_record_count,TP_vs_FN,TP,FN,1.0,,0.0,7262,1.0,1.0,0.0,1.0,1.0,1.0,1.0,0.0,0,0.0,1,9183,1.0,1.0,0.0,1.0,1.0,1.0,1.0,0.0,0,0.0,1
ablate_top__record_total,answer_record_count,TN_vs_FP,TN,FP,,,,65780,1.2766950440863485,1.0,0.6903027878367249,0.0,12.0,1.0,1.0,0.0,0,0.005518394648829431,13,0,,,,,,,,,0,,0
ablate_top__record_total,answer_record_count,TP_vs_TN,TP,TN,0.0,-0.4223752890836728,0.0,7262,1.0,1.0,0.0,1.0,1.0,1.0,1.0,0.0,0,0.0,1,65780,1.2766950440863485,1.0,0.6903027878367249,0.0,12.0,1.0,1.0,0.0,0,0.005518394648829431,13
ablate_top__record_total,answer_record_count,FN_vs_TP,FN,TP,1.0,,0.0,9183,1.0,1.0,0.0,1.0,1.0,1.0,1.0,0.0,0,0.0,1,7262,1.0,1.0,0.0,1.0,1.0,1.0,1.0,0.0,0,0.0,1
ablate_top__record_total,frame_len,actual_normal_vs_actual_attack,actual_normal,actual_attack,0.0,1.4673027466082607,0.3302752293547681,65780,175.27546366676802,172.0,30.619567644177156,70.0,419.0,148.0,192.0,44.0,0,0.0,163,16445,131.71395560960778,136.0,25.625965873055407,100.0,171.0,100.0,165.0,65.0,0,0.0,5
ablate_top__record_total,frame_len,TP_vs_FN,TP,FN,0.0,1.9213179014084587,0.8333333333226496,7262,151.60616909942163,165.0,19.335666866430632,129.0,171.0,129.0,171.0,42.0,0,0.0,3,9183,115.98301208755309,100.0,17.887610324582734,100.0,136.0,100.0,136.0,36.0,0,0.0,2
ablate_top__record_total,frame_len,TN_vs_FP,TN,FP,,,,65780,175.27546366676802,172.0,30.619567644177156,70.0,419.0,148.0,192.0,44.0,0,0.0,163,0,,,,,,,,,0,,0
ablate_top__record_total,frame_len,TP_vs_TN,TP,TN,0.0,-0.7972032045481064,0.08139534883626284,7262,151.60616909942163,165.0,19.335666866430632,129.0,171.0,129.0,171.0,42.0,0,0.0,3,65780,175.27546366676802,172.0,30.619567644177156,70.0,419.0,148.0,192.0,44.0,0,0.0,163
ablate_top__record_total,frame_len,FN_vs_TP,FN,TP,0.0,-1.9213179014084587,0.8333333333226496,9183,115.98301208755309,100.0,17.887610324582734,100.0,136.0,100.0,136.0,36.0,0,0.0,2,7262,151.60616909942163,165.0,19.335666866430632,129.0,171.0,129.0,171.0,42.0,0,0.0,3
ablate_top__record_total,ttl_std,actual_normal_vs_actual_attack,actual_normal,actual_attack,0.0,0.33787357706000826,0.0,65780,2742.7568231968485,0.0,9075.82472833607,-1.0,43185.0,0.0,32.5,32.5,0,0.691045910611128,1656,16445,0.0,0.0,0.0,0.0,0.0,0.0,0.0,0.0,0,1.0,1
ablate_top__record_total,ttl_std,TP_vs_FN,TP,FN,1.0,,0.0,7262,0.0,0.0,0.0,0.0,0.0,0.0,0.0,0.0,0,1.0,1,9183,0.0,0.0,0.0,0.0,0.0,0.0,0.0,0.0,0,1.0,1
ablate_top__record_total,ttl_std,TN_vs_FP,TN,FP,,,,65780,2742.7568231968485,0.0,9075.82472833607,-1.0,43185.0,0.0,32.5,32.5,0,0.691045910611128,1656,0,,,,,,,,,0,,0
ablate_top__record_total,ttl_std,TP_vs_TN,TP,TN,0.0,-0.318447579896275,0.0,7262,0.0,0.0,0.0,0.0,0.0,0.0,0.0,0.0,0,1.0,1,65780,2742.7568231968485,0.0,9075.82472833607,-1.0,43185.0,0.0,32.5,32.5,0,0.691045910611128,1656
ablate_top__record_total,ttl_std,FN_vs_TP,FN,TP,1.0,,0.0,9183,0.0,0.0,0.0,0.0,0.0,0.0,0.0,0.0,0,1.0,1,7262,0.0,0.0,0.0,0.0,0.0,0.0,0.0,0.0,0,1.0,1
ablate_top__answer_A_count,has_additional_A,actual_normal_vs_actual_attack,actual_normal,actual_attack,0.0,-0.7922637126073326,0.0,65780,0.13952569169960474,0.0,0.3464968949812828,0.0,1.0,0.0,0.0,0.0,0,0.8604743083003953,2,16445,0.4415931894192764,0.0,0.4965920258506806,0.0,1.0,0.0,1.0,1.0,0,0.5584068105807236,2
ablate_top__answer_A_count,has_additional_A,TP_vs_FN,TP,FN,0.0,,999999999.9999999,7262,1.0,1.0,0.0,1.0,1.0,1.0,1.0,0.0,0,0.0,1,9183,0.0,0.0,0.0,0.0,0.0,0.0,0.0,0.0,0,1.0,1
ablate_top__answer_A_count,has_additional_A,TN_vs_FP,TN,FP,,,,65780,0.13952569169960474,0.0,0.3464968949812828,0.0,1.0,0.0,0.0,0.0,0,0.8604743083003953,2,0,,,,,,,,,0,,0
ablate_top__answer_A_count,has_additional_A,TP_vs_TN,TP,TN,0.0,2.616828791949147,999999999.9999999,7262,1.0,1.0,0.0,1.0,1.0,1.0,1.0,0.0,0,0.0,1,65780,0.13952569169960474,0.0,0.3464968949812828,0.0,1.0,0.0,0.0,0.0,0,0.8604743083003953,2
ablate_top__answer_A_count,has_additional_A,FN_vs_TP,FN,TP,0.0,,999999999.9999999,9183,0.0,0.0,0.0,0.0,0.0,0.0,0.0,0.0,0,1.0,1,7262,1.0,1.0,0.0,1.0,1.0,1.0,1.0,0.0,0,0.0,1
ablate_top__answer_A_count,additional_A_count,actual_normal_vs_actual_attack,actual_normal,actual_attack,0.0,-0.7922637126073326,0.0,65780,0.13952569169960474,0.0,0.3464968949812828,0.0,1.0,0.0,0.0,0.0,0,0.8604743083003953,2,16445,0.4415931894192764,0.0,0.4965920258506806,0.0,1.0,0.0,1.0,1.0,0,0.5584068105807236,2
ablate_top__answer_A_count,additional_A_count,TP_vs_FN,TP,FN,0.0,,999999999.9999999,7262,1.0,1.0,0.0,1.0,1.0,1.0,1.0,0.0,0,0.0,1,9183,0.0,0.0,0.0,0.0,0.0,0.0,0.0,0.0,0,1.0,1
ablate_top__answer_A_count,additional_A_count,TN_vs_FP,TN,FP,,,,65780,0.13952569169960474,0.0,0.3464968949812828,0.0,1.0,0.0,0.0,0.0,0,0.8604743083003953,2,0,,,,,,,,,0,,0
ablate_top__answer_A_count,additional_A_count,TP_vs_TN,TP,TN,0.0,2.616828791949147,999999999.9999999,7262,1.0,1.0,0.0,1.0,1.0,1.0,1.0,0.0,0,0.0,1,65780,0.13952569169960474,0.0,0.3464968949812828,0.0,1.0,0.0,0.0,0.0,0,0.8604743083003953,2
ablate_top__answer_A_count,additional_A_count,FN_vs_TP,FN,TP,0.0,,999999999.9999999,9183,0.0,0.0,0.0,0.0,0.0,0.0,0.0,0.0,0,1.0,1,7262,1.0,1.0,0.0,1.0,1.0,1.0,1.0,0.0,0,0.0,1
ablate_top__answer_A_count,unique_record_name_count,actual_normal_vs_actual_attack,actual_normal,actual_attack,4.0799850477864585e-205,-0.25874420541160026,0.0,65780,1.317254484645789,1.0,0.4764512828802376,0.0,5.0,1.0,2.0,1.0,0,0.0007601094557616296,6,16445,1.4415931894192764,1.0,0.4965920258506806,1.0,2.0,1.0,2.0,1.0,0,0.0,2
ablate_top__answer_A_count,unique_record_name_count,TP_vs_FN,TP,FN,0.0,,999999999.9999999,7262,2.0,2.0,0.0,2.0,2.0,2.0,2.0,0.0,0,0.0,1,9183,1.0,1.0,0.0,1.0,1.0,1.0,1.0,0.0,0,0.0,1
ablate_top__answer_A_count,unique_record_name_count,TN_vs_FP,TN,FP,,,,65780,1.317254484645789,1.0,0.4764512828802376,0.0,5.0,1.0,2.0,1.0,0,0.0007601094557616296,6,0,,,,,,,,,0,,0
ablate_top__answer_A_count,unique_record_name_count,TP_vs_TN,TP,TN,0.0,1.5100005459337953,0.9999999989999999,7262,2.0,2.0,0.0,2.0,2.0,2.0,2.0,0.0,0,0.0,1,65780,1.317254484645789,1.0,0.4764512828802376,0.0,5.0,1.0,2.0,1.0,0,0.0007601094557616296,6
ablate_top__answer_A_count,unique_record_name_count,FN_vs_TP,FN,TP,0.0,,999999999.9999999,9183,1.0,1.0,0.0,1.0,1.0,1.0,1.0,0.0,0,0.0,1,7262,2.0,2.0,0.0,2.0,2.0,2.0,2.0,0.0,0,0.0,1
ablate_top__answer_A_count,additional_out_of_bailiwick_count,actual_normal_vs_actual_attack,actual_normal,actual_attack,0.0,0.4486335774135458,0.0,65780,0.2773791425965339,0.0,0.691249853853276,0.0,2.0,0.0,0.0,0.0,0,0.861310428701733,2,16445,0.0,0.0,0.0,0.0,0.0,0.0,0.0,0.0,0,1.0,1
ablate_top__answer_A_count,additional_out_of_bailiwick_count,TP_vs_FN,TP,FN,1.0,,0.0,7262,0.0,0.0,0.0,0.0,0.0,0.0,0.0,0.0,0,1.0,1,9183,0.0,0.0,0.0,0.0,0.0,0.0,0.0,0.0,0,1.0,1
ablate_top__answer_A_count,additional_out_of_bailiwick_count,TN_vs_FP,TN,FP,,,,65780,0.2773791425965339,0.0,0.691249853853276,0.0,2.0,0.0,0.0,0.0,0,0.861310428701733,2,0,,,,,,,,,0,,0
ablate_top__answer_A_count,additional_out_of_bailiwick_count,TP_vs_TN,TP,TN,2.8625568912422546e-252,-0.42283944850229566,0.0,7262,0.0,0.0,0.0,0.0,0.0,0.0,0.0,0.0,0,1.0,1,65780,0.2773791425965339,0.0,0.691249853853276,0.0,2.0,0.0,0.0,0.0,0,0.861310428701733,2
ablate_top__answer_A_count,additional_out_of_bailiwick_count,FN_vs_TP,FN,TP,1.0,,0.0,9183,0.0,0.0,0.0,0.0,0.0,0.0,0.0,0.0,0,1.0,1,7262,0.0,0.0,0.0,0.0,0.0,0.0,0.0,0.0,0,1.0,1
ablate_top__answer_A_count,record_total,actual_normal_vs_actual_attack,actual_normal,actual_attack,0.0,0.7752738731266764,0.0,65780,2.4836120401337793,2.0,0.899326988730359,0.0,12.0,2.0,3.0,1.0,0,0.0007297050775311645,13,16445,1.8215871085436304,2.0,0.6409055683066263,1.0,3.0,1.0,2.0,1.0,0,0.0,3
ablate_top__answer_A_count,record_total,TP_vs_FN,TP,FN,0.0,1.7813018074824176,0.49999999975,7262,2.299091159460204,2.0,0.4578913727603667,2.0,3.0,2.0,3.0,1.0,0,0.0,2,9183,1.4439725579875857,1.0,0.49687806457174255,1.0,2.0,1.0,2.0,1.0,0,0.0,2
ablate_top__answer_A_count,record_total,TN_vs_FP,TN,FP,,,,65780,2.4836120401337793,2.0,0.899326988730359,0.0,12.0,2.0,3.0,1.0,0,0.0007297050775311645,13,0,,,,,,,,,0,,0
ablate_top__answer_A_count,record_total,TP_vs_TN,TP,TN,8.452712808185224e-30,-0.21317591876238573,0.0,7262,2.299091159460204,2.0,0.4578913727603667,2.0,3.0,2.0,3.0,1.0,0,0.0,2,65780,2.4836120401337793,2.0,0.899326988730359,0.0,12.0,2.0,3.0,1.0,0,0.0007297050775311645,13
ablate_top__answer_A_count,record_total,FN_vs_TP,FN,TP,0.0,-1.7813018074824176,0.49999999975,9183,1.4439725579875857,1.0,0.49687806457174255,1.0,2.0,1.0,2.0,1.0,0,0.0,2,7262,2.299091159460204,2.0,0.4578913727603667,2.0,3.0,2.0,3.0,1.0,0,0.0,2
ablate_top__answer_A_count,dns_count_add_rr,actual_normal_vs_actual_attack,actual_normal,actual_attack,0.0,1.042016955993276,0.9999999989999999,65780,1.1989358467619338,1.0,0.7737260064962977,0.0,3.0,1.0,1.0,0.0,0,0.08011553663727576,3,16445,0.4415931894192764,0.0,0.4965920258506806,0.0,1.0,0.0,1.0,1.0,0,0.5584068105807236,2
ablate_top__answer_A_count,dns_count_add_rr,TP_vs_FN,TP,FN,0.0,,999999999.9999999,7262,1.0,1.0,0.0,1.0,1.0,1.0,1.0,0.0,0,0.0,1,9183,0.0,0.0,0.0,0.0,0.0,0.0,0.0,0.0,0,1.0,1
ablate_top__answer_A_count,dns_count_add_rr,TN_vs_FP,TN,FP,,,,65780,1.1989358467619338,1.0,0.7737260064962977,0.0,3.0,1.0,1.0,0.0,0,0.08011553663727576,3,0,,,,,,,,,0,,0
ablate_top__answer_A_count,dns_count_add_rr,TP_vs_TN,TP,TN,3.840093543516943e-33,-0.270933433650962,0.0,7262,1.0,1.0,0.0,1.0,1.0,1.0,1.0,0.0,0,0.0,1,65780,1.1989358467619338,1.0,0.7737260064962977,0.0,3.0,1.0,1.0,0.0,0,0.08011553663727576,3
ablate_top__answer_A_count,dns_count_add_rr,FN_vs_TP,FN,TP,0.0,,999999999.9999999,9183,0.0,0.0,0.0,0.0,0.0,0.0,0.0,0.0,0,1.0,1,7262,1.0,1.0,0.0,1.0,1.0,1.0,1.0,0.0,0,0.0,1
ablate_top__answer_A_count,dns_count_answers,actual_normal_vs_actual_attack,actual_normal,actual_attack,0.0,0.44814110325768225,0.0,65780,1.2766950440863485,1.0,0.6903027878367249,0.0,12.0,1.0,1.0,0.0,0,0.005518394648829431,13,16445,1.0,1.0,0.0,1.0,1.0,1.0,1.0,0.0,0,0.0,1
ablate_top__answer_A_count,dns_count_answers,TP_vs_FN,TP,FN,1.0,,0.0,7262,1.0,1.0,0.0,1.0,1.0,1.0,1.0,0.0,0,0.0,1,9183,1.0,1.0,0.0,1.0,1.0,1.0,1.0,0.0,0,0.0,1
ablate_top__answer_A_count,dns_count_answers,TN_vs_FP,TN,FP,,,,65780,1.2766950440863485,1.0,0.6903027878367249,0.0,12.0,1.0,1.0,0.0,0,0.005518394648829431,13,0,,,,,,,,,0,,0
ablate_top__answer_A_count,dns_count_answers,TP_vs_TN,TP,TN,0.0,-0.4223752890836728,0.0,7262,1.0,1.0,0.0,1.0,1.0,1.0,1.0,0.0,0,0.0,1,65780,1.2766950440863485,1.0,0.6903027878367249,0.0,12.0,1.0,1.0,0.0,0,0.005518394648829431,13
ablate_top__answer_A_count,dns_count_answers,FN_vs_TP,FN,TP,1.0,,0.0,9183,1.0,1.0,0.0,1.0,1.0,1.0,1.0,0.0,0,0.0,1,7262,1.0,1.0,0.0,1.0,1.0,1.0,1.0,0.0,0,0.0,1
ablate_top__answer_A_count,additional_AAAA_count,actual_normal_vs_actual_attack,actual_normal,actual_attack,0.0,0.45020245905169104,0.0,65780,0.13952569169960474,0.0,0.3464968949812828,0.0,1.0,0.0,0.0,0.0,0,0.8604743083003953,2,16445,0.0,0.0,0.0,0.0,0.0,0.0,0.0,0.0,0,1.0,1
ablate_top__answer_A_count,additional_AAAA_count,TP_vs_FN,TP,FN,1.0,,0.0,7262,0.0,0.0,0.0,0.0,0.0,0.0,0.0,0.0,0,1.0,1,9183,0.0,0.0,0.0,0.0,0.0,0.0,0.0,0.0,0,1.0,1
ablate_top__answer_A_count,additional_AAAA_count,TN_vs_FP,TN,FP,,,,65780,0.13952569169960474,0.0,0.3464968949812828,0.0,1.0,0.0,0.0,0.0,0,0.8604743083003953,2,0,,,,,,,,,0,,0
ablate_top__answer_A_count,additional_AAAA_count,TP_vs_TN,TP,TN,5.396057870960501e-254,-0.42431812749565867,0.0,7262,0.0,0.0,0.0,0.0,0.0,0.0,0.0,0.0,0,1.0,1,65780,0.13952569169960474,0.0,0.3464968949812828,0.0,1.0,0.0,0.0,0.0,0,0.8604743083003953,2
ablate_top__answer_A_count,additional_AAAA_count,FN_vs_TP,FN,TP,1.0,,0.0,9183,0.0,0.0,0.0,0.0,0.0,0.0,0.0,0.0,0,1.0,1,7262,0.0,0.0,0.0,0.0,0.0,0.0,0.0,0.0,0,1.0,1
ablate_top__answer_A_count,answer_record_count,actual_normal_vs_actual_attack,actual_normal,actual_attack,0.0,0.44814110325768225,0.0,65780,1.2766950440863485,1.0,0.6903027878367249,0.0,12.0,1.0,1.0,0.0,0,0.005518394648829431,13,16445,1.0,1.0,0.0,1.0,1.0,1.0,1.0,0.0,0,0.0,1
ablate_top__answer_A_count,answer_record_count,TP_vs_FN,TP,FN,1.0,,0.0,7262,1.0,1.0,0.0,1.0,1.0,1.0,1.0,0.0,0,0.0,1,9183,1.0,1.0,0.0,1.0,1.0,1.0,1.0,0.0,0,0.0,1
ablate_top__answer_A_count,answer_record_count,TN_vs_FP,TN,FP,,,,65780,1.2766950440863485,1.0,0.6903027878367249,0.0,12.0,1.0,1.0,0.0,0,0.005518394648829431,13,0,,,,,,,,,0,,0
ablate_top__answer_A_count,answer_record_count,TP_vs_TN,TP,TN,0.0,-0.4223752890836728,0.0,7262,1.0,1.0,0.0,1.0,1.0,1.0,1.0,0.0,0,0.0,1,65780,1.2766950440863485,1.0,0.6903027878367249,0.0,12.0,1.0,1.0,0.0,0,0.005518394648829431,13
ablate_top__answer_A_count,answer_record_count,FN_vs_TP,FN,TP,1.0,,0.0,9183,1.0,1.0,0.0,1.0,1.0,1.0,1.0,0.0,0,0.0,1,7262,1.0,1.0,0.0,1.0,1.0,1.0,1.0,0.0,0,0.0,1
ablate_top__answer_A_count,frame_len,actual_normal_vs_actual_attack,actual_normal,actual_attack,0.0,1.4673027466082607,0.3302752293547681,65780,175.27546366676802,172.0,30.619567644177156,70.0,419.0,148.0,192.0,44.0,0,0.0,163,16445,131.71395560960778,136.0,25.625965873055407,100.0,171.0,100.0,165.0,65.0,0,0.0,5
ablate_top__answer_A_count,frame_len,TP_vs_FN,TP,FN,0.0,1.9213179014084587,0.8333333333226496,7262,151.60616909942163,165.0,19.335666866430632,129.0,171.0,129.0,171.0,42.0,0,0.0,3,9183,115.98301208755309,100.0,17.887610324582734,100.0,136.0,100.0,136.0,36.0,0,0.0,2
ablate_top__answer_A_count,frame_len,TN_vs_FP,TN,FP,,,,65780,175.27546366676802,172.0,30.619567644177156,70.0,419.0,148.0,192.0,44.0,0,0.0,163,0,,,,,,,,,0,,0
ablate_top__answer_A_count,frame_len,TP_vs_TN,TP,TN,0.0,-0.7972032045481064,0.08139534883626284,7262,151.60616909942163,165.0,19.335666866430632,129.0,171.0,129.0,171.0,42.0,0,0.0,3,65780,175.27546366676802,172.0,30.619567644177156,70.0,419.0,148.0,192.0,44.0,0,0.0,163
ablate_top__answer_A_count,frame_len,FN_vs_TP,FN,TP,0.0,-1.9213179014084587,0.8333333333226496,9183,115.98301208755309,100.0,17.887610324582734,100.0,136.0,100.0,136.0,36.0,0,0.0,2,7262,151.60616909942163,165.0,19.335666866430632,129.0,171.0,129.0,171.0,42.0,0,0.0,3
ablate_top__answer_A_count,ttl_std,actual_normal_vs_actual_attack,actual_normal,actual_attack,0.0,0.33787357706000826,0.0,65780,2742.7568231968485,0.0,9075.82472833607,-1.0,43185.0,0.0,32.5,32.5,0,0.691045910611128,1656,16445,0.0,0.0,0.0,0.0,0.0,0.0,0.0,0.0,0,1.0,1
ablate_top__answer_A_count,ttl_std,TP_vs_FN,TP,FN,1.0,,0.0,7262,0.0,0.0,0.0,0.0,0.0,0.0,0.0,0.0,0,1.0,1,9183,0.0,0.0,0.0,0.0,0.0,0.0,0.0,0.0,0,1.0,1
ablate_top__answer_A_count,ttl_std,TN_vs_FP,TN,FP,,,,65780,2742.7568231968485,0.0,9075.82472833607,-1.0,43185.0,0.0,32.5,32.5,0,0.691045910611128,1656,0,,,,,,,,,0,,0
ablate_top__answer_A_count,ttl_std,TP_vs_TN,TP,TN,0.0,-0.318447579896275,0.0,7262,0.0,0.0,0.0,0.0,0.0,0.0,0.0,0.0,0,1.0,1,65780,2742.7568231968485,0.0,9075.82472833607,-1.0,43185.0,0.0,32.5,32.5,0,0.691045910611128,1656
ablate_top__answer_A_count,ttl_std,FN_vs_TP,FN,TP,1.0,,0.0,9183,0.0,0.0,0.0,0.0,0.0,0.0,0.0,0.0,0,1.0,1,7262,0.0,0.0,0.0,0.0,0.0,0.0,0.0,0.0,0,1.0,1
ablate_top__dns_count_add_rr,has_additional_A,actual_normal_vs_actual_attack,actual_normal,actual_attack,0.0,-0.7922637126073326,0.0,65780,0.13952569169960474,0.0,0.3464968949812828,0.0,1.0,0.0,0.0,0.0,0,0.8604743083003953,2,16445,0.4415931894192764,0.0,0.4965920258506806,0.0,1.0,0.0,1.0,1.0,0,0.5584068105807236,2
ablate_top__dns_count_add_rr,has_additional_A,TP_vs_FN,TP,FN,0.0,,999999999.9999999,7262,1.0,1.0,0.0,1.0,1.0,1.0,1.0,0.0,0,0.0,1,9183,0.0,0.0,0.0,0.0,0.0,0.0,0.0,0.0,0,1.0,1
ablate_top__dns_count_add_rr,has_additional_A,TN_vs_FP,TN,FP,,,,65780,0.13952569169960474,0.0,0.3464968949812828,0.0,1.0,0.0,0.0,0.0,0,0.8604743083003953,2,0,,,,,,,,,0,,0
ablate_top__dns_count_add_rr,has_additional_A,TP_vs_TN,TP,TN,0.0,2.616828791949147,999999999.9999999,7262,1.0,1.0,0.0,1.0,1.0,1.0,1.0,0.0,0,0.0,1,65780,0.13952569169960474,0.0,0.3464968949812828,0.0,1.0,0.0,0.0,0.0,0,0.8604743083003953,2
ablate_top__dns_count_add_rr,has_additional_A,FN_vs_TP,FN,TP,0.0,,999999999.9999999,9183,0.0,0.0,0.0,0.0,0.0,0.0,0.0,0.0,0,1.0,1,7262,1.0,1.0,0.0,1.0,1.0,1.0,1.0,0.0,0,0.0,1
ablate_top__dns_count_add_rr,additional_A_count,actual_normal_vs_actual_attack,actual_normal,actual_attack,0.0,-0.7922637126073326,0.0,65780,0.13952569169960474,0.0,0.3464968949812828,0.0,1.0,0.0,0.0,0.0,0,0.8604743083003953,2,16445,0.4415931894192764,0.0,0.4965920258506806,0.0,1.0,0.0,1.0,1.0,0,0.5584068105807236,2
ablate_top__dns_count_add_rr,additional_A_count,TP_vs_FN,TP,FN,0.0,,999999999.9999999,7262,1.0,1.0,0.0,1.0,1.0,1.0,1.0,0.0,0,0.0,1,9183,0.0,0.0,0.0,0.0,0.0,0.0,0.0,0.0,0,1.0,1
ablate_top__dns_count_add_rr,additional_A_count,TN_vs_FP,TN,FP,,,,65780,0.13952569169960474,0.0,0.3464968949812828,0.0,1.0,0.0,0.0,0.0,0,0.8604743083003953,2,0,,,,,,,,,0,,0
ablate_top__dns_count_add_rr,additional_A_count,TP_vs_TN,TP,TN,0.0,2.616828791949147,999999999.9999999,7262,1.0,1.0,0.0,1.0,1.0,1.0,1.0,0.0,0,0.0,1,65780,0.13952569169960474,0.0,0.3464968949812828,0.0,1.0,0.0,0.0,0.0,0,0.8604743083003953,2
ablate_top__dns_count_add_rr,additional_A_count,FN_vs_TP,FN,TP,0.0,,999999999.9999999,9183,0.0,0.0,0.0,0.0,0.0,0.0,0.0,0.0,0,1.0,1,7262,1.0,1.0,0.0,1.0,1.0,1.0,1.0,0.0,0,0.0,1
ablate_top__dns_count_add_rr,unique_record_name_count,actual_normal_vs_actual_attack,actual_normal,actual_attack,4.0799850477864585e-205,-0.25874420541160026,0.0,65780,1.317254484645789,1.0,0.4764512828802376,0.0,5.0,1.0,2.0,1.0,0,0.0007601094557616296,6,16445,1.4415931894192764,1.0,0.4965920258506806,1.0,2.0,1.0,2.0,1.0,0,0.0,2
ablate_top__dns_count_add_rr,unique_record_name_count,TP_vs_FN,TP,FN,0.0,,999999999.9999999,7262,2.0,2.0,0.0,2.0,2.0,2.0,2.0,0.0,0,0.0,1,9183,1.0,1.0,0.0,1.0,1.0,1.0,1.0,0.0,0,0.0,1
ablate_top__dns_count_add_rr,unique_record_name_count,TN_vs_FP,TN,FP,,,,65780,1.317254484645789,1.0,0.4764512828802376,0.0,5.0,1.0,2.0,1.0,0,0.0007601094557616296,6,0,,,,,,,,,0,,0
ablate_top__dns_count_add_rr,unique_record_name_count,TP_vs_TN,TP,TN,0.0,1.5100005459337953,0.9999999989999999,7262,2.0,2.0,0.0,2.0,2.0,2.0,2.0,0.0,0,0.0,1,65780,1.317254484645789,1.0,0.4764512828802376,0.0,5.0,1.0,2.0,1.0,0,0.0007601094557616296,6
ablate_top__dns_count_add_rr,unique_record_name_count,FN_vs_TP,FN,TP,0.0,,999999999.9999999,9183,1.0,1.0,0.0,1.0,1.0,1.0,1.0,0.0,0,0.0,1,7262,2.0,2.0,0.0,2.0,2.0,2.0,2.0,0.0,0,0.0,1
ablate_top__dns_count_add_rr,additional_out_of_bailiwick_count,actual_normal_vs_actual_attack,actual_normal,actual_attack,0.0,0.4486335774135458,0.0,65780,0.2773791425965339,0.0,0.691249853853276,0.0,2.0,0.0,0.0,0.0,0,0.861310428701733,2,16445,0.0,0.0,0.0,0.0,0.0,0.0,0.0,0.0,0,1.0,1
ablate_top__dns_count_add_rr,additional_out_of_bailiwick_count,TP_vs_FN,TP,FN,1.0,,0.0,7262,0.0,0.0,0.0,0.0,0.0,0.0,0.0,0.0,0,1.0,1,9183,0.0,0.0,0.0,0.0,0.0,0.0,0.0,0.0,0,1.0,1
ablate_top__dns_count_add_rr,additional_out_of_bailiwick_count,TN_vs_FP,TN,FP,,,,65780,0.2773791425965339,0.0,0.691249853853276,0.0,2.0,0.0,0.0,0.0,0,0.861310428701733,2,0,,,,,,,,,0,,0
ablate_top__dns_count_add_rr,additional_out_of_bailiwick_count,TP_vs_TN,TP,TN,2.8625568912422546e-252,-0.42283944850229566,0.0,7262,0.0,0.0,0.0,0.0,0.0,0.0,0.0,0.0,0,1.0,1,65780,0.2773791425965339,0.0,0.691249853853276,0.0,2.0,0.0,0.0,0.0,0,0.861310428701733,2
ablate_top__dns_count_add_rr,additional_out_of_bailiwick_count,FN_vs_TP,FN,TP,1.0,,0.0,9183,0.0,0.0,0.0,0.0,0.0,0.0,0.0,0.0,0,1.0,1,7262,0.0,0.0,0.0,0.0,0.0,0.0,0.0,0.0,0,1.0,1
ablate_top__dns_count_add_rr,record_total,actual_normal_vs_actual_attack,actual_normal,actual_attack,0.0,0.7752738731266764,0.0,65780,2.4836120401337793,2.0,0.899326988730359,0.0,12.0,2.0,3.0,1.0,0,0.0007297050775311645,13,16445,1.8215871085436304,2.0,0.6409055683066263,1.0,3.0,1.0,2.0,1.0,0,0.0,3
ablate_top__dns_count_add_rr,record_total,TP_vs_FN,TP,FN,0.0,1.7813018074824176,0.49999999975,7262,2.299091159460204,2.0,0.4578913727603667,2.0,3.0,2.0,3.0,1.0,0,0.0,2,9183,1.4439725579875857,1.0,0.49687806457174255,1.0,2.0,1.0,2.0,1.0,0,0.0,2
ablate_top__dns_count_add_rr,record_total,TN_vs_FP,TN,FP,,,,65780,2.4836120401337793,2.0,0.899326988730359,0.0,12.0,2.0,3.0,1.0,0,0.0007297050775311645,13,0,,,,,,,,,0,,0
ablate_top__dns_count_add_rr,record_total,TP_vs_TN,TP,TN,8.452712808185224e-30,-0.21317591876238573,0.0,7262,2.299091159460204,2.0,0.4578913727603667,2.0,3.0,2.0,3.0,1.0,0,0.0,2,65780,2.4836120401337793,2.0,0.899326988730359,0.0,12.0,2.0,3.0,1.0,0,0.0007297050775311645,13
ablate_top__dns_count_add_rr,record_total,FN_vs_TP,FN,TP,0.0,-1.7813018074824176,0.49999999975,9183,1.4439725579875857,1.0,0.49687806457174255,1.0,2.0,1.0,2.0,1.0,0,0.0,2,7262,2.299091159460204,2.0,0.4578913727603667,2.0,3.0,2.0,3.0,1.0,0,0.0,2
ablate_top__dns_count_add_rr,answer_A_count,actual_normal_vs_actual_attack,actual_normal,actual_attack,0.0,-0.27153142725447765,0.0,65780,0.6925661295226513,1.0,0.7350238328959653,0.0,11.0,0.0,1.0,1.0,0,0.38393128610519917,12,16445,0.8755244755244755,1.0,0.33013329990559215,0.0,1.0,1.0,1.0,0.0,0,0.12447552447552447,2
ablate_top__dns_count_add_rr,answer_A_count,TP_vs_FN,TP,FN,0.0,-0.942744855264052,0.0,7262,0.7181217295510879,1.0,0.4499453180124894,0.0,1.0,0.0,1.0,1.0,0,0.28187827044891217,2,9183,1.0,1.0,0.0,1.0,1.0,1.0,1.0,0.0,0,0.0,1
ablate_top__dns_count_add_rr,answer_A_count,TN_vs_FP,TN,FP,,,,65780,0.6925661295226513,1.0,0.7350238328959653,0.0,11.0,0.0,1.0,1.0,0,0.38393128610519917,12,0,,,,,,,,,0,,0
ablate_top__dns_count_add_rr,answer_A_count,TP_vs_TN,TP,TN,5.582539419706346e-32,0.03590211758971605,0.0,7262,0.7181217295510879,1.0,0.4499453180124894,0.0,1.0,0.0,1.0,1.0,0,0.28187827044891217,2,65780,0.6925661295226513,1.0,0.7350238328959653,0.0,11.0,0.0,1.0,1.0,0,0.38393128610519917,12
ablate_top__dns_count_add_rr,answer_A_count,FN_vs_TP,FN,TP,0.0,0.942744855264052,0.0,9183,1.0,1.0,0.0,1.0,1.0,1.0,1.0,0.0,0,0.0,1,7262,0.7181217295510879,1.0,0.4499453180124894,0.0,1.0,0.0,1.0,1.0,0,0.28187827044891217,2
ablate_top__dns_count_add_rr,dns_count_answers,actual_normal_vs_actual_attack,actual_normal,actual_attack,0.0,0.44814110325768225,0.0,65780,1.2766950440863485,1.0,0.6903027878367249,0.0,12.0,1.0,1.0,0.0,0,0.005518394648829431,13,16445,1.0,1.0,0.0,1.0,1.0,1.0,1.0,0.0,0,0.0,1
ablate_top__dns_count_add_rr,dns_count_answers,TP_vs_FN,TP,FN,1.0,,0.0,7262,1.0,1.0,0.0,1.0,1.0,1.0,1.0,0.0,0,0.0,1,9183,1.0,1.0,0.0,1.0,1.0,1.0,1.0,0.0,0,0.0,1
ablate_top__dns_count_add_rr,dns_count_answers,TN_vs_FP,TN,FP,,,,65780,1.2766950440863485,1.0,0.6903027878367249,0.0,12.0,1.0,1.0,0.0,0,0.005518394648829431,13,0,,,,,,,,,0,,0
ablate_top__dns_count_add_rr,dns_count_answers,TP_vs_TN,TP,TN,0.0,-0.4223752890836728,0.0,7262,1.0,1.0,0.0,1.0,1.0,1.0,1.0,0.0,0,0.0,1,65780,1.2766950440863485,1.0,0.6903027878367249,0.0,12.0,1.0,1.0,0.0,0,0.005518394648829431,13
ablate_top__dns_count_add_rr,dns_count_answers,FN_vs_TP,FN,TP,1.0,,0.0,9183,1.0,1.0,0.0,1.0,1.0,1.0,1.0,0.0,0,0.0,1,7262,1.0,1.0,0.0,1.0,1.0,1.0,1.0,0.0,0,0.0,1
ablate_top__dns_count_add_rr,additional_AAAA_count,actual_normal_vs_actual_attack,actual_normal,actual_attack,0.0,0.45020245905169104,0.0,65780,0.13952569169960474,0.0,0.3464968949812828,0.0,1.0,0.0,0.0,0.0,0,0.8604743083003953,2,16445,0.0,0.0,0.0,0.0,0.0,0.0,0.0,0.0,0,1.0,1
ablate_top__dns_count_add_rr,additional_AAAA_count,TP_vs_FN,TP,FN,1.0,,0.0,7262,0.0,0.0,0.0,0.0,0.0,0.0,0.0,0.0,0,1.0,1,9183,0.0,0.0,0.0,0.0,0.0,0.0,0.0,0.0,0,1.0,1
ablate_top__dns_count_add_rr,additional_AAAA_count,TN_vs_FP,TN,FP,,,,65780,0.13952569169960474,0.0,0.3464968949812828,0.0,1.0,0.0,0.0,0.0,0,0.8604743083003953,2,0,,,,,,,,,0,,0
ablate_top__dns_count_add_rr,additional_AAAA_count,TP_vs_TN,TP,TN,5.396057870960501e-254,-0.42431812749565867,0.0,7262,0.0,0.0,0.0,0.0,0.0,0.0,0.0,0.0,0,1.0,1,65780,0.13952569169960474,0.0,0.3464968949812828,0.0,1.0,0.0,0.0,0.0,0,0.8604743083003953,2
ablate_top__dns_count_add_rr,additional_AAAA_count,FN_vs_TP,FN,TP,1.0,,0.0,9183,0.0,0.0,0.0,0.0,0.0,0.0,0.0,0.0,0,1.0,1,7262,0.0,0.0,0.0,0.0,0.0,0.0,0.0,0.0,0,1.0,1
ablate_top__dns_count_add_rr,answer_record_count,actual_normal_vs_actual_attack,actual_normal,actual_attack,0.0,0.44814110325768225,0.0,65780,1.2766950440863485,1.0,0.6903027878367249,0.0,12.0,1.0,1.0,0.0,0,0.005518394648829431,13,16445,1.0,1.0,0.0,1.0,1.0,1.0,1.0,0.0,0,0.0,1
ablate_top__dns_count_add_rr,answer_record_count,TP_vs_FN,TP,FN,1.0,,0.0,7262,1.0,1.0,0.0,1.0,1.0,1.0,1.0,0.0,0,0.0,1,9183,1.0,1.0,0.0,1.0,1.0,1.0,1.0,0.0,0,0.0,1
ablate_top__dns_count_add_rr,answer_record_count,TN_vs_FP,TN,FP,,,,65780,1.2766950440863485,1.0,0.6903027878367249,0.0,12.0,1.0,1.0,0.0,0,0.005518394648829431,13,0,,,,,,,,,0,,0
ablate_top__dns_count_add_rr,answer_record_count,TP_vs_TN,TP,TN,0.0,-0.4223752890836728,0.0,7262,1.0,1.0,0.0,1.0,1.0,1.0,1.0,0.0,0,0.0,1,65780,1.2766950440863485,1.0,0.6903027878367249,0.0,12.0,1.0,1.0,0.0,0,0.005518394648829431,13
ablate_top__dns_count_add_rr,answer_record_count,FN_vs_TP,FN,TP,1.0,,0.0,9183,1.0,1.0,0.0,1.0,1.0,1.0,1.0,0.0,0,0.0,1,7262,1.0,1.0,0.0,1.0,1.0,1.0,1.0,0.0,0,0.0,1
ablate_top__dns_count_add_rr,frame_len,actual_normal_vs_actual_attack,actual_normal,actual_attack,0.0,1.4673027466082607,0.3302752293547681,65780,175.27546366676802,172.0,30.619567644177156,70.0,419.0,148.0,192.0,44.0,0,0.0,163,16445,131.71395560960778,136.0,25.625965873055407,100.0,171.0,100.0,165.0,65.0,0,0.0,5
ablate_top__dns_count_add_rr,frame_len,TP_vs_FN,TP,FN,0.0,1.9213179014084587,0.8333333333226496,7262,151.60616909942163,165.0,19.335666866430632,129.0,171.0,129.0,171.0,42.0,0,0.0,3,9183,115.98301208755309,100.0,17.887610324582734,100.0,136.0,100.0,136.0,36.0,0,0.0,2
ablate_top__dns_count_add_rr,frame_len,TN_vs_FP,TN,FP,,,,65780,175.27546366676802,172.0,30.619567644177156,70.0,419.0,148.0,192.0,44.0,0,0.0,163,0,,,,,,,,,0,,0
ablate_top__dns_count_add_rr,frame_len,TP_vs_TN,TP,TN,0.0,-0.7972032045481064,0.08139534883626284,7262,151.60616909942163,165.0,19.335666866430632,129.0,171.0,129.0,171.0,42.0,0,0.0,3,65780,175.27546366676802,172.0,30.619567644177156,70.0,419.0,148.0,192.0,44.0,0,0.0,163
ablate_top__dns_count_add_rr,frame_len,FN_vs_TP,FN,TP,0.0,-1.9213179014084587,0.8333333333226496,9183,115.98301208755309,100.0,17.887610324582734,100.0,136.0,100.0,136.0,36.0,0,0.0,2,7262,151.60616909942163,165.0,19.335666866430632,129.0,171.0,129.0,171.0,42.0,0,0.0,3
ablate_top__dns_count_add_rr,ttl_std,actual_normal_vs_actual_attack,actual_normal,actual_attack,0.0,0.33787357706000826,0.0,65780,2742.7568231968485,0.0,9075.82472833607,-1.0,43185.0,0.0,32.5,32.5,0,0.691045910611128,1656,16445,0.0,0.0,0.0,0.0,0.0,0.0,0.0,0.0,0,1.0,1
ablate_top__dns_count_add_rr,ttl_std,TP_vs_FN,TP,FN,1.0,,0.0,7262,0.0,0.0,0.0,0.0,0.0,0.0,0.0,0.0,0,1.0,1,9183,0.0,0.0,0.0,0.0,0.0,0.0,0.0,0.0,0,1.0,1
ablate_top__dns_count_add_rr,ttl_std,TN_vs_FP,TN,FP,,,,65780,2742.7568231968485,0.0,9075.82472833607,-1.0,43185.0,0.0,32.5,32.5,0,0.691045910611128,1656,0,,,,,,,,,0,,0
ablate_top__dns_count_add_rr,ttl_std,TP_vs_TN,TP,TN,0.0,-0.318447579896275,0.0,7262,0.0,0.0,0.0,0.0,0.0,0.0,0.0,0.0,0,1.0,1,65780,2742.7568231968485,0.0,9075.82472833607,-1.0,43185.0,0.0,32.5,32.5,0,0.691045910611128,1656
ablate_top__dns_count_add_rr,ttl_std,FN_vs_TP,FN,TP,1.0,,0.0,9183,0.0,0.0,0.0,0.0,0.0,0.0,0.0,0.0,0,1.0,1,7262,0.0,0.0,0.0,0.0,0.0,0.0,0.0,0.0,0,1.0,1
ablate_top__dns_count_answers,has_additional_A,actual_normal_vs_actual_attack,actual_normal,actual_attack,0.0,-0.7922637126073326,0.0,65780,0.13952569169960474,0.0,0.3464968949812828,0.0,1.0,0.0,0.0,0.0,0,0.8604743083003953,2,16445,0.4415931894192764,0.0,0.4965920258506806,0.0,1.0,0.0,1.0,1.0,0,0.5584068105807236,2
ablate_top__dns_count_answers,has_additional_A,TP_vs_FN,TP,FN,0.0,,999999999.9999999,7262,1.0,1.0,0.0,1.0,1.0,1.0,1.0,0.0,0,0.0,1,9183,0.0,0.0,0.0,0.0,0.0,0.0,0.0,0.0,0,1.0,1
ablate_top__dns_count_answers,has_additional_A,TN_vs_FP,TN,FP,,,,65780,0.13952569169960474,0.0,0.3464968949812828,0.0,1.0,0.0,0.0,0.0,0,0.8604743083003953,2,0,,,,,,,,,0,,0
ablate_top__dns_count_answers,has_additional_A,TP_vs_TN,TP,TN,0.0,2.616828791949147,999999999.9999999,7262,1.0,1.0,0.0,1.0,1.0,1.0,1.0,0.0,0,0.0,1,65780,0.13952569169960474,0.0,0.3464968949812828,0.0,1.0,0.0,0.0,0.0,0,0.8604743083003953,2
ablate_top__dns_count_answers,has_additional_A,FN_vs_TP,FN,TP,0.0,,999999999.9999999,9183,0.0,0.0,0.0,0.0,0.0,0.0,0.0,0.0,0,1.0,1,7262,1.0,1.0,0.0,1.0,1.0,1.0,1.0,0.0,0,0.0,1
ablate_top__dns_count_answers,additional_A_count,actual_normal_vs_actual_attack,actual_normal,actual_attack,0.0,-0.7922637126073326,0.0,65780,0.13952569169960474,0.0,0.3464968949812828,0.0,1.0,0.0,0.0,0.0,0,0.8604743083003953,2,16445,0.4415931894192764,0.0,0.4965920258506806,0.0,1.0,0.0,1.0,1.0,0,0.5584068105807236,2
ablate_top__dns_count_answers,additional_A_count,TP_vs_FN,TP,FN,0.0,,999999999.9999999,7262,1.0,1.0,0.0,1.0,1.0,1.0,1.0,0.0,0,0.0,1,9183,0.0,0.0,0.0,0.0,0.0,0.0,0.0,0.0,0,1.0,1
ablate_top__dns_count_answers,additional_A_count,TN_vs_FP,TN,FP,,,,65780,0.13952569169960474,0.0,0.3464968949812828,0.0,1.0,0.0,0.0,0.0,0,0.8604743083003953,2,0,,,,,,,,,0,,0
ablate_top__dns_count_answers,additional_A_count,TP_vs_TN,TP,TN,0.0,2.616828791949147,999999999.9999999,7262,1.0,1.0,0.0,1.0,1.0,1.0,1.0,0.0,0,0.0,1,65780,0.13952569169960474,0.0,0.3464968949812828,0.0,1.0,0.0,0.0,0.0,0,0.8604743083003953,2
ablate_top__dns_count_answers,additional_A_count,FN_vs_TP,FN,TP,0.0,,999999999.9999999,9183,0.0,0.0,0.0,0.0,0.0,0.0,0.0,0.0,0,1.0,1,7262,1.0,1.0,0.0,1.0,1.0,1.0,1.0,0.0,0,0.0,1
ablate_top__dns_count_answers,unique_record_name_count,actual_normal_vs_actual_attack,actual_normal,actual_attack,4.0799850477864585e-205,-0.25874420541160026,0.0,65780,1.317254484645789,1.0,0.4764512828802376,0.0,5.0,1.0,2.0,1.0,0,0.0007601094557616296,6,16445,1.4415931894192764,1.0,0.4965920258506806,1.0,2.0,1.0,2.0,1.0,0,0.0,2
ablate_top__dns_count_answers,unique_record_name_count,TP_vs_FN,TP,FN,0.0,,999999999.9999999,7262,2.0,2.0,0.0,2.0,2.0,2.0,2.0,0.0,0,0.0,1,9183,1.0,1.0,0.0,1.0,1.0,1.0,1.0,0.0,0,0.0,1
ablate_top__dns_count_answers,unique_record_name_count,TN_vs_FP,TN,FP,,,,65780,1.317254484645789,1.0,0.4764512828802376,0.0,5.0,1.0,2.0,1.0,0,0.0007601094557616296,6,0,,,,,,,,,0,,0
ablate_top__dns_count_answers,unique_record_name_count,TP_vs_TN,TP,TN,0.0,1.5100005459337953,0.9999999989999999,7262,2.0,2.0,0.0,2.0,2.0,2.0,2.0,0.0,0,0.0,1,65780,1.317254484645789,1.0,0.4764512828802376,0.0,5.0,1.0,2.0,1.0,0,0.0007601094557616296,6
ablate_top__dns_count_answers,unique_record_name_count,FN_vs_TP,FN,TP,0.0,,999999999.9999999,9183,1.0,1.0,0.0,1.0,1.0,1.0,1.0,0.0,0,0.0,1,7262,2.0,2.0,0.0,2.0,2.0,2.0,2.0,0.0,0,0.0,1
ablate_top__dns_count_answers,additional_out_of_bailiwick_count,actual_normal_vs_actual_attack,actual_normal,actual_attack,0.0,0.4486335774135458,0.0,65780,0.2773791425965339,0.0,0.691249853853276,0.0,2.0,0.0,0.0,0.0,0,0.861310428701733,2,16445,0.0,0.0,0.0,0.0,0.0,0.0,0.0,0.0,0,1.0,1
ablate_top__dns_count_answers,additional_out_of_bailiwick_count,TP_vs_FN,TP,FN,1.0,,0.0,7262,0.0,0.0,0.0,0.0,0.0,0.0,0.0,0.0,0,1.0,1,9183,0.0,0.0,0.0,0.0,0.0,0.0,0.0,0.0,0,1.0,1
ablate_top__dns_count_answers,additional_out_of_bailiwick_count,TN_vs_FP,TN,FP,,,,65780,0.2773791425965339,0.0,0.691249853853276,0.0,2.0,0.0,0.0,0.0,0,0.861310428701733,2,0,,,,,,,,,0,,0
ablate_top__dns_count_answers,additional_out_of_bailiwick_count,TP_vs_TN,TP,TN,2.8625568912422546e-252,-0.42283944850229566,0.0,7262,0.0,0.0,0.0,0.0,0.0,0.0,0.0,0.0,0,1.0,1,65780,0.2773791425965339,0.0,0.691249853853276,0.0,2.0,0.0,0.0,0.0,0,0.861310428701733,2
ablate_top__dns_count_answers,additional_out_of_bailiwick_count,FN_vs_TP,FN,TP,1.0,,0.0,9183,0.0,0.0,0.0,0.0,0.0,0.0,0.0,0.0,0,1.0,1,7262,0.0,0.0,0.0,0.0,0.0,0.0,0.0,0.0,0,1.0,1
ablate_top__dns_count_answers,record_total,actual_normal_vs_actual_attack,actual_normal,actual_attack,0.0,0.7752738731266764,0.0,65780,2.4836120401337793,2.0,0.899326988730359,0.0,12.0,2.0,3.0,1.0,0,0.0007297050775311645,13,16445,1.8215871085436304,2.0,0.6409055683066263,1.0,3.0,1.0,2.0,1.0,0,0.0,3
ablate_top__dns_count_answers,record_total,TP_vs_FN,TP,FN,0.0,1.7813018074824176,0.49999999975,7262,2.299091159460204,2.0,0.4578913727603667,2.0,3.0,2.0,3.0,1.0,0,0.0,2,9183,1.4439725579875857,1.0,0.49687806457174255,1.0,2.0,1.0,2.0,1.0,0,0.0,2
ablate_top__dns_count_answers,record_total,TN_vs_FP,TN,FP,,,,65780,2.4836120401337793,2.0,0.899326988730359,0.0,12.0,2.0,3.0,1.0,0,0.0007297050775311645,13,0,,,,,,,,,0,,0
ablate_top__dns_count_answers,record_total,TP_vs_TN,TP,TN,8.452712808185224e-30,-0.21317591876238573,0.0,7262,2.299091159460204,2.0,0.4578913727603667,2.0,3.0,2.0,3.0,1.0,0,0.0,2,65780,2.4836120401337793,2.0,0.899326988730359,0.0,12.0,2.0,3.0,1.0,0,0.0007297050775311645,13
ablate_top__dns_count_answers,record_total,FN_vs_TP,FN,TP,0.0,-1.7813018074824176,0.49999999975,9183,1.4439725579875857,1.0,0.49687806457174255,1.0,2.0,1.0,2.0,1.0,0,0.0,2,7262,2.299091159460204,2.0,0.4578913727603667,2.0,3.0,2.0,3.0,1.0,0,0.0,2
ablate_top__dns_count_answers,answer_A_count,actual_normal_vs_actual_attack,actual_normal,actual_attack,0.0,-0.27153142725447765,0.0,65780,0.6925661295226513,1.0,0.7350238328959653,0.0,11.0,0.0,1.0,1.0,0,0.38393128610519917,12,16445,0.8755244755244755,1.0,0.33013329990559215,0.0,1.0,1.0,1.0,0.0,0,0.12447552447552447,2
ablate_top__dns_count_answers,answer_A_count,TP_vs_FN,TP,FN,0.0,-0.942744855264052,0.0,7262,0.7181217295510879,1.0,0.4499453180124894,0.0,1.0,0.0,1.0,1.0,0,0.28187827044891217,2,9183,1.0,1.0,0.0,1.0,1.0,1.0,1.0,0.0,0,0.0,1
ablate_top__dns_count_answers,answer_A_count,TN_vs_FP,TN,FP,,,,65780,0.6925661295226513,1.0,0.7350238328959653,0.0,11.0,0.0,1.0,1.0,0,0.38393128610519917,12,0,,,,,,,,,0,,0
ablate_top__dns_count_answers,answer_A_count,TP_vs_TN,TP,TN,5.582539419706346e-32,0.03590211758971605,0.0,7262,0.7181217295510879,1.0,0.4499453180124894,0.0,1.0,0.0,1.0,1.0,0,0.28187827044891217,2,65780,0.6925661295226513,1.0,0.7350238328959653,0.0,11.0,0.0,1.0,1.0,0,0.38393128610519917,12
ablate_top__dns_count_answers,answer_A_count,FN_vs_TP,FN,TP,0.0,0.942744855264052,0.0,9183,1.0,1.0,0.0,1.0,1.0,1.0,1.0,0.0,0,0.0,1,7262,0.7181217295510879,1.0,0.4499453180124894,0.0,1.0,0.0,1.0,1.0,0,0.28187827044891217,2
ablate_top__dns_count_answers,dns_count_add_rr,actual_normal_vs_actual_attack,actual_normal,actual_attack,0.0,1.042016955993276,0.9999999989999999,65780,1.1989358467619338,1.0,0.7737260064962977,0.0,3.0,1.0,1.0,0.0,0,0.08011553663727576,3,16445,0.4415931894192764,0.0,0.4965920258506806,0.0,1.0,0.0,1.0,1.0,0,0.5584068105807236,2
ablate_top__dns_count_answers,dns_count_add_rr,TP_vs_FN,TP,FN,0.0,,999999999.9999999,7262,1.0,1.0,0.0,1.0,1.0,1.0,1.0,0.0,0,0.0,1,9183,0.0,0.0,0.0,0.0,0.0,0.0,0.0,0.0,0,1.0,1
ablate_top__dns_count_answers,dns_count_add_rr,TN_vs_FP,TN,FP,,,,65780,1.1989358467619338,1.0,0.7737260064962977,0.0,3.0,1.0,1.0,0.0,0,0.08011553663727576,3,0,,,,,,,,,0,,0
ablate_top__dns_count_answers,dns_count_add_rr,TP_vs_TN,TP,TN,3.840093543516943e-33,-0.270933433650962,0.0,7262,1.0,1.0,0.0,1.0,1.0,1.0,1.0,0.0,0,0.0,1,65780,1.1989358467619338,1.0,0.7737260064962977,0.0,3.0,1.0,1.0,0.0,0,0.08011553663727576,3
ablate_top__dns_count_answers,dns_count_add_rr,FN_vs_TP,FN,TP,0.0,,999999999.9999999,9183,0.0,0.0,0.0,0.0,0.0,0.0,0.0,0.0,0,1.0,1,7262,1.0,1.0,0.0,1.0,1.0,1.0,1.0,0.0,0,0.0,1
ablate_top__dns_count_answers,additional_AAAA_count,actual_normal_vs_actual_attack,actual_normal,actual_attack,0.0,0.45020245905169104,0.0,65780,0.13952569169960474,0.0,0.3464968949812828,0.0,1.0,0.0,0.0,0.0,0,0.8604743083003953,2,16445,0.0,0.0,0.0,0.0,0.0,0.0,0.0,0.0,0,1.0,1
ablate_top__dns_count_answers,additional_AAAA_count,TP_vs_FN,TP,FN,1.0,,0.0,7262,0.0,0.0,0.0,0.0,0.0,0.0,0.0,0.0,0,1.0,1,9183,0.0,0.0,0.0,0.0,0.0,0.0,0.0,0.0,0,1.0,1
ablate_top__dns_count_answers,additional_AAAA_count,TN_vs_FP,TN,FP,,,,65780,0.13952569169960474,0.0,0.3464968949812828,0.0,1.0,0.0,0.0,0.0,0,0.8604743083003953,2,0,,,,,,,,,0,,0
ablate_top__dns_count_answers,additional_AAAA_count,TP_vs_TN,TP,TN,5.396057870960501e-254,-0.42431812749565867,0.0,7262,0.0,0.0,0.0,0.0,0.0,0.0,0.0,0.0,0,1.0,1,65780,0.13952569169960474,0.0,0.3464968949812828,0.0,1.0,0.0,0.0,0.0,0,0.8604743083003953,2
ablate_top__dns_count_answers,additional_AAAA_count,FN_vs_TP,FN,TP,1.0,,0.0,9183,0.0,0.0,0.0,0.0,0.0,0.0,0.0,0.0,0,1.0,1,7262,0.0,0.0,0.0,0.0,0.0,0.0,0.0,0.0,0,1.0,1
ablate_top__dns_count_answers,answer_record_count,actual_normal_vs_actual_attack,actual_normal,actual_attack,0.0,0.44814110325768225,0.0,65780,1.2766950440863485,1.0,0.6903027878367249,0.0,12.0,1.0,1.0,0.0,0,0.005518394648829431,13,16445,1.0,1.0,0.0,1.0,1.0,1.0,1.0,0.0,0,0.0,1
ablate_top__dns_count_answers,answer_record_count,TP_vs_FN,TP,FN,1.0,,0.0,7262,1.0,1.0,0.0,1.0,1.0,1.0,1.0,0.0,0,0.0,1,9183,1.0,1.0,0.0,1.0,1.0,1.0,1.0,0.0,0,0.0,1
ablate_top__dns_count_answers,answer_record_count,TN_vs_FP,TN,FP,,,,65780,1.2766950440863485,1.0,0.6903027878367249,0.0,12.0,1.0,1.0,0.0,0,0.005518394648829431,13,0,,,,,,,,,0,,0
ablate_top__dns_count_answers,answer_record_count,TP_vs_TN,TP,TN,0.0,-0.4223752890836728,0.0,7262,1.0,1.0,0.0,1.0,1.0,1.0,1.0,0.0,0,0.0,1,65780,1.2766950440863485,1.0,0.6903027878367249,0.0,12.0,1.0,1.0,0.0,0,0.005518394648829431,13
ablate_top__dns_count_answers,answer_record_count,FN_vs_TP,FN,TP,1.0,,0.0,9183,1.0,1.0,0.0,1.0,1.0,1.0,1.0,0.0,0,0.0,1,7262,1.0,1.0,0.0,1.0,1.0,1.0,1.0,0.0,0,0.0,1
ablate_top__dns_count_answers,frame_len,actual_normal_vs_actual_attack,actual_normal,actual_attack,0.0,1.4673027466082607,0.3302752293547681,65780,175.27546366676802,172.0,30.619567644177156,70.0,419.0,148.0,192.0,44.0,0,0.0,163,16445,131.71395560960778,136.0,25.625965873055407,100.0,171.0,100.0,165.0,65.0,0,0.0,5
ablate_top__dns_count_answers,frame_len,TP_vs_FN,TP,FN,0.0,1.9213179014084587,0.8333333333226496,7262,151.60616909942163,165.0,19.335666866430632,129.0,171.0,129.0,171.0,42.0,0,0.0,3,9183,115.98301208755309,100.0,17.887610324582734,100.0,136.0,100.0,136.0,36.0,0,0.0,2
ablate_top__dns_count_answers,frame_len,TN_vs_FP,TN,FP,,,,65780,175.27546366676802,172.0,30.619567644177156,70.0,419.0,148.0,192.0,44.0,0,0.0,163,0,,,,,,,,,0,,0
ablate_top__dns_count_answers,frame_len,TP_vs_TN,TP,TN,0.0,-0.7972032045481064,0.08139534883626284,7262,151.60616909942163,165.0,19.335666866430632,129.0,171.0,129.0,171.0,42.0,0,0.0,3,65780,175.27546366676802,172.0,30.619567644177156,70.0,419.0,148.0,192.0,44.0,0,0.0,163
ablate_top__dns_count_answers,frame_len,FN_vs_TP,FN,TP,0.0,-1.9213179014084587,0.8333333333226496,9183,115.98301208755309,100.0,17.887610324582734,100.0,136.0,100.0,136.0,36.0,0,0.0,2,7262,151.60616909942163,165.0,19.335666866430632,129.0,171.0,129.0,171.0,42.0,0,0.0,3
ablate_top__dns_count_answers,ttl_std,actual_normal_vs_actual_attack,actual_normal,actual_attack,0.0,0.33787357706000826,0.0,65780,2742.7568231968485,0.0,9075.82472833607,-1.0,43185.0,0.0,32.5,32.5,0,0.691045910611128,1656,16445,0.0,0.0,0.0,0.0,0.0,0.0,0.0,0.0,0,1.0,1
ablate_top__dns_count_answers,ttl_std,TP_vs_FN,TP,FN,1.0,,0.0,7262,0.0,0.0,0.0,0.0,0.0,0.0,0.0,0.0,0,1.0,1,9183,0.0,0.0,0.0,0.0,0.0,0.0,0.0,0.0,0,1.0,1
ablate_top__dns_count_answers,ttl_std,TN_vs_FP,TN,FP,,,,65780,2742.7568231968485,0.0,9075.82472833607,-1.0,43185.0,0.0,32.5,32.5,0,0.691045910611128,1656,0,,,,,,,,,0,,0
ablate_top__dns_count_answers,ttl_std,TP_vs_TN,TP,TN,0.0,-0.318447579896275,0.0,7262,0.0,0.0,0.0,0.0,0.0,0.0,0.0,0.0,0,1.0,1,65780,2742.7568231968485,0.0,9075.82472833607,-1.0,43185.0,0.0,32.5,32.5,0,0.691045910611128,1656
ablate_top__dns_count_answers,ttl_std,FN_vs_TP,FN,TP,1.0,,0.0,9183,0.0,0.0,0.0,0.0,0.0,0.0,0.0,0.0,0,1.0,1,7262,0.0,0.0,0.0,0.0,0.0,0.0,0.0,0.0,0,1.0,1
ablate_top__additional_AAAA_count,has_additional_A,actual_normal_vs_actual_attack,actual_normal,actual_attack,0.0,-0.7922637126073326,0.0,65780,0.13952569169960474,0.0,0.3464968949812828,0.0,1.0,0.0,0.0,0.0,0,0.8604743083003953,2,16445,0.4415931894192764,0.0,0.4965920258506806,0.0,1.0,0.0,1.0,1.0,0,0.5584068105807236,2
ablate_top__additional_AAAA_count,has_additional_A,TP_vs_FN,TP,FN,0.0,,999999999.9999999,7262,1.0,1.0,0.0,1.0,1.0,1.0,1.0,0.0,0,0.0,1,9183,0.0,0.0,0.0,0.0,0.0,0.0,0.0,0.0,0,1.0,1
ablate_top__additional_AAAA_count,has_additional_A,TN_vs_FP,TN,FP,,,,65780,0.13952569169960474,0.0,0.3464968949812828,0.0,1.0,0.0,0.0,0.0,0,0.8604743083003953,2,0,,,,,,,,,0,,0
ablate_top__additional_AAAA_count,has_additional_A,TP_vs_TN,TP,TN,0.0,2.616828791949147,999999999.9999999,7262,1.0,1.0,0.0,1.0,1.0,1.0,1.0,0.0,0,0.0,1,65780,0.13952569169960474,0.0,0.3464968949812828,0.0,1.0,0.0,0.0,0.0,0,0.8604743083003953,2
ablate_top__additional_AAAA_count,has_additional_A,FN_vs_TP,FN,TP,0.0,,999999999.9999999,9183,0.0,0.0,0.0,0.0,0.0,0.0,0.0,0.0,0,1.0,1,7262,1.0,1.0,0.0,1.0,1.0,1.0,1.0,0.0,0,0.0,1
ablate_top__additional_AAAA_count,additional_A_count,actual_normal_vs_actual_attack,actual_normal,actual_attack,0.0,-0.7922637126073326,0.0,65780,0.13952569169960474,0.0,0.3464968949812828,0.0,1.0,0.0,0.0,0.0,0,0.8604743083003953,2,16445,0.4415931894192764,0.0,0.4965920258506806,0.0,1.0,0.0,1.0,1.0,0,0.5584068105807236,2
ablate_top__additional_AAAA_count,additional_A_count,TP_vs_FN,TP,FN,0.0,,999999999.9999999,7262,1.0,1.0,0.0,1.0,1.0,1.0,1.0,0.0,0,0.0,1,9183,0.0,0.0,0.0,0.0,0.0,0.0,0.0,0.0,0,1.0,1
ablate_top__additional_AAAA_count,additional_A_count,TN_vs_FP,TN,FP,,,,65780,0.13952569169960474,0.0,0.3464968949812828,0.0,1.0,0.0,0.0,0.0,0,0.8604743083003953,2,0,,,,,,,,,0,,0
ablate_top__additional_AAAA_count,additional_A_count,TP_vs_TN,TP,TN,0.0,2.616828791949147,999999999.9999999,7262,1.0,1.0,0.0,1.0,1.0,1.0,1.0,0.0,0,0.0,1,65780,0.13952569169960474,0.0,0.3464968949812828,0.0,1.0,0.0,0.0,0.0,0,0.8604743083003953,2
ablate_top__additional_AAAA_count,additional_A_count,FN_vs_TP,FN,TP,0.0,,999999999.9999999,9183,0.0,0.0,0.0,0.0,0.0,0.0,0.0,0.0,0,1.0,1,7262,1.0,1.0,0.0,1.0,1.0,1.0,1.0,0.0,0,0.0,1
ablate_top__additional_AAAA_count,unique_record_name_count,actual_normal_vs_actual_attack,actual_normal,actual_attack,4.0799850477864585e-205,-0.25874420541160026,0.0,65780,1.317254484645789,1.0,0.4764512828802376,0.0,5.0,1.0,2.0,1.0,0,0.0007601094557616296,6,16445,1.4415931894192764,1.0,0.4965920258506806,1.0,2.0,1.0,2.0,1.0,0,0.0,2
ablate_top__additional_AAAA_count,unique_record_name_count,TP_vs_FN,TP,FN,0.0,,999999999.9999999,7262,2.0,2.0,0.0,2.0,2.0,2.0,2.0,0.0,0,0.0,1,9183,1.0,1.0,0.0,1.0,1.0,1.0,1.0,0.0,0,0.0,1
ablate_top__additional_AAAA_count,unique_record_name_count,TN_vs_FP,TN,FP,,,,65780,1.317254484645789,1.0,0.4764512828802376,0.0,5.0,1.0,2.0,1.0,0,0.0007601094557616296,6,0,,,,,,,,,0,,0
ablate_top__additional_AAAA_count,unique_record_name_count,TP_vs_TN,TP,TN,0.0,1.5100005459337953,0.9999999989999999,7262,2.0,2.0,0.0,2.0,2.0,2.0,2.0,0.0,0,0.0,1,65780,1.317254484645789,1.0,0.4764512828802376,0.0,5.0,1.0,2.0,1.0,0,0.0007601094557616296,6
ablate_top__additional_AAAA_count,unique_record_name_count,FN_vs_TP,FN,TP,0.0,,999999999.9999999,9183,1.0,1.0,0.0,1.0,1.0,1.0,1.0,0.0,0,0.0,1,7262,2.0,2.0,0.0,2.0,2.0,2.0,2.0,0.0,0,0.0,1
ablate_top__additional_AAAA_count,additional_out_of_bailiwick_count,actual_normal_vs_actual_attack,actual_normal,actual_attack,0.0,0.4486335774135458,0.0,65780,0.2773791425965339,0.0,0.691249853853276,0.0,2.0,0.0,0.0,0.0,0,0.861310428701733,2,16445,0.0,0.0,0.0,0.0,0.0,0.0,0.0,0.0,0,1.0,1
ablate_top__additional_AAAA_count,additional_out_of_bailiwick_count,TP_vs_FN,TP,FN,1.0,,0.0,7262,0.0,0.0,0.0,0.0,0.0,0.0,0.0,0.0,0,1.0,1,9183,0.0,0.0,0.0,0.0,0.0,0.0,0.0,0.0,0,1.0,1
ablate_top__additional_AAAA_count,additional_out_of_bailiwick_count,TN_vs_FP,TN,FP,,,,65780,0.2773791425965339,0.0,0.691249853853276,0.0,2.0,0.0,0.0,0.0,0,0.861310428701733,2,0,,,,,,,,,0,,0
ablate_top__additional_AAAA_count,additional_out_of_bailiwick_count,TP_vs_TN,TP,TN,2.8625568912422546e-252,-0.42283944850229566,0.0,7262,0.0,0.0,0.0,0.0,0.0,0.0,0.0,0.0,0,1.0,1,65780,0.2773791425965339,0.0,0.691249853853276,0.0,2.0,0.0,0.0,0.0,0,0.861310428701733,2
ablate_top__additional_AAAA_count,additional_out_of_bailiwick_count,FN_vs_TP,FN,TP,1.0,,0.0,9183,0.0,0.0,0.0,0.0,0.0,0.0,0.0,0.0,0,1.0,1,7262,0.0,0.0,0.0,0.0,0.0,0.0,0.0,0.0,0,1.0,1
ablate_top__additional_AAAA_count,record_total,actual_normal_vs_actual_attack,actual_normal,actual_attack,0.0,0.7752738731266764,0.0,65780,2.4836120401337793,2.0,0.899326988730359,0.0,12.0,2.0,3.0,1.0,0,0.0007297050775311645,13,16445,1.8215871085436304,2.0,0.6409055683066263,1.0,3.0,1.0,2.0,1.0,0,0.0,3
ablate_top__additional_AAAA_count,record_total,TP_vs_FN,TP,FN,0.0,1.7813018074824176,0.49999999975,7262,2.299091159460204,2.0,0.4578913727603667,2.0,3.0,2.0,3.0,1.0,0,0.0,2,9183,1.4439725579875857,1.0,0.49687806457174255,1.0,2.0,1.0,2.0,1.0,0,0.0,2
ablate_top__additional_AAAA_count,record_total,TN_vs_FP,TN,FP,,,,65780,2.4836120401337793,2.0,0.899326988730359,0.0,12.0,2.0,3.0,1.0,0,0.0007297050775311645,13,0,,,,,,,,,0,,0
ablate_top__additional_AAAA_count,record_total,TP_vs_TN,TP,TN,8.452712808185224e-30,-0.21317591876238573,0.0,7262,2.299091159460204,2.0,0.4578913727603667,2.0,3.0,2.0,3.0,1.0,0,0.0,2,65780,2.4836120401337793,2.0,0.899326988730359,0.0,12.0,2.0,3.0,1.0,0,0.0007297050775311645,13
ablate_top__additional_AAAA_count,record_total,FN_vs_TP,FN,TP,0.0,-1.7813018074824176,0.49999999975,9183,1.4439725579875857,1.0,0.49687806457174255,1.0,2.0,1.0,2.0,1.0,0,0.0,2,7262,2.299091159460204,2.0,0.4578913727603667,2.0,3.0,2.0,3.0,1.0,0,0.0,2
ablate_top__additional_AAAA_count,answer_A_count,actual_normal_vs_actual_attack,actual_normal,actual_attack,0.0,-0.27153142725447765,0.0,65780,0.6925661295226513,1.0,0.7350238328959653,0.0,11.0,0.0,1.0,1.0,0,0.38393128610519917,12,16445,0.8755244755244755,1.0,0.33013329990559215,0.0,1.0,1.0,1.0,0.0,0,0.12447552447552447,2
ablate_top__additional_AAAA_count,answer_A_count,TP_vs_FN,TP,FN,0.0,-0.942744855264052,0.0,7262,0.7181217295510879,1.0,0.4499453180124894,0.0,1.0,0.0,1.0,1.0,0,0.28187827044891217,2,9183,1.0,1.0,0.0,1.0,1.0,1.0,1.0,0.0,0,0.0,1
ablate_top__additional_AAAA_count,answer_A_count,TN_vs_FP,TN,FP,,,,65780,0.6925661295226513,1.0,0.7350238328959653,0.0,11.0,0.0,1.0,1.0,0,0.38393128610519917,12,0,,,,,,,,,0,,0
ablate_top__additional_AAAA_count,answer_A_count,TP_vs_TN,TP,TN,5.582539419706346e-32,0.03590211758971605,0.0,7262,0.7181217295510879,1.0,0.4499453180124894,0.0,1.0,0.0,1.0,1.0,0,0.28187827044891217,2,65780,0.6925661295226513,1.0,0.7350238328959653,0.0,11.0,0.0,1.0,1.0,0,0.38393128610519917,12
ablate_top__additional_AAAA_count,answer_A_count,FN_vs_TP,FN,TP,0.0,0.942744855264052,0.0,9183,1.0,1.0,0.0,1.0,1.0,1.0,1.0,0.0,0,0.0,1,7262,0.7181217295510879,1.0,0.4499453180124894,0.0,1.0,0.0,1.0,1.0,0,0.28187827044891217,2
ablate_top__additional_AAAA_count,dns_count_add_rr,actual_normal_vs_actual_attack,actual_normal,actual_attack,0.0,1.042016955993276,0.9999999989999999,65780,1.1989358467619338,1.0,0.7737260064962977,0.0,3.0,1.0,1.0,0.0,0,0.08011553663727576,3,16445,0.4415931894192764,0.0,0.4965920258506806,0.0,1.0,0.0,1.0,1.0,0,0.5584068105807236,2
ablate_top__additional_AAAA_count,dns_count_add_rr,TP_vs_FN,TP,FN,0.0,,999999999.9999999,7262,1.0,1.0,0.0,1.0,1.0,1.0,1.0,0.0,0,0.0,1,9183,0.0,0.0,0.0,0.0,0.0,0.0,0.0,0.0,0,1.0,1
ablate_top__additional_AAAA_count,dns_count_add_rr,TN_vs_FP,TN,FP,,,,65780,1.1989358467619338,1.0,0.7737260064962977,0.0,3.0,1.0,1.0,0.0,0,0.08011553663727576,3,0,,,,,,,,,0,,0
ablate_top__additional_AAAA_count,dns_count_add_rr,TP_vs_TN,TP,TN,3.840093543516943e-33,-0.270933433650962,0.0,7262,1.0,1.0,0.0,1.0,1.0,1.0,1.0,0.0,0,0.0,1,65780,1.1989358467619338,1.0,0.7737260064962977,0.0,3.0,1.0,1.0,0.0,0,0.08011553663727576,3
ablate_top__additional_AAAA_count,dns_count_add_rr,FN_vs_TP,FN,TP,0.0,,999999999.9999999,9183,0.0,0.0,0.0,0.0,0.0,0.0,0.0,0.0,0,1.0,1,7262,1.0,1.0,0.0,1.0,1.0,1.0,1.0,0.0,0,0.0,1
ablate_top__additional_AAAA_count,dns_count_answers,actual_normal_vs_actual_attack,actual_normal,actual_attack,0.0,0.44814110325768225,0.0,65780,1.2766950440863485,1.0,0.6903027878367249,0.0,12.0,1.0,1.0,0.0,0,0.005518394648829431,13,16445,1.0,1.0,0.0,1.0,1.0,1.0,1.0,0.0,0,0.0,1
ablate_top__additional_AAAA_count,dns_count_answers,TP_vs_FN,TP,FN,1.0,,0.0,7262,1.0,1.0,0.0,1.0,1.0,1.0,1.0,0.0,0,0.0,1,9183,1.0,1.0,0.0,1.0,1.0,1.0,1.0,0.0,0,0.0,1
ablate_top__additional_AAAA_count,dns_count_answers,TN_vs_FP,TN,FP,,,,65780,1.2766950440863485,1.0,0.6903027878367249,0.0,12.0,1.0,1.0,0.0,0,0.005518394648829431,13,0,,,,,,,,,0,,0
ablate_top__additional_AAAA_count,dns_count_answers,TP_vs_TN,TP,TN,0.0,-0.4223752890836728,0.0,7262,1.0,1.0,0.0,1.0,1.0,1.0,1.0,0.0,0,0.0,1,65780,1.2766950440863485,1.0,0.6903027878367249,0.0,12.0,1.0,1.0,0.0,0,0.005518394648829431,13
ablate_top__additional_AAAA_count,dns_count_answers,FN_vs_TP,FN,TP,1.0,,0.0,9183,1.0,1.0,0.0,1.0,1.0,1.0,1.0,0.0,0,0.0,1,7262,1.0,1.0,0.0,1.0,1.0,1.0,1.0,0.0,0,0.0,1
ablate_top__additional_AAAA_count,answer_record_count,actual_normal_vs_actual_attack,actual_normal,actual_attack,0.0,0.44814110325768225,0.0,65780,1.2766950440863485,1.0,0.6903027878367249,0.0,12.0,1.0,1.0,0.0,0,0.005518394648829431,13,16445,1.0,1.0,0.0,1.0,1.0,1.0,1.0,0.0,0,0.0,1
ablate_top__additional_AAAA_count,answer_record_count,TP_vs_FN,TP,FN,1.0,,0.0,7262,1.0,1.0,0.0,1.0,1.0,1.0,1.0,0.0,0,0.0,1,9183,1.0,1.0,0.0,1.0,1.0,1.0,1.0,0.0,0,0.0,1
ablate_top__additional_AAAA_count,answer_record_count,TN_vs_FP,TN,FP,,,,65780,1.2766950440863485,1.0,0.6903027878367249,0.0,12.0,1.0,1.0,0.0,0,0.005518394648829431,13,0,,,,,,,,,0,,0
ablate_top__additional_AAAA_count,answer_record_count,TP_vs_TN,TP,TN,0.0,-0.4223752890836728,0.0,7262,1.0,1.0,0.0,1.0,1.0,1.0,1.0,0.0,0,0.0,1,65780,1.2766950440863485,1.0,0.6903027878367249,0.0,12.0,1.0,1.0,0.0,0,0.005518394648829431,13
ablate_top__additional_AAAA_count,answer_record_count,FN_vs_TP,FN,TP,1.0,,0.0,9183,1.0,1.0,0.0,1.0,1.0,1.0,1.0,0.0,0,0.0,1,7262,1.0,1.0,0.0,1.0,1.0,1.0,1.0,0.0,0,0.0,1
ablate_top__additional_AAAA_count,frame_len,actual_normal_vs_actual_attack,actual_normal,actual_attack,0.0,1.4673027466082607,0.3302752293547681,65780,175.27546366676802,172.0,30.619567644177156,70.0,419.0,148.0,192.0,44.0,0,0.0,163,16445,131.71395560960778,136.0,25.625965873055407,100.0,171.0,100.0,165.0,65.0,0,0.0,5
ablate_top__additional_AAAA_count,frame_len,TP_vs_FN,TP,FN,0.0,1.9213179014084587,0.8333333333226496,7262,151.60616909942163,165.0,19.335666866430632,129.0,171.0,129.0,171.0,42.0,0,0.0,3,9183,115.98301208755309,100.0,17.887610324582734,100.0,136.0,100.0,136.0,36.0,0,0.0,2
ablate_top__additional_AAAA_count,frame_len,TN_vs_FP,TN,FP,,,,65780,175.27546366676802,172.0,30.619567644177156,70.0,419.0,148.0,192.0,44.0,0,0.0,163,0,,,,,,,,,0,,0
ablate_top__additional_AAAA_count,frame_len,TP_vs_TN,TP,TN,0.0,-0.7972032045481064,0.08139534883626284,7262,151.60616909942163,165.0,19.335666866430632,129.0,171.0,129.0,171.0,42.0,0,0.0,3,65780,175.27546366676802,172.0,30.619567644177156,70.0,419.0,148.0,192.0,44.0,0,0.0,163
ablate_top__additional_AAAA_count,frame_len,FN_vs_TP,FN,TP,0.0,-1.9213179014084587,0.8333333333226496,9183,115.98301208755309,100.0,17.887610324582734,100.0,136.0,100.0,136.0,36.0,0,0.0,2,7262,151.60616909942163,165.0,19.335666866430632,129.0,171.0,129.0,171.0,42.0,0,0.0,3
ablate_top__additional_AAAA_count,ttl_std,actual_normal_vs_actual_attack,actual_normal,actual_attack,0.0,0.33787357706000826,0.0,65780,2742.7568231968485,0.0,9075.82472833607,-1.0,43185.0,0.0,32.5,32.5,0,0.691045910611128,1656,16445,0.0,0.0,0.0,0.0,0.0,0.0,0.0,0.0,0,1.0,1
ablate_top__additional_AAAA_count,ttl_std,TP_vs_FN,TP,FN,1.0,,0.0,7262,0.0,0.0,0.0,0.0,0.0,0.0,0.0,0.0,0,1.0,1,9183,0.0,0.0,0.0,0.0,0.0,0.0,0.0,0.0,0,1.0,1
ablate_top__additional_AAAA_count,ttl_std,TN_vs_FP,TN,FP,,,,65780,2742.7568231968485,0.0,9075.82472833607,-1.0,43185.0,0.0,32.5,32.5,0,0.691045910611128,1656,0,,,,,,,,,0,,0
ablate_top__additional_AAAA_count,ttl_std,TP_vs_TN,TP,TN,0.0,-0.318447579896275,0.0,7262,0.0,0.0,0.0,0.0,0.0,0.0,0.0,0.0,0,1.0,1,65780,2742.7568231968485,0.0,9075.82472833607,-1.0,43185.0,0.0,32.5,32.5,0,0.691045910611128,1656
ablate_top__additional_AAAA_count,ttl_std,FN_vs_TP,FN,TP,1.0,,0.0,9183,0.0,0.0,0.0,0.0,0.0,0.0,0.0,0.0,0,1.0,1,7262,0.0,0.0,0.0,0.0,0.0,0.0,0.0,0.0,0,1.0,1
ablate_top__answer_record_count,has_additional_A,actual_normal_vs_actual_attack,actual_normal,actual_attack,0.0,-0.7922637126073326,0.0,65780,0.13952569169960474,0.0,0.3464968949812828,0.0,1.0,0.0,0.0,0.0,0,0.8604743083003953,2,16445,0.4415931894192764,0.0,0.4965920258506806,0.0,1.0,0.0,1.0,1.0,0,0.5584068105807236,2
ablate_top__answer_record_count,has_additional_A,TP_vs_FN,TP,FN,0.0,,999999999.9999999,7262,1.0,1.0,0.0,1.0,1.0,1.0,1.0,0.0,0,0.0,1,9183,0.0,0.0,0.0,0.0,0.0,0.0,0.0,0.0,0,1.0,1
ablate_top__answer_record_count,has_additional_A,TN_vs_FP,TN,FP,,,,65780,0.13952569169960474,0.0,0.3464968949812828,0.0,1.0,0.0,0.0,0.0,0,0.8604743083003953,2,0,,,,,,,,,0,,0
ablate_top__answer_record_count,has_additional_A,TP_vs_TN,TP,TN,0.0,2.616828791949147,999999999.9999999,7262,1.0,1.0,0.0,1.0,1.0,1.0,1.0,0.0,0,0.0,1,65780,0.13952569169960474,0.0,0.3464968949812828,0.0,1.0,0.0,0.0,0.0,0,0.8604743083003953,2
ablate_top__answer_record_count,has_additional_A,FN_vs_TP,FN,TP,0.0,,999999999.9999999,9183,0.0,0.0,0.0,0.0,0.0,0.0,0.0,0.0,0,1.0,1,7262,1.0,1.0,0.0,1.0,1.0,1.0,1.0,0.0,0,0.0,1
ablate_top__answer_record_count,additional_A_count,actual_normal_vs_actual_attack,actual_normal,actual_attack,0.0,-0.7922637126073326,0.0,65780,0.13952569169960474,0.0,0.3464968949812828,0.0,1.0,0.0,0.0,0.0,0,0.8604743083003953,2,16445,0.4415931894192764,0.0,0.4965920258506806,0.0,1.0,0.0,1.0,1.0,0,0.5584068105807236,2
ablate_top__answer_record_count,additional_A_count,TP_vs_FN,TP,FN,0.0,,999999999.9999999,7262,1.0,1.0,0.0,1.0,1.0,1.0,1.0,0.0,0,0.0,1,9183,0.0,0.0,0.0,0.0,0.0,0.0,0.0,0.0,0,1.0,1
ablate_top__answer_record_count,additional_A_count,TN_vs_FP,TN,FP,,,,65780,0.13952569169960474,0.0,0.3464968949812828,0.0,1.0,0.0,0.0,0.0,0,0.8604743083003953,2,0,,,,,,,,,0,,0
ablate_top__answer_record_count,additional_A_count,TP_vs_TN,TP,TN,0.0,2.616828791949147,999999999.9999999,7262,1.0,1.0,0.0,1.0,1.0,1.0,1.0,0.0,0,0.0,1,65780,0.13952569169960474,0.0,0.3464968949812828,0.0,1.0,0.0,0.0,0.0,0,0.8604743083003953,2
ablate_top__answer_record_count,additional_A_count,FN_vs_TP,FN,TP,0.0,,999999999.9999999,9183,0.0,0.0,0.0,0.0,0.0,0.0,0.0,0.0,0,1.0,1,7262,1.0,1.0,0.0,1.0,1.0,1.0,1.0,0.0,0,0.0,1
ablate_top__answer_record_count,unique_record_name_count,actual_normal_vs_actual_attack,actual_normal,actual_attack,4.0799850477864585e-205,-0.25874420541160026,0.0,65780,1.317254484645789,1.0,0.4764512828802376,0.0,5.0,1.0,2.0,1.0,0,0.0007601094557616296,6,16445,1.4415931894192764,1.0,0.4965920258506806,1.0,2.0,1.0,2.0,1.0,0,0.0,2
ablate_top__answer_record_count,unique_record_name_count,TP_vs_FN,TP,FN,0.0,,999999999.9999999,7262,2.0,2.0,0.0,2.0,2.0,2.0,2.0,0.0,0,0.0,1,9183,1.0,1.0,0.0,1.0,1.0,1.0,1.0,0.0,0,0.0,1
ablate_top__answer_record_count,unique_record_name_count,TN_vs_FP,TN,FP,,,,65780,1.317254484645789,1.0,0.4764512828802376,0.0,5.0,1.0,2.0,1.0,0,0.0007601094557616296,6,0,,,,,,,,,0,,0
ablate_top__answer_record_count,unique_record_name_count,TP_vs_TN,TP,TN,0.0,1.5100005459337953,0.9999999989999999,7262,2.0,2.0,0.0,2.0,2.0,2.0,2.0,0.0,0,0.0,1,65780,1.317254484645789,1.0,0.4764512828802376,0.0,5.0,1.0,2.0,1.0,0,0.0007601094557616296,6
ablate_top__answer_record_count,unique_record_name_count,FN_vs_TP,FN,TP,0.0,,999999999.9999999,9183,1.0,1.0,0.0,1.0,1.0,1.0,1.0,0.0,0,0.0,1,7262,2.0,2.0,0.0,2.0,2.0,2.0,2.0,0.0,0,0.0,1
ablate_top__answer_record_count,additional_out_of_bailiwick_count,actual_normal_vs_actual_attack,actual_normal,actual_attack,0.0,0.4486335774135458,0.0,65780,0.2773791425965339,0.0,0.691249853853276,0.0,2.0,0.0,0.0,0.0,0,0.861310428701733,2,16445,0.0,0.0,0.0,0.0,0.0,0.0,0.0,0.0,0,1.0,1
ablate_top__answer_record_count,additional_out_of_bailiwick_count,TP_vs_FN,TP,FN,1.0,,0.0,7262,0.0,0.0,0.0,0.0,0.0,0.0,0.0,0.0,0,1.0,1,9183,0.0,0.0,0.0,0.0,0.0,0.0,0.0,0.0,0,1.0,1
ablate_top__answer_record_count,additional_out_of_bailiwick_count,TN_vs_FP,TN,FP,,,,65780,0.2773791425965339,0.0,0.691249853853276,0.0,2.0,0.0,0.0,0.0,0,0.861310428701733,2,0,,,,,,,,,0,,0
ablate_top__answer_record_count,additional_out_of_bailiwick_count,TP_vs_TN,TP,TN,2.8625568912422546e-252,-0.42283944850229566,0.0,7262,0.0,0.0,0.0,0.0,0.0,0.0,0.0,0.0,0,1.0,1,65780,0.2773791425965339,0.0,0.691249853853276,0.0,2.0,0.0,0.0,0.0,0,0.861310428701733,2
ablate_top__answer_record_count,additional_out_of_bailiwick_count,FN_vs_TP,FN,TP,1.0,,0.0,9183,0.0,0.0,0.0,0.0,0.0,0.0,0.0,0.0,0,1.0,1,7262,0.0,0.0,0.0,0.0,0.0,0.0,0.0,0.0,0,1.0,1
ablate_top__answer_record_count,record_total,actual_normal_vs_actual_attack,actual_normal,actual_attack,0.0,0.7752738731266764,0.0,65780,2.4836120401337793,2.0,0.899326988730359,0.0,12.0,2.0,3.0,1.0,0,0.0007297050775311645,13,16445,1.8215871085436304,2.0,0.6409055683066263,1.0,3.0,1.0,2.0,1.0,0,0.0,3
ablate_top__answer_record_count,record_total,TP_vs_FN,TP,FN,0.0,1.7813018074824176,0.49999999975,7262,2.299091159460204,2.0,0.4578913727603667,2.0,3.0,2.0,3.0,1.0,0,0.0,2,9183,1.4439725579875857,1.0,0.49687806457174255,1.0,2.0,1.0,2.0,1.0,0,0.0,2
ablate_top__answer_record_count,record_total,TN_vs_FP,TN,FP,,,,65780,2.4836120401337793,2.0,0.899326988730359,0.0,12.0,2.0,3.0,1.0,0,0.0007297050775311645,13,0,,,,,,,,,0,,0
ablate_top__answer_record_count,record_total,TP_vs_TN,TP,TN,8.452712808185224e-30,-0.21317591876238573,0.0,7262,2.299091159460204,2.0,0.4578913727603667,2.0,3.0,2.0,3.0,1.0,0,0.0,2,65780,2.4836120401337793,2.0,0.899326988730359,0.0,12.0,2.0,3.0,1.0,0,0.0007297050775311645,13
ablate_top__answer_record_count,record_total,FN_vs_TP,FN,TP,0.0,-1.7813018074824176,0.49999999975,9183,1.4439725579875857,1.0,0.49687806457174255,1.0,2.0,1.0,2.0,1.0,0,0.0,2,7262,2.299091159460204,2.0,0.4578913727603667,2.0,3.0,2.0,3.0,1.0,0,0.0,2
ablate_top__answer_record_count,answer_A_count,actual_normal_vs_actual_attack,actual_normal,actual_attack,0.0,-0.27153142725447765,0.0,65780,0.6925661295226513,1.0,0.7350238328959653,0.0,11.0,0.0,1.0,1.0,0,0.38393128610519917,12,16445,0.8755244755244755,1.0,0.33013329990559215,0.0,1.0,1.0,1.0,0.0,0,0.12447552447552447,2
ablate_top__answer_record_count,answer_A_count,TP_vs_FN,TP,FN,0.0,-0.942744855264052,0.0,7262,0.7181217295510879,1.0,0.4499453180124894,0.0,1.0,0.0,1.0,1.0,0,0.28187827044891217,2,9183,1.0,1.0,0.0,1.0,1.0,1.0,1.0,0.0,0,0.0,1
ablate_top__answer_record_count,answer_A_count,TN_vs_FP,TN,FP,,,,65780,0.6925661295226513,1.0,0.7350238328959653,0.0,11.0,0.0,1.0,1.0,0,0.38393128610519917,12,0,,,,,,,,,0,,0
ablate_top__answer_record_count,answer_A_count,TP_vs_TN,TP,TN,5.582539419706346e-32,0.03590211758971605,0.0,7262,0.7181217295510879,1.0,0.4499453180124894,0.0,1.0,0.0,1.0,1.0,0,0.28187827044891217,2,65780,0.6925661295226513,1.0,0.7350238328959653,0.0,11.0,0.0,1.0,1.0,0,0.38393128610519917,12
ablate_top__answer_record_count,answer_A_count,FN_vs_TP,FN,TP,0.0,0.942744855264052,0.0,9183,1.0,1.0,0.0,1.0,1.0,1.0,1.0,0.0,0,0.0,1,7262,0.7181217295510879,1.0,0.4499453180124894,0.0,1.0,0.0,1.0,1.0,0,0.28187827044891217,2
ablate_top__answer_record_count,dns_count_add_rr,actual_normal_vs_actual_attack,actual_normal,actual_attack,0.0,1.042016955993276,0.9999999989999999,65780,1.1989358467619338,1.0,0.7737260064962977,0.0,3.0,1.0,1.0,0.0,0,0.08011553663727576,3,16445,0.4415931894192764,0.0,0.4965920258506806,0.0,1.0,0.0,1.0,1.0,0,0.5584068105807236,2
ablate_top__answer_record_count,dns_count_add_rr,TP_vs_FN,TP,FN,0.0,,999999999.9999999,7262,1.0,1.0,0.0,1.0,1.0,1.0,1.0,0.0,0,0.0,1,9183,0.0,0.0,0.0,0.0,0.0,0.0,0.0,0.0,0,1.0,1
ablate_top__answer_record_count,dns_count_add_rr,TN_vs_FP,TN,FP,,,,65780,1.1989358467619338,1.0,0.7737260064962977,0.0,3.0,1.0,1.0,0.0,0,0.08011553663727576,3,0,,,,,,,,,0,,0
ablate_top__answer_record_count,dns_count_add_rr,TP_vs_TN,TP,TN,3.840093543516943e-33,-0.270933433650962,0.0,7262,1.0,1.0,0.0,1.0,1.0,1.0,1.0,0.0,0,0.0,1,65780,1.1989358467619338,1.0,0.7737260064962977,0.0,3.0,1.0,1.0,0.0,0,0.08011553663727576,3
ablate_top__answer_record_count,dns_count_add_rr,FN_vs_TP,FN,TP,0.0,,999999999.9999999,9183,0.0,0.0,0.0,0.0,0.0,0.0,0.0,0.0,0,1.0,1,7262,1.0,1.0,0.0,1.0,1.0,1.0,1.0,0.0,0,0.0,1
ablate_top__answer_record_count,dns_count_answers,actual_normal_vs_actual_attack,actual_normal,actual_attack,0.0,0.44814110325768225,0.0,65780,1.2766950440863485,1.0,0.6903027878367249,0.0,12.0,1.0,1.0,0.0,0,0.005518394648829431,13,16445,1.0,1.0,0.0,1.0,1.0,1.0,1.0,0.0,0,0.0,1
ablate_top__answer_record_count,dns_count_answers,TP_vs_FN,TP,FN,1.0,,0.0,7262,1.0,1.0,0.0,1.0,1.0,1.0,1.0,0.0,0,0.0,1,9183,1.0,1.0,0.0,1.0,1.0,1.0,1.0,0.0,0,0.0,1
ablate_top__answer_record_count,dns_count_answers,TN_vs_FP,TN,FP,,,,65780,1.2766950440863485,1.0,0.6903027878367249,0.0,12.0,1.0,1.0,0.0,0,0.005518394648829431,13,0,,,,,,,,,0,,0
ablate_top__answer_record_count,dns_count_answers,TP_vs_TN,TP,TN,0.0,-0.4223752890836728,0.0,7262,1.0,1.0,0.0,1.0,1.0,1.0,1.0,0.0,0,0.0,1,65780,1.2766950440863485,1.0,0.6903027878367249,0.0,12.0,1.0,1.0,0.0,0,0.005518394648829431,13
ablate_top__answer_record_count,dns_count_answers,FN_vs_TP,FN,TP,1.0,,0.0,9183,1.0,1.0,0.0,1.0,1.0,1.0,1.0,0.0,0,0.0,1,7262,1.0,1.0,0.0,1.0,1.0,1.0,1.0,0.0,0,0.0,1
ablate_top__answer_record_count,additional_AAAA_count,actual_normal_vs_actual_attack,actual_normal,actual_attack,0.0,0.45020245905169104,0.0,65780,0.13952569169960474,0.0,0.3464968949812828,0.0,1.0,0.0,0.0,0.0,0,0.8604743083003953,2,16445,0.0,0.0,0.0,0.0,0.0,0.0,0.0,0.0,0,1.0,1
ablate_top__answer_record_count,additional_AAAA_count,TP_vs_FN,TP,FN,1.0,,0.0,7262,0.0,0.0,0.0,0.0,0.0,0.0,0.0,0.0,0,1.0,1,9183,0.0,0.0,0.0,0.0,0.0,0.0,0.0,0.0,0,1.0,1
ablate_top__answer_record_count,additional_AAAA_count,TN_vs_FP,TN,FP,,,,65780,0.13952569169960474,0.0,0.3464968949812828,0.0,1.0,0.0,0.0,0.0,0,0.8604743083003953,2,0,,,,,,,,,0,,0
ablate_top__answer_record_count,additional_AAAA_count,TP_vs_TN,TP,TN,5.396057870960501e-254,-0.42431812749565867,0.0,7262,0.0,0.0,0.0,0.0,0.0,0.0,0.0,0.0,0,1.0,1,65780,0.13952569169960474,0.0,0.3464968949812828,0.0,1.0,0.0,0.0,0.0,0,0.8604743083003953,2
ablate_top__answer_record_count,additional_AAAA_count,FN_vs_TP,FN,TP,1.0,,0.0,9183,0.0,0.0,0.0,0.0,0.0,0.0,0.0,0.0,0,1.0,1,7262,0.0,0.0,0.0,0.0,0.0,0.0,0.0,0.0,0,1.0,1
ablate_top__answer_record_count,frame_len,actual_normal_vs_actual_attack,actual_normal,actual_attack,0.0,1.4673027466082607,0.3302752293547681,65780,175.27546366676802,172.0,30.619567644177156,70.0,419.0,148.0,192.0,44.0,0,0.0,163,16445,131.71395560960778,136.0,25.625965873055407,100.0,171.0,100.0,165.0,65.0,0,0.0,5
ablate_top__answer_record_count,frame_len,TP_vs_FN,TP,FN,0.0,1.9213179014084587,0.8333333333226496,7262,151.60616909942163,165.0,19.335666866430632,129.0,171.0,129.0,171.0,42.0,0,0.0,3,9183,115.98301208755309,100.0,17.887610324582734,100.0,136.0,100.0,136.0,36.0,0,0.0,2
ablate_top__answer_record_count,frame_len,TN_vs_FP,TN,FP,,,,65780,175.27546366676802,172.0,30.619567644177156,70.0,419.0,148.0,192.0,44.0,0,0.0,163,0,,,,,,,,,0,,0
ablate_top__answer_record_count,frame_len,TP_vs_TN,TP,TN,0.0,-0.7972032045481064,0.08139534883626284,7262,151.60616909942163,165.0,19.335666866430632,129.0,171.0,129.0,171.0,42.0,0,0.0,3,65780,175.27546366676802,172.0,30.619567644177156,70.0,419.0,148.0,192.0,44.0,0,0.0,163
ablate_top__answer_record_count,frame_len,FN_vs_TP,FN,TP,0.0,-1.9213179014084587,0.8333333333226496,9183,115.98301208755309,100.0,17.887610324582734,100.0,136.0,100.0,136.0,36.0,0,0.0,2,7262,151.60616909942163,165.0,19.335666866430632,129.0,171.0,129.0,171.0,42.0,0,0.0,3
ablate_top__answer_record_count,ttl_std,actual_normal_vs_actual_attack,actual_normal,actual_attack,0.0,0.33787357706000826,0.0,65780,2742.7568231968485,0.0,9075.82472833607,-1.0,43185.0,0.0,32.5,32.5,0,0.691045910611128,1656,16445,0.0,0.0,0.0,0.0,0.0,0.0,0.0,0.0,0,1.0,1
ablate_top__answer_record_count,ttl_std,TP_vs_FN,TP,FN,1.0,,0.0,7262,0.0,0.0,0.0,0.0,0.0,0.0,0.0,0.0,0,1.0,1,9183,0.0,0.0,0.0,0.0,0.0,0.0,0.0,0.0,0,1.0,1
ablate_top__answer_record_count,ttl_std,TN_vs_FP,TN,FP,,,,65780,2742.7568231968485,0.0,9075.82472833607,-1.0,43185.0,0.0,32.5,32.5,0,0.691045910611128,1656,0,,,,,,,,,0,,0
ablate_top__answer_record_count,ttl_std,TP_vs_TN,TP,TN,0.0,-0.318447579896275,0.0,7262,0.0,0.0,0.0,0.0,0.0,0.0,0.0,0.0,0,1.0,1,65780,2742.7568231968485,0.0,9075.82472833607,-1.0,43185.0,0.0,32.5,32.5,0,0.691045910611128,1656
ablate_top__answer_record_count,ttl_std,FN_vs_TP,FN,TP,1.0,,0.0,9183,0.0,0.0,0.0,0.0,0.0,0.0,0.0,0.0,0,1.0,1,7262,0.0,0.0,0.0,0.0,0.0,0.0,0.0,0.0,0,1.0,1
add_back_dropped__ip_len,has_additional_A,actual_normal_vs_actual_attack,actual_normal,actual_attack,0.0,-0.7922637126073326,0.0,65780,0.13952569169960474,0.0,0.3464968949812828,0.0,1.0,0.0,0.0,0.0,0,0.8604743083003953,2,16445,0.4415931894192764,0.0,0.4965920258506806,0.0,1.0,0.0,1.0,1.0,0,0.5584068105807236,2
add_back_dropped__ip_len,has_additional_A,TP_vs_FN,TP,FN,0.0,,999999999.9999999,7262,1.0,1.0,0.0,1.0,1.0,1.0,1.0,0.0,0,0.0,1,9183,0.0,0.0,0.0,0.0,0.0,0.0,0.0,0.0,0,1.0,1
add_back_dropped__ip_len,has_additional_A,TN_vs_FP,TN,FP,,,,65780,0.13952569169960474,0.0,0.3464968949812828,0.0,1.0,0.0,0.0,0.0,0,0.8604743083003953,2,0,,,,,,,,,0,,0
add_back_dropped__ip_len,has_additional_A,TP_vs_TN,TP,TN,0.0,2.616828791949147,999999999.9999999,7262,1.0,1.0,0.0,1.0,1.0,1.0,1.0,0.0,0,0.0,1,65780,0.13952569169960474,0.0,0.3464968949812828,0.0,1.0,0.0,0.0,0.0,0,0.8604743083003953,2
add_back_dropped__ip_len,has_additional_A,FN_vs_TP,FN,TP,0.0,,999999999.9999999,9183,0.0,0.0,0.0,0.0,0.0,0.0,0.0,0.0,0,1.0,1,7262,1.0,1.0,0.0,1.0,1.0,1.0,1.0,0.0,0,0.0,1
add_back_dropped__ip_len,additional_A_count,actual_normal_vs_actual_attack,actual_normal,actual_attack,0.0,-0.7922637126073326,0.0,65780,0.13952569169960474,0.0,0.3464968949812828,0.0,1.0,0.0,0.0,0.0,0,0.8604743083003953,2,16445,0.4415931894192764,0.0,0.4965920258506806,0.0,1.0,0.0,1.0,1.0,0,0.5584068105807236,2
add_back_dropped__ip_len,additional_A_count,TP_vs_FN,TP,FN,0.0,,999999999.9999999,7262,1.0,1.0,0.0,1.0,1.0,1.0,1.0,0.0,0,0.0,1,9183,0.0,0.0,0.0,0.0,0.0,0.0,0.0,0.0,0,1.0,1
add_back_dropped__ip_len,additional_A_count,TN_vs_FP,TN,FP,,,,65780,0.13952569169960474,0.0,0.3464968949812828,0.0,1.0,0.0,0.0,0.0,0,0.8604743083003953,2,0,,,,,,,,,0,,0
add_back_dropped__ip_len,additional_A_count,TP_vs_TN,TP,TN,0.0,2.616828791949147,999999999.9999999,7262,1.0,1.0,0.0,1.0,1.0,1.0,1.0,0.0,0,0.0,1,65780,0.13952569169960474,0.0,0.3464968949812828,0.0,1.0,0.0,0.0,0.0,0,0.8604743083003953,2
add_back_dropped__ip_len,additional_A_count,FN_vs_TP,FN,TP,0.0,,999999999.9999999,9183,0.0,0.0,0.0,0.0,0.0,0.0,0.0,0.0,0,1.0,1,7262,1.0,1.0,0.0,1.0,1.0,1.0,1.0,0.0,0,0.0,1
add_back_dropped__ip_len,unique_record_name_count,actual_normal_vs_actual_attack,actual_normal,actual_attack,4.0799850477864585e-205,-0.25874420541160026,0.0,65780,1.317254484645789,1.0,0.4764512828802376,0.0,5.0,1.0,2.0,1.0,0,0.0007601094557616296,6,16445,1.4415931894192764,1.0,0.4965920258506806,1.0,2.0,1.0,2.0,1.0,0,0.0,2
add_back_dropped__ip_len,unique_record_name_count,TP_vs_FN,TP,FN,0.0,,999999999.9999999,7262,2.0,2.0,0.0,2.0,2.0,2.0,2.0,0.0,0,0.0,1,9183,1.0,1.0,0.0,1.0,1.0,1.0,1.0,0.0,0,0.0,1
add_back_dropped__ip_len,unique_record_name_count,TN_vs_FP,TN,FP,,,,65780,1.317254484645789,1.0,0.4764512828802376,0.0,5.0,1.0,2.0,1.0,0,0.0007601094557616296,6,0,,,,,,,,,0,,0
add_back_dropped__ip_len,unique_record_name_count,TP_vs_TN,TP,TN,0.0,1.5100005459337953,0.9999999989999999,7262,2.0,2.0,0.0,2.0,2.0,2.0,2.0,0.0,0,0.0,1,65780,1.317254484645789,1.0,0.4764512828802376,0.0,5.0,1.0,2.0,1.0,0,0.0007601094557616296,6
add_back_dropped__ip_len,unique_record_name_count,FN_vs_TP,FN,TP,0.0,,999999999.9999999,9183,1.0,1.0,0.0,1.0,1.0,1.0,1.0,0.0,0,0.0,1,7262,2.0,2.0,0.0,2.0,2.0,2.0,2.0,0.0,0,0.0,1
add_back_dropped__ip_len,additional_out_of_bailiwick_count,actual_normal_vs_actual_attack,actual_normal,actual_attack,0.0,0.4486335774135458,0.0,65780,0.2773791425965339,0.0,0.691249853853276,0.0,2.0,0.0,0.0,0.0,0,0.861310428701733,2,16445,0.0,0.0,0.0,0.0,0.0,0.0,0.0,0.0,0,1.0,1
add_back_dropped__ip_len,additional_out_of_bailiwick_count,TP_vs_FN,TP,FN,1.0,,0.0,7262,0.0,0.0,0.0,0.0,0.0,0.0,0.0,0.0,0,1.0,1,9183,0.0,0.0,0.0,0.0,0.0,0.0,0.0,0.0,0,1.0,1
add_back_dropped__ip_len,additional_out_of_bailiwick_count,TN_vs_FP,TN,FP,,,,65780,0.2773791425965339,0.0,0.691249853853276,0.0,2.0,0.0,0.0,0.0,0,0.861310428701733,2,0,,,,,,,,,0,,0
add_back_dropped__ip_len,additional_out_of_bailiwick_count,TP_vs_TN,TP,TN,2.8625568912422546e-252,-0.42283944850229566,0.0,7262,0.0,0.0,0.0,0.0,0.0,0.0,0.0,0.0,0,1.0,1,65780,0.2773791425965339,0.0,0.691249853853276,0.0,2.0,0.0,0.0,0.0,0,0.861310428701733,2
add_back_dropped__ip_len,additional_out_of_bailiwick_count,FN_vs_TP,FN,TP,1.0,,0.0,9183,0.0,0.0,0.0,0.0,0.0,0.0,0.0,0.0,0,1.0,1,7262,0.0,0.0,0.0,0.0,0.0,0.0,0.0,0.0,0,1.0,1
add_back_dropped__ip_len,record_total,actual_normal_vs_actual_attack,actual_normal,actual_attack,0.0,0.7752738731266764,0.0,65780,2.4836120401337793,2.0,0.899326988730359,0.0,12.0,2.0,3.0,1.0,0,0.0007297050775311645,13,16445,1.8215871085436304,2.0,0.6409055683066263,1.0,3.0,1.0,2.0,1.0,0,0.0,3
add_back_dropped__ip_len,record_total,TP_vs_FN,TP,FN,0.0,1.7813018074824176,0.49999999975,7262,2.299091159460204,2.0,0.4578913727603667,2.0,3.0,2.0,3.0,1.0,0,0.0,2,9183,1.4439725579875857,1.0,0.49687806457174255,1.0,2.0,1.0,2.0,1.0,0,0.0,2
add_back_dropped__ip_len,record_total,TN_vs_FP,TN,FP,,,,65780,2.4836120401337793,2.0,0.899326988730359,0.0,12.0,2.0,3.0,1.0,0,0.0007297050775311645,13,0,,,,,,,,,0,,0
add_back_dropped__ip_len,record_total,TP_vs_TN,TP,TN,8.452712808185224e-30,-0.21317591876238573,0.0,7262,2.299091159460204,2.0,0.4578913727603667,2.0,3.0,2.0,3.0,1.0,0,0.0,2,65780,2.4836120401337793,2.0,0.899326988730359,0.0,12.0,2.0,3.0,1.0,0,0.0007297050775311645,13
add_back_dropped__ip_len,record_total,FN_vs_TP,FN,TP,0.0,-1.7813018074824176,0.49999999975,9183,1.4439725579875857,1.0,0.49687806457174255,1.0,2.0,1.0,2.0,1.0,0,0.0,2,7262,2.299091159460204,2.0,0.4578913727603667,2.0,3.0,2.0,3.0,1.0,0,0.0,2
add_back_dropped__ip_len,answer_A_count,actual_normal_vs_actual_attack,actual_normal,actual_attack,0.0,-0.27153142725447765,0.0,65780,0.6925661295226513,1.0,0.7350238328959653,0.0,11.0,0.0,1.0,1.0,0,0.38393128610519917,12,16445,0.8755244755244755,1.0,0.33013329990559215,0.0,1.0,1.0,1.0,0.0,0,0.12447552447552447,2
add_back_dropped__ip_len,answer_A_count,TP_vs_FN,TP,FN,0.0,-0.942744855264052,0.0,7262,0.7181217295510879,1.0,0.4499453180124894,0.0,1.0,0.0,1.0,1.0,0,0.28187827044891217,2,9183,1.0,1.0,0.0,1.0,1.0,1.0,1.0,0.0,0,0.0,1
add_back_dropped__ip_len,answer_A_count,TN_vs_FP,TN,FP,,,,65780,0.6925661295226513,1.0,0.7350238328959653,0.0,11.0,0.0,1.0,1.0,0,0.38393128610519917,12,0,,,,,,,,,0,,0
add_back_dropped__ip_len,answer_A_count,TP_vs_TN,TP,TN,5.582539419706346e-32,0.03590211758971605,0.0,7262,0.7181217295510879,1.0,0.4499453180124894,0.0,1.0,0.0,1.0,1.0,0,0.28187827044891217,2,65780,0.6925661295226513,1.0,0.7350238328959653,0.0,11.0,0.0,1.0,1.0,0,0.38393128610519917,12
add_back_dropped__ip_len,answer_A_count,FN_vs_TP,FN,TP,0.0,0.942744855264052,0.0,9183,1.0,1.0,0.0,1.0,1.0,1.0,1.0,0.0,0,0.0,1,7262,0.7181217295510879,1.0,0.4499453180124894,0.0,1.0,0.0,1.0,1.0,0,0.28187827044891217,2
add_back_dropped__ip_len,dns_count_add_rr,actual_normal_vs_actual_attack,actual_normal,actual_attack,0.0,1.042016955993276,0.9999999989999999,65780,1.1989358467619338,1.0,0.7737260064962977,0.0,3.0,1.0,1.0,0.0,0,0.08011553663727576,3,16445,0.4415931894192764,0.0,0.4965920258506806,0.0,1.0,0.0,1.0,1.0,0,0.5584068105807236,2
add_back_dropped__ip_len,dns_count_add_rr,TP_vs_FN,TP,FN,0.0,,999999999.9999999,7262,1.0,1.0,0.0,1.0,1.0,1.0,1.0,0.0,0,0.0,1,9183,0.0,0.0,0.0,0.0,0.0,0.0,0.0,0.0,0,1.0,1
add_back_dropped__ip_len,dns_count_add_rr,TN_vs_FP,TN,FP,,,,65780,1.1989358467619338,1.0,0.7737260064962977,0.0,3.0,1.0,1.0,0.0,0,0.08011553663727576,3,0,,,,,,,,,0,,0
add_back_dropped__ip_len,dns_count_add_rr,TP_vs_TN,TP,TN,3.840093543516943e-33,-0.270933433650962,0.0,7262,1.0,1.0,0.0,1.0,1.0,1.0,1.0,0.0,0,0.0,1,65780,1.1989358467619338,1.0,0.7737260064962977,0.0,3.0,1.0,1.0,0.0,0,0.08011553663727576,3
add_back_dropped__ip_len,dns_count_add_rr,FN_vs_TP,FN,TP,0.0,,999999999.9999999,9183,0.0,0.0,0.0,0.0,0.0,0.0,0.0,0.0,0,1.0,1,7262,1.0,1.0,0.0,1.0,1.0,1.0,1.0,0.0,0,0.0,1
add_back_dropped__ip_len,dns_count_answers,actual_normal_vs_actual_attack,actual_normal,actual_attack,0.0,0.44814110325768225,0.0,65780,1.2766950440863485,1.0,0.6903027878367249,0.0,12.0,1.0,1.0,0.0,0,0.005518394648829431,13,16445,1.0,1.0,0.0,1.0,1.0,1.0,1.0,0.0,0,0.0,1
add_back_dropped__ip_len,dns_count_answers,TP_vs_FN,TP,FN,1.0,,0.0,7262,1.0,1.0,0.0,1.0,1.0,1.0,1.0,0.0,0,0.0,1,9183,1.0,1.0,0.0,1.0,1.0,1.0,1.0,0.0,0,0.0,1
add_back_dropped__ip_len,dns_count_answers,TN_vs_FP,TN,FP,,,,65780,1.2766950440863485,1.0,0.6903027878367249,0.0,12.0,1.0,1.0,0.0,0,0.005518394648829431,13,0,,,,,,,,,0,,0
add_back_dropped__ip_len,dns_count_answers,TP_vs_TN,TP,TN,0.0,-0.4223752890836728,0.0,7262,1.0,1.0,0.0,1.0,1.0,1.0,1.0,0.0,0,0.0,1,65780,1.2766950440863485,1.0,0.6903027878367249,0.0,12.0,1.0,1.0,0.0,0,0.005518394648829431,13
add_back_dropped__ip_len,dns_count_answers,FN_vs_TP,FN,TP,1.0,,0.0,9183,1.0,1.0,0.0,1.0,1.0,1.0,1.0,0.0,0,0.0,1,7262,1.0,1.0,0.0,1.0,1.0,1.0,1.0,0.0,0,0.0,1
add_back_dropped__ip_len,additional_AAAA_count,actual_normal_vs_actual_attack,actual_normal,actual_attack,0.0,0.45020245905169104,0.0,65780,0.13952569169960474,0.0,0.3464968949812828,0.0,1.0,0.0,0.0,0.0,0,0.8604743083003953,2,16445,0.0,0.0,0.0,0.0,0.0,0.0,0.0,0.0,0,1.0,1
add_back_dropped__ip_len,additional_AAAA_count,TP_vs_FN,TP,FN,1.0,,0.0,7262,0.0,0.0,0.0,0.0,0.0,0.0,0.0,0.0,0,1.0,1,9183,0.0,0.0,0.0,0.0,0.0,0.0,0.0,0.0,0,1.0,1
add_back_dropped__ip_len,additional_AAAA_count,TN_vs_FP,TN,FP,,,,65780,0.13952569169960474,0.0,0.3464968949812828,0.0,1.0,0.0,0.0,0.0,0,0.8604743083003953,2,0,,,,,,,,,0,,0
add_back_dropped__ip_len,additional_AAAA_count,TP_vs_TN,TP,TN,5.396057870960501e-254,-0.42431812749565867,0.0,7262,0.0,0.0,0.0,0.0,0.0,0.0,0.0,0.0,0,1.0,1,65780,0.13952569169960474,0.0,0.3464968949812828,0.0,1.0,0.0,0.0,0.0,0,0.8604743083003953,2
add_back_dropped__ip_len,additional_AAAA_count,FN_vs_TP,FN,TP,1.0,,0.0,9183,0.0,0.0,0.0,0.0,0.0,0.0,0.0,0.0,0,1.0,1,7262,0.0,0.0,0.0,0.0,0.0,0.0,0.0,0.0,0,1.0,1
add_back_dropped__ip_len,answer_record_count,actual_normal_vs_actual_attack,actual_normal,actual_attack,0.0,0.44814110325768225,0.0,65780,1.2766950440863485,1.0,0.6903027878367249,0.0,12.0,1.0,1.0,0.0,0,0.005518394648829431,13,16445,1.0,1.0,0.0,1.0,1.0,1.0,1.0,0.0,0,0.0,1
add_back_dropped__ip_len,answer_record_count,TP_vs_FN,TP,FN,1.0,,0.0,7262,1.0,1.0,0.0,1.0,1.0,1.0,1.0,0.0,0,0.0,1,9183,1.0,1.0,0.0,1.0,1.0,1.0,1.0,0.0,0,0.0,1
add_back_dropped__ip_len,answer_record_count,TN_vs_FP,TN,FP,,,,65780,1.2766950440863485,1.0,0.6903027878367249,0.0,12.0,1.0,1.0,0.0,0,0.005518394648829431,13,0,,,,,,,,,0,,0
add_back_dropped__ip_len,answer_record_count,TP_vs_TN,TP,TN,0.0,-0.4223752890836728,0.0,7262,1.0,1.0,0.0,1.0,1.0,1.0,1.0,0.0,0,0.0,1,65780,1.2766950440863485,1.0,0.6903027878367249,0.0,12.0,1.0,1.0,0.0,0,0.005518394648829431,13
add_back_dropped__ip_len,answer_record_count,FN_vs_TP,FN,TP,1.0,,0.0,9183,1.0,1.0,0.0,1.0,1.0,1.0,1.0,0.0,0,0.0,1,7262,1.0,1.0,0.0,1.0,1.0,1.0,1.0,0.0,0,0.0,1
add_back_dropped__ip_len,frame_len,actual_normal_vs_actual_attack,actual_normal,actual_attack,0.0,1.4673027466082607,0.3302752293547681,65780,175.27546366676802,172.0,30.619567644177156,70.0,419.0,148.0,192.0,44.0,0,0.0,163,16445,131.71395560960778,136.0,25.625965873055407,100.0,171.0,100.0,165.0,65.0,0,0.0,5
add_back_dropped__ip_len,frame_len,TP_vs_FN,TP,FN,0.0,1.9213179014084587,0.8333333333226496,7262,151.60616909942163,165.0,19.335666866430632,129.0,171.0,129.0,171.0,42.0,0,0.0,3,9183,115.98301208755309,100.0,17.887610324582734,100.0,136.0,100.0,136.0,36.0,0,0.0,2
add_back_dropped__ip_len,frame_len,TN_vs_FP,TN,FP,,,,65780,175.27546366676802,172.0,30.619567644177156,70.0,419.0,148.0,192.0,44.0,0,0.0,163,0,,,,,,,,,0,,0
add_back_dropped__ip_len,frame_len,TP_vs_TN,TP,TN,0.0,-0.7972032045481064,0.08139534883626284,7262,151.60616909942163,165.0,19.335666866430632,129.0,171.0,129.0,171.0,42.0,0,0.0,3,65780,175.27546366676802,172.0,30.619567644177156,70.0,419.0,148.0,192.0,44.0,0,0.0,163
add_back_dropped__ip_len,frame_len,FN_vs_TP,FN,TP,0.0,-1.9213179014084587,0.8333333333226496,9183,115.98301208755309,100.0,17.887610324582734,100.0,136.0,100.0,136.0,36.0,0,0.0,2,7262,151.60616909942163,165.0,19.335666866430632,129.0,171.0,129.0,171.0,42.0,0,0.0,3
add_back_dropped__ip_len,ip_len,actual_normal_vs_actual_attack,actual_normal,actual_attack,0.0,1.4799910173242343,0.3302752293547681,65780,155.47449072666464,152.0,30.47402655778828,56.0,405.0,128.0,172.0,44.0,0,0.0,156,16445,111.71395560960778,116.0,25.625965873055407,80.0,151.0,80.0,145.0,65.0,0,0.0,5
add_back_dropped__ip_len,ip_len,TP_vs_FN,TP,FN,0.0,1.9213179014084587,0.8333333333226496,7262,131.60616909942163,145.0,19.335666866430632,109.0,151.0,109.0,151.0,42.0,0,0.0,3,9183,95.98301208755309,80.0,17.887610324582734,80.0,116.0,80.0,116.0,36.0,0,0.0,2
add_back_dropped__ip_len,ip_len,TN_vs_FP,TN,FP,,,,65780,155.47449072666464,152.0,30.47402655778828,56.0,405.0,128.0,172.0,44.0,0,0.0,156,0,,,,,,,,,0,,0
add_back_dropped__ip_len,ip_len,TP_vs_TN,TP,TN,0.0,-0.8075830097126221,0.08139534883626284,7262,131.60616909942163,145.0,19.335666866430632,109.0,151.0,109.0,151.0,42.0,0,0.0,3,65780,155.47449072666464,152.0,30.47402655778828,56.0,405.0,128.0,172.0,44.0,0,0.0,156
add_back_dropped__ip_len,ip_len,FN_vs_TP,FN,TP,0.0,-1.9213179014084587,0.8333333333226496,9183,95.98301208755309,80.0,17.887610324582734,80.0,116.0,80.0,116.0,36.0,0,0.0,2,7262,131.60616909942163,145.0,19.335666866430632,109.0,151.0,109.0,151.0,42.0,0,0.0,3
add_back_dropped__ip_len,ttl_std,actual_normal_vs_actual_attack,actual_normal,actual_attack,0.0,0.33787357706000826,0.0,65780,2742.7568231968485,0.0,9075.82472833607,-1.0,43185.0,0.0,32.5,32.5,0,0.691045910611128,1656,16445,0.0,0.0,0.0,0.0,0.0,0.0,0.0,0.0,0,1.0,1
add_back_dropped__ip_len,ttl_std,TP_vs_FN,TP,FN,1.0,,0.0,7262,0.0,0.0,0.0,0.0,0.0,0.0,0.0,0.0,0,1.0,1,9183,0.0,0.0,0.0,0.0,0.0,0.0,0.0,0.0,0,1.0,1
add_back_dropped__ip_len,ttl_std,TN_vs_FP,TN,FP,,,,65780,2742.7568231968485,0.0,9075.82472833607,-1.0,43185.0,0.0,32.5,32.5,0,0.691045910611128,1656,0,,,,,,,,,0,,0
add_back_dropped__ip_len,ttl_std,TP_vs_TN,TP,TN,0.0,-0.318447579896275,0.0,7262,0.0,0.0,0.0,0.0,0.0,0.0,0.0,0.0,0,1.0,1,65780,2742.7568231968485,0.0,9075.82472833607,-1.0,43185.0,0.0,32.5,32.5,0,0.691045910611128,1656
add_back_dropped__ip_len,ttl_std,FN_vs_TP,FN,TP,1.0,,0.0,9183,0.0,0.0,0.0,0.0,0.0,0.0,0.0,0.0,0,1.0,1,7262,0.0,0.0,0.0,0.0,0.0,0.0,0.0,0.0,0,1.0,1
add_back_dropped__frame_cap_len,has_additional_A,actual_normal_vs_actual_attack,actual_normal,actual_attack,0.0,-0.7922637126073326,0.0,65780,0.13952569169960474,0.0,0.3464968949812828,0.0,1.0,0.0,0.0,0.0,0,0.8604743083003953,2,16445,0.4415931894192764,0.0,0.4965920258506806,0.0,1.0,0.0,1.0,1.0,0,0.5584068105807236,2
add_back_dropped__frame_cap_len,has_additional_A,TP_vs_FN,TP,FN,0.0,,999999999.9999999,7262,1.0,1.0,0.0,1.0,1.0,1.0,1.0,0.0,0,0.0,1,9183,0.0,0.0,0.0,0.0,0.0,0.0,0.0,0.0,0,1.0,1
add_back_dropped__frame_cap_len,has_additional_A,TN_vs_FP,TN,FP,,,,65780,0.13952569169960474,0.0,0.3464968949812828,0.0,1.0,0.0,0.0,0.0,0,0.8604743083003953,2,0,,,,,,,,,0,,0
add_back_dropped__frame_cap_len,has_additional_A,TP_vs_TN,TP,TN,0.0,2.616828791949147,999999999.9999999,7262,1.0,1.0,0.0,1.0,1.0,1.0,1.0,0.0,0,0.0,1,65780,0.13952569169960474,0.0,0.3464968949812828,0.0,1.0,0.0,0.0,0.0,0,0.8604743083003953,2
add_back_dropped__frame_cap_len,has_additional_A,FN_vs_TP,FN,TP,0.0,,999999999.9999999,9183,0.0,0.0,0.0,0.0,0.0,0.0,0.0,0.0,0,1.0,1,7262,1.0,1.0,0.0,1.0,1.0,1.0,1.0,0.0,0,0.0,1
add_back_dropped__frame_cap_len,additional_A_count,actual_normal_vs_actual_attack,actual_normal,actual_attack,0.0,-0.7922637126073326,0.0,65780,0.13952569169960474,0.0,0.3464968949812828,0.0,1.0,0.0,0.0,0.0,0,0.8604743083003953,2,16445,0.4415931894192764,0.0,0.4965920258506806,0.0,1.0,0.0,1.0,1.0,0,0.5584068105807236,2
add_back_dropped__frame_cap_len,additional_A_count,TP_vs_FN,TP,FN,0.0,,999999999.9999999,7262,1.0,1.0,0.0,1.0,1.0,1.0,1.0,0.0,0,0.0,1,9183,0.0,0.0,0.0,0.0,0.0,0.0,0.0,0.0,0,1.0,1
add_back_dropped__frame_cap_len,additional_A_count,TN_vs_FP,TN,FP,,,,65780,0.13952569169960474,0.0,0.3464968949812828,0.0,1.0,0.0,0.0,0.0,0,0.8604743083003953,2,0,,,,,,,,,0,,0
add_back_dropped__frame_cap_len,additional_A_count,TP_vs_TN,TP,TN,0.0,2.616828791949147,999999999.9999999,7262,1.0,1.0,0.0,1.0,1.0,1.0,1.0,0.0,0,0.0,1,65780,0.13952569169960474,0.0,0.3464968949812828,0.0,1.0,0.0,0.0,0.0,0,0.8604743083003953,2
add_back_dropped__frame_cap_len,additional_A_count,FN_vs_TP,FN,TP,0.0,,999999999.9999999,9183,0.0,0.0,0.0,0.0,0.0,0.0,0.0,0.0,0,1.0,1,7262,1.0,1.0,0.0,1.0,1.0,1.0,1.0,0.0,0,0.0,1
add_back_dropped__frame_cap_len,unique_record_name_count,actual_normal_vs_actual_attack,actual_normal,actual_attack,4.0799850477864585e-205,-0.25874420541160026,0.0,65780,1.317254484645789,1.0,0.4764512828802376,0.0,5.0,1.0,2.0,1.0,0,0.0007601094557616296,6,16445,1.4415931894192764,1.0,0.4965920258506806,1.0,2.0,1.0,2.0,1.0,0,0.0,2
add_back_dropped__frame_cap_len,unique_record_name_count,TP_vs_FN,TP,FN,0.0,,999999999.9999999,7262,2.0,2.0,0.0,2.0,2.0,2.0,2.0,0.0,0,0.0,1,9183,1.0,1.0,0.0,1.0,1.0,1.0,1.0,0.0,0,0.0,1
add_back_dropped__frame_cap_len,unique_record_name_count,TN_vs_FP,TN,FP,,,,65780,1.317254484645789,1.0,0.4764512828802376,0.0,5.0,1.0,2.0,1.0,0,0.0007601094557616296,6,0,,,,,,,,,0,,0
add_back_dropped__frame_cap_len,unique_record_name_count,TP_vs_TN,TP,TN,0.0,1.5100005459337953,0.9999999989999999,7262,2.0,2.0,0.0,2.0,2.0,2.0,2.0,0.0,0,0.0,1,65780,1.317254484645789,1.0,0.4764512828802376,0.0,5.0,1.0,2.0,1.0,0,0.0007601094557616296,6
add_back_dropped__frame_cap_len,unique_record_name_count,FN_vs_TP,FN,TP,0.0,,999999999.9999999,9183,1.0,1.0,0.0,1.0,1.0,1.0,1.0,0.0,0,0.0,1,7262,2.0,2.0,0.0,2.0,2.0,2.0,2.0,0.0,0,0.0,1
add_back_dropped__frame_cap_len,additional_out_of_bailiwick_count,actual_normal_vs_actual_attack,actual_normal,actual_attack,0.0,0.4486335774135458,0.0,65780,0.2773791425965339,0.0,0.691249853853276,0.0,2.0,0.0,0.0,0.0,0,0.861310428701733,2,16445,0.0,0.0,0.0,0.0,0.0,0.0,0.0,0.0,0,1.0,1
add_back_dropped__frame_cap_len,additional_out_of_bailiwick_count,TP_vs_FN,TP,FN,1.0,,0.0,7262,0.0,0.0,0.0,0.0,0.0,0.0,0.0,0.0,0,1.0,1,9183,0.0,0.0,0.0,0.0,0.0,0.0,0.0,0.0,0,1.0,1
add_back_dropped__frame_cap_len,additional_out_of_bailiwick_count,TN_vs_FP,TN,FP,,,,65780,0.2773791425965339,0.0,0.691249853853276,0.0,2.0,0.0,0.0,0.0,0,0.861310428701733,2,0,,,,,,,,,0,,0
add_back_dropped__frame_cap_len,additional_out_of_bailiwick_count,TP_vs_TN,TP,TN,2.8625568912422546e-252,-0.42283944850229566,0.0,7262,0.0,0.0,0.0,0.0,0.0,0.0,0.0,0.0,0,1.0,1,65780,0.2773791425965339,0.0,0.691249853853276,0.0,2.0,0.0,0.0,0.0,0,0.861310428701733,2
add_back_dropped__frame_cap_len,additional_out_of_bailiwick_count,FN_vs_TP,FN,TP,1.0,,0.0,9183,0.0,0.0,0.0,0.0,0.0,0.0,0.0,0.0,0,1.0,1,7262,0.0,0.0,0.0,0.0,0.0,0.0,0.0,0.0,0,1.0,1
add_back_dropped__frame_cap_len,record_total,actual_normal_vs_actual_attack,actual_normal,actual_attack,0.0,0.7752738731266764,0.0,65780,2.4836120401337793,2.0,0.899326988730359,0.0,12.0,2.0,3.0,1.0,0,0.0007297050775311645,13,16445,1.8215871085436304,2.0,0.6409055683066263,1.0,3.0,1.0,2.0,1.0,0,0.0,3
add_back_dropped__frame_cap_len,record_total,TP_vs_FN,TP,FN,0.0,1.7813018074824176,0.49999999975,7262,2.299091159460204,2.0,0.4578913727603667,2.0,3.0,2.0,3.0,1.0,0,0.0,2,9183,1.4439725579875857,1.0,0.49687806457174255,1.0,2.0,1.0,2.0,1.0,0,0.0,2
add_back_dropped__frame_cap_len,record_total,TN_vs_FP,TN,FP,,,,65780,2.4836120401337793,2.0,0.899326988730359,0.0,12.0,2.0,3.0,1.0,0,0.0007297050775311645,13,0,,,,,,,,,0,,0
add_back_dropped__frame_cap_len,record_total,TP_vs_TN,TP,TN,8.452712808185224e-30,-0.21317591876238573,0.0,7262,2.299091159460204,2.0,0.4578913727603667,2.0,3.0,2.0,3.0,1.0,0,0.0,2,65780,2.4836120401337793,2.0,0.899326988730359,0.0,12.0,2.0,3.0,1.0,0,0.0007297050775311645,13
add_back_dropped__frame_cap_len,record_total,FN_vs_TP,FN,TP,0.0,-1.7813018074824176,0.49999999975,9183,1.4439725579875857,1.0,0.49687806457174255,1.0,2.0,1.0,2.0,1.0,0,0.0,2,7262,2.299091159460204,2.0,0.4578913727603667,2.0,3.0,2.0,3.0,1.0,0,0.0,2
add_back_dropped__frame_cap_len,answer_A_count,actual_normal_vs_actual_attack,actual_normal,actual_attack,0.0,-0.27153142725447765,0.0,65780,0.6925661295226513,1.0,0.7350238328959653,0.0,11.0,0.0,1.0,1.0,0,0.38393128610519917,12,16445,0.8755244755244755,1.0,0.33013329990559215,0.0,1.0,1.0,1.0,0.0,0,0.12447552447552447,2
add_back_dropped__frame_cap_len,answer_A_count,TP_vs_FN,TP,FN,0.0,-0.942744855264052,0.0,7262,0.7181217295510879,1.0,0.4499453180124894,0.0,1.0,0.0,1.0,1.0,0,0.28187827044891217,2,9183,1.0,1.0,0.0,1.0,1.0,1.0,1.0,0.0,0,0.0,1
add_back_dropped__frame_cap_len,answer_A_count,TN_vs_FP,TN,FP,,,,65780,0.6925661295226513,1.0,0.7350238328959653,0.0,11.0,0.0,1.0,1.0,0,0.38393128610519917,12,0,,,,,,,,,0,,0
add_back_dropped__frame_cap_len,answer_A_count,TP_vs_TN,TP,TN,5.582539419706346e-32,0.03590211758971605,0.0,7262,0.7181217295510879,1.0,0.4499453180124894,0.0,1.0,0.0,1.0,1.0,0,0.28187827044891217,2,65780,0.6925661295226513,1.0,0.7350238328959653,0.0,11.0,0.0,1.0,1.0,0,0.38393128610519917,12
add_back_dropped__frame_cap_len,answer_A_count,FN_vs_TP,FN,TP,0.0,0.942744855264052,0.0,9183,1.0,1.0,0.0,1.0,1.0,1.0,1.0,0.0,0,0.0,1,7262,0.7181217295510879,1.0,0.4499453180124894,0.0,1.0,0.0,1.0,1.0,0,0.28187827044891217,2
add_back_dropped__frame_cap_len,dns_count_add_rr,actual_normal_vs_actual_attack,actual_normal,actual_attack,0.0,1.042016955993276,0.9999999989999999,65780,1.1989358467619338,1.0,0.7737260064962977,0.0,3.0,1.0,1.0,0.0,0,0.08011553663727576,3,16445,0.4415931894192764,0.0,0.4965920258506806,0.0,1.0,0.0,1.0,1.0,0,0.5584068105807236,2
add_back_dropped__frame_cap_len,dns_count_add_rr,TP_vs_FN,TP,FN,0.0,,999999999.9999999,7262,1.0,1.0,0.0,1.0,1.0,1.0,1.0,0.0,0,0.0,1,9183,0.0,0.0,0.0,0.0,0.0,0.0,0.0,0.0,0,1.0,1
add_back_dropped__frame_cap_len,dns_count_add_rr,TN_vs_FP,TN,FP,,,,65780,1.1989358467619338,1.0,0.7737260064962977,0.0,3.0,1.0,1.0,0.0,0,0.08011553663727576,3,0,,,,,,,,,0,,0
add_back_dropped__frame_cap_len,dns_count_add_rr,TP_vs_TN,TP,TN,3.840093543516943e-33,-0.270933433650962,0.0,7262,1.0,1.0,0.0,1.0,1.0,1.0,1.0,0.0,0,0.0,1,65780,1.1989358467619338,1.0,0.7737260064962977,0.0,3.0,1.0,1.0,0.0,0,0.08011553663727576,3
add_back_dropped__frame_cap_len,dns_count_add_rr,FN_vs_TP,FN,TP,0.0,,999999999.9999999,9183,0.0,0.0,0.0,0.0,0.0,0.0,0.0,0.0,0,1.0,1,7262,1.0,1.0,0.0,1.0,1.0,1.0,1.0,0.0,0,0.0,1
add_back_dropped__frame_cap_len,dns_count_answers,actual_normal_vs_actual_attack,actual_normal,actual_attack,0.0,0.44814110325768225,0.0,65780,1.2766950440863485,1.0,0.6903027878367249,0.0,12.0,1.0,1.0,0.0,0,0.005518394648829431,13,16445,1.0,1.0,0.0,1.0,1.0,1.0,1.0,0.0,0,0.0,1
add_back_dropped__frame_cap_len,dns_count_answers,TP_vs_FN,TP,FN,1.0,,0.0,7262,1.0,1.0,0.0,1.0,1.0,1.0,1.0,0.0,0,0.0,1,9183,1.0,1.0,0.0,1.0,1.0,1.0,1.0,0.0,0,0.0,1
add_back_dropped__frame_cap_len,dns_count_answers,TN_vs_FP,TN,FP,,,,65780,1.2766950440863485,1.0,0.6903027878367249,0.0,12.0,1.0,1.0,0.0,0,0.005518394648829431,13,0,,,,,,,,,0,,0
add_back_dropped__frame_cap_len,dns_count_answers,TP_vs_TN,TP,TN,0.0,-0.4223752890836728,0.0,7262,1.0,1.0,0.0,1.0,1.0,1.0,1.0,0.0,0,0.0,1,65780,1.2766950440863485,1.0,0.6903027878367249,0.0,12.0,1.0,1.0,0.0,0,0.005518394648829431,13
add_back_dropped__frame_cap_len,dns_count_answers,FN_vs_TP,FN,TP,1.0,,0.0,9183,1.0,1.0,0.0,1.0,1.0,1.0,1.0,0.0,0,0.0,1,7262,1.0,1.0,0.0,1.0,1.0,1.0,1.0,0.0,0,0.0,1
add_back_dropped__frame_cap_len,additional_AAAA_count,actual_normal_vs_actual_attack,actual_normal,actual_attack,0.0,0.45020245905169104,0.0,65780,0.13952569169960474,0.0,0.3464968949812828,0.0,1.0,0.0,0.0,0.0,0,0.8604743083003953,2,16445,0.0,0.0,0.0,0.0,0.0,0.0,0.0,0.0,0,1.0,1
add_back_dropped__frame_cap_len,additional_AAAA_count,TP_vs_FN,TP,FN,1.0,,0.0,7262,0.0,0.0,0.0,0.0,0.0,0.0,0.0,0.0,0,1.0,1,9183,0.0,0.0,0.0,0.0,0.0,0.0,0.0,0.0,0,1.0,1
add_back_dropped__frame_cap_len,additional_AAAA_count,TN_vs_FP,TN,FP,,,,65780,0.13952569169960474,0.0,0.3464968949812828,0.0,1.0,0.0,0.0,0.0,0,0.8604743083003953,2,0,,,,,,,,,0,,0
add_back_dropped__frame_cap_len,additional_AAAA_count,TP_vs_TN,TP,TN,5.396057870960501e-254,-0.42431812749565867,0.0,7262,0.0,0.0,0.0,0.0,0.0,0.0,0.0,0.0,0,1.0,1,65780,0.13952569169960474,0.0,0.3464968949812828,0.0,1.0,0.0,0.0,0.0,0,0.8604743083003953,2
add_back_dropped__frame_cap_len,additional_AAAA_count,FN_vs_TP,FN,TP,1.0,,0.0,9183,0.0,0.0,0.0,0.0,0.0,0.0,0.0,0.0,0,1.0,1,7262,0.0,0.0,0.0,0.0,0.0,0.0,0.0,0.0,0,1.0,1
add_back_dropped__frame_cap_len,answer_record_count,actual_normal_vs_actual_attack,actual_normal,actual_attack,0.0,0.44814110325768225,0.0,65780,1.2766950440863485,1.0,0.6903027878367249,0.0,12.0,1.0,1.0,0.0,0,0.005518394648829431,13,16445,1.0,1.0,0.0,1.0,1.0,1.0,1.0,0.0,0,0.0,1
add_back_dropped__frame_cap_len,answer_record_count,TP_vs_FN,TP,FN,1.0,,0.0,7262,1.0,1.0,0.0,1.0,1.0,1.0,1.0,0.0,0,0.0,1,9183,1.0,1.0,0.0,1.0,1.0,1.0,1.0,0.0,0,0.0,1
add_back_dropped__frame_cap_len,answer_record_count,TN_vs_FP,TN,FP,,,,65780,1.2766950440863485,1.0,0.6903027878367249,0.0,12.0,1.0,1.0,0.0,0,0.005518394648829431,13,0,,,,,,,,,0,,0
add_back_dropped__frame_cap_len,answer_record_count,TP_vs_TN,TP,TN,0.0,-0.4223752890836728,0.0,7262,1.0,1.0,0.0,1.0,1.0,1.0,1.0,0.0,0,0.0,1,65780,1.2766950440863485,1.0,0.6903027878367249,0.0,12.0,1.0,1.0,0.0,0,0.005518394648829431,13
add_back_dropped__frame_cap_len,answer_record_count,FN_vs_TP,FN,TP,1.0,,0.0,9183,1.0,1.0,0.0,1.0,1.0,1.0,1.0,0.0,0,0.0,1,7262,1.0,1.0,0.0,1.0,1.0,1.0,1.0,0.0,0,0.0,1
add_back_dropped__frame_cap_len,frame_len,actual_normal_vs_actual_attack,actual_normal,actual_attack,0.0,1.4673027466082607,0.3302752293547681,65780,175.27546366676802,172.0,30.619567644177156,70.0,419.0,148.0,192.0,44.0,0,0.0,163,16445,131.71395560960778,136.0,25.625965873055407,100.0,171.0,100.0,165.0,65.0,0,0.0,5
add_back_dropped__frame_cap_len,frame_len,TP_vs_FN,TP,FN,0.0,1.9213179014084587,0.8333333333226496,7262,151.60616909942163,165.0,19.335666866430632,129.0,171.0,129.0,171.0,42.0,0,0.0,3,9183,115.98301208755309,100.0,17.887610324582734,100.0,136.0,100.0,136.0,36.0,0,0.0,2
add_back_dropped__frame_cap_len,frame_len,TN_vs_FP,TN,FP,,,,65780,175.27546366676802,172.0,30.619567644177156,70.0,419.0,148.0,192.0,44.0,0,0.0,163,0,,,,,,,,,0,,0
add_back_dropped__frame_cap_len,frame_len,TP_vs_TN,TP,TN,0.0,-0.7972032045481064,0.08139534883626284,7262,151.60616909942163,165.0,19.335666866430632,129.0,171.0,129.0,171.0,42.0,0,0.0,3,65780,175.27546366676802,172.0,30.619567644177156,70.0,419.0,148.0,192.0,44.0,0,0.0,163
add_back_dropped__frame_cap_len,frame_len,FN_vs_TP,FN,TP,0.0,-1.9213179014084587,0.8333333333226496,9183,115.98301208755309,100.0,17.887610324582734,100.0,136.0,100.0,136.0,36.0,0,0.0,2,7262,151.60616909942163,165.0,19.335666866430632,129.0,171.0,129.0,171.0,42.0,0,0.0,3
add_back_dropped__frame_cap_len,frame_cap_len,actual_normal_vs_actual_attack,actual_normal,actual_attack,0.0,1.4673027466082607,0.3302752293547681,65780,175.27546366676802,172.0,30.619567644177156,70.0,419.0,148.0,192.0,44.0,0,0.0,163,16445,131.71395560960778,136.0,25.625965873055407,100.0,171.0,100.0,165.0,65.0,0,0.0,5
add_back_dropped__frame_cap_len,frame_cap_len,TP_vs_FN,TP,FN,0.0,1.9213179014084587,0.8333333333226496,7262,151.60616909942163,165.0,19.335666866430632,129.0,171.0,129.0,171.0,42.0,0,0.0,3,9183,115.98301208755309,100.0,17.887610324582734,100.0,136.0,100.0,136.0,36.0,0,0.0,2
add_back_dropped__frame_cap_len,frame_cap_len,TN_vs_FP,TN,FP,,,,65780,175.27546366676802,172.0,30.619567644177156,70.0,419.0,148.0,192.0,44.0,0,0.0,163,0,,,,,,,,,0,,0
add_back_dropped__frame_cap_len,frame_cap_len,TP_vs_TN,TP,TN,0.0,-0.7972032045481064,0.08139534883626284,7262,151.60616909942163,165.0,19.335666866430632,129.0,171.0,129.0,171.0,42.0,0,0.0,3,65780,175.27546366676802,172.0,30.619567644177156,70.0,419.0,148.0,192.0,44.0,0,0.0,163
add_back_dropped__frame_cap_len,frame_cap_len,FN_vs_TP,FN,TP,0.0,-1.9213179014084587,0.8333333333226496,9183,115.98301208755309,100.0,17.887610324582734,100.0,136.0,100.0,136.0,36.0,0,0.0,2,7262,151.60616909942163,165.0,19.335666866430632,129.0,171.0,129.0,171.0,42.0,0,0.0,3
add_back_dropped__frame_cap_len,ttl_std,actual_normal_vs_actual_attack,actual_normal,actual_attack,0.0,0.33787357706000826,0.0,65780,2742.7568231968485,0.0,9075.82472833607,-1.0,43185.0,0.0,32.5,32.5,0,0.691045910611128,1656,16445,0.0,0.0,0.0,0.0,0.0,0.0,0.0,0.0,0,1.0,1
add_back_dropped__frame_cap_len,ttl_std,TP_vs_FN,TP,FN,1.0,,0.0,7262,0.0,0.0,0.0,0.0,0.0,0.0,0.0,0.0,0,1.0,1,9183,0.0,0.0,0.0,0.0,0.0,0.0,0.0,0.0,0,1.0,1
add_back_dropped__frame_cap_len,ttl_std,TN_vs_FP,TN,FP,,,,65780,2742.7568231968485,0.0,9075.82472833607,-1.0,43185.0,0.0,32.5,32.5,0,0.691045910611128,1656,0,,,,,,,,,0,,0
add_back_dropped__frame_cap_len,ttl_std,TP_vs_TN,TP,TN,0.0,-0.318447579896275,0.0,7262,0.0,0.0,0.0,0.0,0.0,0.0,0.0,0.0,0,1.0,1,65780,2742.7568231968485,0.0,9075.82472833607,-1.0,43185.0,0.0,32.5,32.5,0,0.691045910611128,1656
add_back_dropped__frame_cap_len,ttl_std,FN_vs_TP,FN,TP,1.0,,0.0,9183,0.0,0.0,0.0,0.0,0.0,0.0,0.0,0.0,0,1.0,1,7262,0.0,0.0,0.0,0.0,0.0,0.0,0.0,0.0,0,1.0,1
add_back_dropped__udp_length,has_additional_A,actual_normal_vs_actual_attack,actual_normal,actual_attack,0.0,-0.7922637126073326,0.0,65780,0.13952569169960474,0.0,0.3464968949812828,0.0,1.0,0.0,0.0,0.0,0,0.8604743083003953,2,16445,0.4415931894192764,0.0,0.4965920258506806,0.0,1.0,0.0,1.0,1.0,0,0.5584068105807236,2
add_back_dropped__udp_length,has_additional_A,TP_vs_FN,TP,FN,0.0,,999999999.9999999,7262,1.0,1.0,0.0,1.0,1.0,1.0,1.0,0.0,0,0.0,1,9183,0.0,0.0,0.0,0.0,0.0,0.0,0.0,0.0,0,1.0,1
add_back_dropped__udp_length,has_additional_A,TN_vs_FP,TN,FP,,,,65780,0.13952569169960474,0.0,0.3464968949812828,0.0,1.0,0.0,0.0,0.0,0,0.8604743083003953,2,0,,,,,,,,,0,,0
add_back_dropped__udp_length,has_additional_A,TP_vs_TN,TP,TN,0.0,2.616828791949147,999999999.9999999,7262,1.0,1.0,0.0,1.0,1.0,1.0,1.0,0.0,0,0.0,1,65780,0.13952569169960474,0.0,0.3464968949812828,0.0,1.0,0.0,0.0,0.0,0,0.8604743083003953,2
add_back_dropped__udp_length,has_additional_A,FN_vs_TP,FN,TP,0.0,,999999999.9999999,9183,0.0,0.0,0.0,0.0,0.0,0.0,0.0,0.0,0,1.0,1,7262,1.0,1.0,0.0,1.0,1.0,1.0,1.0,0.0,0,0.0,1
add_back_dropped__udp_length,additional_A_count,actual_normal_vs_actual_attack,actual_normal,actual_attack,0.0,-0.7922637126073326,0.0,65780,0.13952569169960474,0.0,0.3464968949812828,0.0,1.0,0.0,0.0,0.0,0,0.8604743083003953,2,16445,0.4415931894192764,0.0,0.4965920258506806,0.0,1.0,0.0,1.0,1.0,0,0.5584068105807236,2
add_back_dropped__udp_length,additional_A_count,TP_vs_FN,TP,FN,0.0,,999999999.9999999,7262,1.0,1.0,0.0,1.0,1.0,1.0,1.0,0.0,0,0.0,1,9183,0.0,0.0,0.0,0.0,0.0,0.0,0.0,0.0,0,1.0,1
add_back_dropped__udp_length,additional_A_count,TN_vs_FP,TN,FP,,,,65780,0.13952569169960474,0.0,0.3464968949812828,0.0,1.0,0.0,0.0,0.0,0,0.8604743083003953,2,0,,,,,,,,,0,,0
add_back_dropped__udp_length,additional_A_count,TP_vs_TN,TP,TN,0.0,2.616828791949147,999999999.9999999,7262,1.0,1.0,0.0,1.0,1.0,1.0,1.0,0.0,0,0.0,1,65780,0.13952569169960474,0.0,0.3464968949812828,0.0,1.0,0.0,0.0,0.0,0,0.8604743083003953,2
add_back_dropped__udp_length,additional_A_count,FN_vs_TP,FN,TP,0.0,,999999999.9999999,9183,0.0,0.0,0.0,0.0,0.0,0.0,0.0,0.0,0,1.0,1,7262,1.0,1.0,0.0,1.0,1.0,1.0,1.0,0.0,0,0.0,1
add_back_dropped__udp_length,unique_record_name_count,actual_normal_vs_actual_attack,actual_normal,actual_attack,4.0799850477864585e-205,-0.25874420541160026,0.0,65780,1.317254484645789,1.0,0.4764512828802376,0.0,5.0,1.0,2.0,1.0,0,0.0007601094557616296,6,16445,1.4415931894192764,1.0,0.4965920258506806,1.0,2.0,1.0,2.0,1.0,0,0.0,2
add_back_dropped__udp_length,unique_record_name_count,TP_vs_FN,TP,FN,0.0,,999999999.9999999,7262,2.0,2.0,0.0,2.0,2.0,2.0,2.0,0.0,0,0.0,1,9183,1.0,1.0,0.0,1.0,1.0,1.0,1.0,0.0,0,0.0,1
add_back_dropped__udp_length,unique_record_name_count,TN_vs_FP,TN,FP,,,,65780,1.317254484645789,1.0,0.4764512828802376,0.0,5.0,1.0,2.0,1.0,0,0.0007601094557616296,6,0,,,,,,,,,0,,0
add_back_dropped__udp_length,unique_record_name_count,TP_vs_TN,TP,TN,0.0,1.5100005459337953,0.9999999989999999,7262,2.0,2.0,0.0,2.0,2.0,2.0,2.0,0.0,0,0.0,1,65780,1.317254484645789,1.0,0.4764512828802376,0.0,5.0,1.0,2.0,1.0,0,0.0007601094557616296,6
add_back_dropped__udp_length,unique_record_name_count,FN_vs_TP,FN,TP,0.0,,999999999.9999999,9183,1.0,1.0,0.0,1.0,1.0,1.0,1.0,0.0,0,0.0,1,7262,2.0,2.0,0.0,2.0,2.0,2.0,2.0,0.0,0,0.0,1
add_back_dropped__udp_length,additional_out_of_bailiwick_count,actual_normal_vs_actual_attack,actual_normal,actual_attack,0.0,0.4486335774135458,0.0,65780,0.2773791425965339,0.0,0.691249853853276,0.0,2.0,0.0,0.0,0.0,0,0.861310428701733,2,16445,0.0,0.0,0.0,0.0,0.0,0.0,0.0,0.0,0,1.0,1
add_back_dropped__udp_length,additional_out_of_bailiwick_count,TP_vs_FN,TP,FN,1.0,,0.0,7262,0.0,0.0,0.0,0.0,0.0,0.0,0.0,0.0,0,1.0,1,9183,0.0,0.0,0.0,0.0,0.0,0.0,0.0,0.0,0,1.0,1
add_back_dropped__udp_length,additional_out_of_bailiwick_count,TN_vs_FP,TN,FP,,,,65780,0.2773791425965339,0.0,0.691249853853276,0.0,2.0,0.0,0.0,0.0,0,0.861310428701733,2,0,,,,,,,,,0,,0
add_back_dropped__udp_length,additional_out_of_bailiwick_count,TP_vs_TN,TP,TN,2.8625568912422546e-252,-0.42283944850229566,0.0,7262,0.0,0.0,0.0,0.0,0.0,0.0,0.0,0.0,0,1.0,1,65780,0.2773791425965339,0.0,0.691249853853276,0.0,2.0,0.0,0.0,0.0,0,0.861310428701733,2
add_back_dropped__udp_length,additional_out_of_bailiwick_count,FN_vs_TP,FN,TP,1.0,,0.0,9183,0.0,0.0,0.0,0.0,0.0,0.0,0.0,0.0,0,1.0,1,7262,0.0,0.0,0.0,0.0,0.0,0.0,0.0,0.0,0,1.0,1
add_back_dropped__udp_length,record_total,actual_normal_vs_actual_attack,actual_normal,actual_attack,0.0,0.7752738731266764,0.0,65780,2.4836120401337793,2.0,0.899326988730359,0.0,12.0,2.0,3.0,1.0,0,0.0007297050775311645,13,16445,1.8215871085436304,2.0,0.6409055683066263,1.0,3.0,1.0,2.0,1.0,0,0.0,3
add_back_dropped__udp_length,record_total,TP_vs_FN,TP,FN,0.0,1.7813018074824176,0.49999999975,7262,2.299091159460204,2.0,0.4578913727603667,2.0,3.0,2.0,3.0,1.0,0,0.0,2,9183,1.4439725579875857,1.0,0.49687806457174255,1.0,2.0,1.0,2.0,1.0,0,0.0,2
add_back_dropped__udp_length,record_total,TN_vs_FP,TN,FP,,,,65780,2.4836120401337793,2.0,0.899326988730359,0.0,12.0,2.0,3.0,1.0,0,0.0007297050775311645,13,0,,,,,,,,,0,,0
add_back_dropped__udp_length,record_total,TP_vs_TN,TP,TN,8.452712808185224e-30,-0.21317591876238573,0.0,7262,2.299091159460204,2.0,0.4578913727603667,2.0,3.0,2.0,3.0,1.0,0,0.0,2,65780,2.4836120401337793,2.0,0.899326988730359,0.0,12.0,2.0,3.0,1.0,0,0.0007297050775311645,13
add_back_dropped__udp_length,record_total,FN_vs_TP,FN,TP,0.0,-1.7813018074824176,0.49999999975,9183,1.4439725579875857,1.0,0.49687806457174255,1.0,2.0,1.0,2.0,1.0,0,0.0,2,7262,2.299091159460204,2.0,0.4578913727603667,2.0,3.0,2.0,3.0,1.0,0,0.0,2
add_back_dropped__udp_length,answer_A_count,actual_normal_vs_actual_attack,actual_normal,actual_attack,0.0,-0.27153142725447765,0.0,65780,0.6925661295226513,1.0,0.7350238328959653,0.0,11.0,0.0,1.0,1.0,0,0.38393128610519917,12,16445,0.8755244755244755,1.0,0.33013329990559215,0.0,1.0,1.0,1.0,0.0,0,0.12447552447552447,2
add_back_dropped__udp_length,answer_A_count,TP_vs_FN,TP,FN,0.0,-0.942744855264052,0.0,7262,0.7181217295510879,1.0,0.4499453180124894,0.0,1.0,0.0,1.0,1.0,0,0.28187827044891217,2,9183,1.0,1.0,0.0,1.0,1.0,1.0,1.0,0.0,0,0.0,1
add_back_dropped__udp_length,answer_A_count,TN_vs_FP,TN,FP,,,,65780,0.6925661295226513,1.0,0.7350238328959653,0.0,11.0,0.0,1.0,1.0,0,0.38393128610519917,12,0,,,,,,,,,0,,0
add_back_dropped__udp_length,answer_A_count,TP_vs_TN,TP,TN,5.582539419706346e-32,0.03590211758971605,0.0,7262,0.7181217295510879,1.0,0.4499453180124894,0.0,1.0,0.0,1.0,1.0,0,0.28187827044891217,2,65780,0.6925661295226513,1.0,0.7350238328959653,0.0,11.0,0.0,1.0,1.0,0,0.38393128610519917,12
add_back_dropped__udp_length,answer_A_count,FN_vs_TP,FN,TP,0.0,0.942744855264052,0.0,9183,1.0,1.0,0.0,1.0,1.0,1.0,1.0,0.0,0,0.0,1,7262,0.7181217295510879,1.0,0.4499453180124894,0.0,1.0,0.0,1.0,1.0,0,0.28187827044891217,2
add_back_dropped__udp_length,dns_count_add_rr,actual_normal_vs_actual_attack,actual_normal,actual_attack,0.0,1.042016955993276,0.9999999989999999,65780,1.1989358467619338,1.0,0.7737260064962977,0.0,3.0,1.0,1.0,0.0,0,0.08011553663727576,3,16445,0.4415931894192764,0.0,0.4965920258506806,0.0,1.0,0.0,1.0,1.0,0,0.5584068105807236,2
add_back_dropped__udp_length,dns_count_add_rr,TP_vs_FN,TP,FN,0.0,,999999999.9999999,7262,1.0,1.0,0.0,1.0,1.0,1.0,1.0,0.0,0,0.0,1,9183,0.0,0.0,0.0,0.0,0.0,0.0,0.0,0.0,0,1.0,1
add_back_dropped__udp_length,dns_count_add_rr,TN_vs_FP,TN,FP,,,,65780,1.1989358467619338,1.0,0.7737260064962977,0.0,3.0,1.0,1.0,0.0,0,0.08011553663727576,3,0,,,,,,,,,0,,0
add_back_dropped__udp_length,dns_count_add_rr,TP_vs_TN,TP,TN,3.840093543516943e-33,-0.270933433650962,0.0,7262,1.0,1.0,0.0,1.0,1.0,1.0,1.0,0.0,0,0.0,1,65780,1.1989358467619338,1.0,0.7737260064962977,0.0,3.0,1.0,1.0,0.0,0,0.08011553663727576,3
add_back_dropped__udp_length,dns_count_add_rr,FN_vs_TP,FN,TP,0.0,,999999999.9999999,9183,0.0,0.0,0.0,0.0,0.0,0.0,0.0,0.0,0,1.0,1,7262,1.0,1.0,0.0,1.0,1.0,1.0,1.0,0.0,0,0.0,1
add_back_dropped__udp_length,dns_count_answers,actual_normal_vs_actual_attack,actual_normal,actual_attack,0.0,0.44814110325768225,0.0,65780,1.2766950440863485,1.0,0.6903027878367249,0.0,12.0,1.0,1.0,0.0,0,0.005518394648829431,13,16445,1.0,1.0,0.0,1.0,1.0,1.0,1.0,0.0,0,0.0,1
add_back_dropped__udp_length,dns_count_answers,TP_vs_FN,TP,FN,1.0,,0.0,7262,1.0,1.0,0.0,1.0,1.0,1.0,1.0,0.0,0,0.0,1,9183,1.0,1.0,0.0,1.0,1.0,1.0,1.0,0.0,0,0.0,1
add_back_dropped__udp_length,dns_count_answers,TN_vs_FP,TN,FP,,,,65780,1.2766950440863485,1.0,0.6903027878367249,0.0,12.0,1.0,1.0,0.0,0,0.005518394648829431,13,0,,,,,,,,,0,,0
add_back_dropped__udp_length,dns_count_answers,TP_vs_TN,TP,TN,0.0,-0.4223752890836728,0.0,7262,1.0,1.0,0.0,1.0,1.0,1.0,1.0,0.0,0,0.0,1,65780,1.2766950440863485,1.0,0.6903027878367249,0.0,12.0,1.0,1.0,0.0,0,0.005518394648829431,13
add_back_dropped__udp_length,dns_count_answers,FN_vs_TP,FN,TP,1.0,,0.0,9183,1.0,1.0,0.0,1.0,1.0,1.0,1.0,0.0,0,0.0,1,7262,1.0,1.0,0.0,1.0,1.0,1.0,1.0,0.0,0,0.0,1
add_back_dropped__udp_length,additional_AAAA_count,actual_normal_vs_actual_attack,actual_normal,actual_attack,0.0,0.45020245905169104,0.0,65780,0.13952569169960474,0.0,0.3464968949812828,0.0,1.0,0.0,0.0,0.0,0,0.8604743083003953,2,16445,0.0,0.0,0.0,0.0,0.0,0.0,0.0,0.0,0,1.0,1
add_back_dropped__udp_length,additional_AAAA_count,TP_vs_FN,TP,FN,1.0,,0.0,7262,0.0,0.0,0.0,0.0,0.0,0.0,0.0,0.0,0,1.0,1,9183,0.0,0.0,0.0,0.0,0.0,0.0,0.0,0.0,0,1.0,1
add_back_dropped__udp_length,additional_AAAA_count,TN_vs_FP,TN,FP,,,,65780,0.13952569169960474,0.0,0.3464968949812828,0.0,1.0,0.0,0.0,0.0,0,0.8604743083003953,2,0,,,,,,,,,0,,0
add_back_dropped__udp_length,additional_AAAA_count,TP_vs_TN,TP,TN,5.396057870960501e-254,-0.42431812749565867,0.0,7262,0.0,0.0,0.0,0.0,0.0,0.0,0.0,0.0,0,1.0,1,65780,0.13952569169960474,0.0,0.3464968949812828,0.0,1.0,0.0,0.0,0.0,0,0.8604743083003953,2
add_back_dropped__udp_length,additional_AAAA_count,FN_vs_TP,FN,TP,1.0,,0.0,9183,0.0,0.0,0.0,0.0,0.0,0.0,0.0,0.0,0,1.0,1,7262,0.0,0.0,0.0,0.0,0.0,0.0,0.0,0.0,0,1.0,1
add_back_dropped__udp_length,answer_record_count,actual_normal_vs_actual_attack,actual_normal,actual_attack,0.0,0.44814110325768225,0.0,65780,1.2766950440863485,1.0,0.6903027878367249,0.0,12.0,1.0,1.0,0.0,0,0.005518394648829431,13,16445,1.0,1.0,0.0,1.0,1.0,1.0,1.0,0.0,0,0.0,1
add_back_dropped__udp_length,answer_record_count,TP_vs_FN,TP,FN,1.0,,0.0,7262,1.0,1.0,0.0,1.0,1.0,1.0,1.0,0.0,0,0.0,1,9183,1.0,1.0,0.0,1.0,1.0,1.0,1.0,0.0,0,0.0,1
add_back_dropped__udp_length,answer_record_count,TN_vs_FP,TN,FP,,,,65780,1.2766950440863485,1.0,0.6903027878367249,0.0,12.0,1.0,1.0,0.0,0,0.005518394648829431,13,0,,,,,,,,,0,,0
add_back_dropped__udp_length,answer_record_count,TP_vs_TN,TP,TN,0.0,-0.4223752890836728,0.0,7262,1.0,1.0,0.0,1.0,1.0,1.0,1.0,0.0,0,0.0,1,65780,1.2766950440863485,1.0,0.6903027878367249,0.0,12.0,1.0,1.0,0.0,0,0.005518394648829431,13
add_back_dropped__udp_length,answer_record_count,FN_vs_TP,FN,TP,1.0,,0.0,9183,1.0,1.0,0.0,1.0,1.0,1.0,1.0,0.0,0,0.0,1,7262,1.0,1.0,0.0,1.0,1.0,1.0,1.0,0.0,0,0.0,1
add_back_dropped__udp_length,frame_len,actual_normal_vs_actual_attack,actual_normal,actual_attack,0.0,1.4673027466082607,0.3302752293547681,65780,175.27546366676802,172.0,30.619567644177156,70.0,419.0,148.0,192.0,44.0,0,0.0,163,16445,131.71395560960778,136.0,25.625965873055407,100.0,171.0,100.0,165.0,65.0,0,0.0,5
add_back_dropped__udp_length,frame_len,TP_vs_FN,TP,FN,0.0,1.9213179014084587,0.8333333333226496,7262,151.60616909942163,165.0,19.335666866430632,129.0,171.0,129.0,171.0,42.0,0,0.0,3,9183,115.98301208755309,100.0,17.887610324582734,100.0,136.0,100.0,136.0,36.0,0,0.0,2
add_back_dropped__udp_length,frame_len,TN_vs_FP,TN,FP,,,,65780,175.27546366676802,172.0,30.619567644177156,70.0,419.0,148.0,192.0,44.0,0,0.0,163,0,,,,,,,,,0,,0
add_back_dropped__udp_length,frame_len,TP_vs_TN,TP,TN,0.0,-0.7972032045481064,0.08139534883626284,7262,151.60616909942163,165.0,19.335666866430632,129.0,171.0,129.0,171.0,42.0,0,0.0,3,65780,175.27546366676802,172.0,30.619567644177156,70.0,419.0,148.0,192.0,44.0,0,0.0,163
add_back_dropped__udp_length,frame_len,FN_vs_TP,FN,TP,0.0,-1.9213179014084587,0.8333333333226496,9183,115.98301208755309,100.0,17.887610324582734,100.0,136.0,100.0,136.0,36.0,0,0.0,2,7262,151.60616909942163,165.0,19.335666866430632,129.0,171.0,129.0,171.0,42.0,0,0.0,3
add_back_dropped__udp_length,udp_length,actual_normal_vs_actual_attack,actual_normal,actual_attack,0.0,1.4799910173242343,0.3302752293547681,65780,135.47449072666464,132.0,30.47402655778828,36.0,385.0,108.0,152.0,44.0,0,0.0,156,16445,91.71395560960778,96.0,25.625965873055407,60.0,131.0,60.0,125.0,65.0,0,0.0,5
add_back_dropped__udp_length,udp_length,TP_vs_FN,TP,FN,0.0,1.9213179014084594,0.8333333333226496,7262,111.60616909942165,125.0,19.335666866430635,89.0,131.0,89.0,131.0,42.0,0,0.0,3,9183,75.98301208755309,60.0,17.887610324582734,60.0,96.0,60.0,96.0,36.0,0,0.0,2
add_back_dropped__udp_length,udp_length,TN_vs_FP,TN,FP,,,,65780,135.47449072666464,132.0,30.47402655778828,36.0,385.0,108.0,152.0,44.0,0,0.0,156,0,,,,,,,,,0,,0
add_back_dropped__udp_length,udp_length,TP_vs_TN,TP,TN,0.0,-0.8075830097126215,0.08139534883626284,7262,111.60616909942165,125.0,19.335666866430635,89.0,131.0,89.0,131.0,42.0,0,0.0,3,65780,135.47449072666464,132.0,30.47402655778828,36.0,385.0,108.0,152.0,44.0,0,0.0,156
add_back_dropped__udp_length,udp_length,FN_vs_TP,FN,TP,0.0,-1.9213179014084594,0.8333333333226496,9183,75.98301208755309,60.0,17.887610324582734,60.0,96.0,60.0,96.0,36.0,0,0.0,2,7262,111.60616909942165,125.0,19.335666866430635,89.0,131.0,89.0,131.0,42.0,0,0.0,3
add_back_dropped__udp_length,ttl_std,actual_normal_vs_actual_attack,actual_normal,actual_attack,0.0,0.33787357706000826,0.0,65780,2742.7568231968485,0.0,9075.82472833607,-1.0,43185.0,0.0,32.5,32.5,0,0.691045910611128,1656,16445,0.0,0.0,0.0,0.0,0.0,0.0,0.0,0.0,0,1.0,1
add_back_dropped__udp_length,ttl_std,TP_vs_FN,TP,FN,1.0,,0.0,7262,0.0,0.0,0.0,0.0,0.0,0.0,0.0,0.0,0,1.0,1,9183,0.0,0.0,0.0,0.0,0.0,0.0,0.0,0.0,0,1.0,1
add_back_dropped__udp_length,ttl_std,TN_vs_FP,TN,FP,,,,65780,2742.7568231968485,0.0,9075.82472833607,-1.0,43185.0,0.0,32.5,32.5,0,0.691045910611128,1656,0,,,,,,,,,0,,0
add_back_dropped__udp_length,ttl_std,TP_vs_TN,TP,TN,0.0,-0.318447579896275,0.0,7262,0.0,0.0,0.0,0.0,0.0,0.0,0.0,0.0,0,1.0,1,65780,2742.7568231968485,0.0,9075.82472833607,-1.0,43185.0,0.0,32.5,32.5,0,0.691045910611128,1656
add_back_dropped__udp_length,ttl_std,FN_vs_TP,FN,TP,1.0,,0.0,9183,0.0,0.0,0.0,0.0,0.0,0.0,0.0,0.0,0,1.0,1,7262,0.0,0.0,0.0,0.0,0.0,0.0,0.0,0.0,0,1.0,1
add_back_dropped__src_port,has_additional_A,actual_normal_vs_actual_attack,actual_normal,actual_attack,0.0,-0.7922637126073326,0.0,65780,0.13952569169960474,0.0,0.3464968949812828,0.0,1.0,0.0,0.0,0.0,0,0.8604743083003953,2,16445,0.4415931894192764,0.0,0.4965920258506806,0.0,1.0,0.0,1.0,1.0,0,0.5584068105807236,2
add_back_dropped__src_port,has_additional_A,TP_vs_FN,TP,FN,0.0,1.3955743946653316,0.9999999989999999,12262,0.5922361768063937,1.0,0.4914388910886197,0.0,1.0,0.0,1.0,1.0,0,0.40776382319360627,2,4183,0.0,0.0,0.0,0.0,0.0,0.0,0.0,0.0,0,1.0,1
add_back_dropped__src_port,has_additional_A,TN_vs_FP,TN,FP,3.7632489005706034e-18,0.4057529776061437,0.0,65318,0.14051256927646286,0.0,0.3475206988308398,0.0,1.0,0.0,0.0,0.0,0,0.8594874307235372,2,462,0.0,0.0,0.0,0.0,0.0,0.0,0.0,0.0,0,1.0,1
add_back_dropped__src_port,has_additional_A,TP_vs_TN,TP,TN,0.0,1.207914192283759,0.9999999989999999,12262,0.5922361768063937,1.0,0.4914388910886197,0.0,1.0,0.0,1.0,1.0,0,0.40776382319360627,2,65318,0.14051256927646286,0.0,0.3475206988308398,0.0,1.0,0.0,0.0,0.0,0,0.8594874307235372,2
add_back_dropped__src_port,has_additional_A,FN_vs_TP,FN,TP,0.0,-1.3955743946653316,0.9999999989999999,4183,0.0,0.0,0.0,0.0,0.0,0.0,0.0,0.0,0,1.0,1,12262,0.5922361768063937,1.0,0.4914388910886197,0.0,1.0,0.0,1.0,1.0,0,0.40776382319360627,2
add_back_dropped__src_port,additional_A_count,actual_normal_vs_actual_attack,actual_normal,actual_attack,0.0,-0.7922637126073326,0.0,65780,0.13952569169960474,0.0,0.3464968949812828,0.0,1.0,0.0,0.0,0.0,0,0.8604743083003953,2,16445,0.4415931894192764,0.0,0.4965920258506806,0.0,1.0,0.0,1.0,1.0,0,0.5584068105807236,2
add_back_dropped__src_port,additional_A_count,TP_vs_FN,TP,FN,0.0,1.3955743946653316,0.9999999989999999,12262,0.5922361768063937,1.0,0.4914388910886197,0.0,1.0,0.0,1.0,1.0,0,0.40776382319360627,2,4183,0.0,0.0,0.0,0.0,0.0,0.0,0.0,0.0,0,1.0,1
add_back_dropped__src_port,additional_A_count,TN_vs_FP,TN,FP,3.7632489005706034e-18,0.4057529776061437,0.0,65318,0.14051256927646286,0.0,0.3475206988308398,0.0,1.0,0.0,0.0,0.0,0,0.8594874307235372,2,462,0.0,0.0,0.0,0.0,0.0,0.0,0.0,0.0,0,1.0,1
add_back_dropped__src_port,additional_A_count,TP_vs_TN,TP,TN,0.0,1.207914192283759,0.9999999989999999,12262,0.5922361768063937,1.0,0.4914388910886197,0.0,1.0,0.0,1.0,1.0,0,0.40776382319360627,2,65318,0.14051256927646286,0.0,0.3475206988308398,0.0,1.0,0.0,0.0,0.0,0,0.8594874307235372,2
add_back_dropped__src_port,additional_A_count,FN_vs_TP,FN,TP,0.0,-1.3955743946653316,0.9999999989999999,4183,0.0,0.0,0.0,0.0,0.0,0.0,0.0,0.0,0,1.0,1,12262,0.5922361768063937,1.0,0.4914388910886197,0.0,1.0,0.0,1.0,1.0,0,0.40776382319360627,2
add_back_dropped__src_port,unique_record_name_count,actual_normal_vs_actual_attack,actual_normal,actual_attack,4.0799850477864585e-205,-0.25874420541160026,0.0,65780,1.317254484645789,1.0,0.4764512828802376,0.0,5.0,1.0,2.0,1.0,0,0.0007601094557616296,6,16445,1.4415931894192764,1.0,0.4965920258506806,1.0,2.0,1.0,2.0,1.0,0,0.0,2
add_back_dropped__src_port,unique_record_name_count,TP_vs_FN,TP,FN,0.0,1.3955743946653316,0.9999999989999999,12262,1.5922361768063937,2.0,0.4914388910886197,1.0,2.0,1.0,2.0,1.0,0,0.0,2,4183,1.0,1.0,0.0,1.0,1.0,1.0,1.0,0.0,0,0.0,1
add_back_dropped__src_port,unique_record_name_count,TN_vs_FP,TN,FP,2.617601421746978e-75,-0.8366566276111236,0.49999999975,65318,1.3144615573042653,1.0,0.47544799136023835,0.0,5.0,1.0,2.0,1.0,0,0.0007654857772742583,6,462,1.7121212121212122,2.0,0.4532651396193945,1.0,2.0,1.0,2.0,1.0,0,0.0,2
add_back_dropped__src_port,unique_record_name_count,TP_vs_TN,TP,TN,0.0,0.581105194091906,0.49999999975,12262,1.5922361768063937,2.0,0.4914388910886197,1.0,2.0,1.0,2.0,1.0,0,0.0,2,65318,1.3144615573042653,1.0,0.47544799136023835,0.0,5.0,1.0,2.0,1.0,0,0.0007654857772742583,6
add_back_dropped__src_port,unique_record_name_count,FN_vs_TP,FN,TP,0.0,-1.3955743946653316,0.9999999989999999,4183,1.0,1.0,0.0,1.0,1.0,1.0,1.0,0.0,0,0.0,1,12262,1.5922361768063937,2.0,0.4914388910886197,1.0,2.0,1.0,2.0,1.0,0,0.0,2
add_back_dropped__src_port,additional_out_of_bailiwick_count,actual_normal_vs_actual_attack,actual_normal,actual_attack,0.0,0.4486335774135458,0.0,65780,0.2773791425965339,0.0,0.691249853853276,0.0,2.0,0.0,0.0,0.0,0,0.861310428701733,2,16445,0.0,0.0,0.0,0.0,0.0,0.0,0.0,0.0,0,1.0,1
add_back_dropped__src_port,additional_out_of_bailiwick_count,TP_vs_FN,TP,FN,1.0,,0.0,12262,0.0,0.0,0.0,0.0,0.0,0.0,0.0,0.0,0,1.0,1,4183,0.0,0.0,0.0,0.0,0.0,0.0,0.0,0.0,0,1.0,1
add_back_dropped__src_port,additional_out_of_bailiwick_count,TN_vs_FP,TN,FP,4.909297644386374e-18,0.40433738004005726,0.0,65318,0.27934106984292234,0.0,0.6932950779596722,0.0,2.0,0.0,0.0,0.0,0,0.8603294650785388,2,462,0.0,0.0,0.0,0.0,0.0,0.0,0.0,0.0,0,1.0,1
add_back_dropped__src_port,additional_out_of_bailiwick_count,TP_vs_TN,TP,TN,0.0,-0.4391095171392909,0.0,12262,0.0,0.0,0.0,0.0,0.0,0.0,0.0,0.0,0,1.0,1,65318,0.27934106984292234,0.0,0.6932950779596722,0.0,2.0,0.0,0.0,0.0,0,0.8603294650785388,2
add_back_dropped__src_port,additional_out_of_bailiwick_count,FN_vs_TP,FN,TP,1.0,,0.0,4183,0.0,0.0,0.0,0.0,0.0,0.0,0.0,0.0,0,1.0,1,12262,0.0,0.0,0.0,0.0,0.0,0.0,0.0,0.0,0,1.0,1
add_back_dropped__src_port,record_total,actual_normal_vs_actual_attack,actual_normal,actual_attack,0.0,0.7752738731266764,0.0,65780,2.4836120401337793,2.0,0.899326988730359,0.0,12.0,2.0,3.0,1.0,0,0.0007297050775311645,13,16445,1.8215871085436304,2.0,0.6409055683066263,1.0,3.0,1.0,2.0,1.0,0,0.0,3
add_back_dropped__src_port,record_total,TP_vs_FN,TP,FN,1.0328565257343661e-114,-0.3234664227031282,0.0,12262,1.7693687816016963,2.0,0.7292112414745784,1.0,3.0,1.0,2.0,1.0,0,0.0,3,4183,1.9746593354052115,2.0,0.15717640160854104,1.0,2.0,2.0,2.0,0.0,0,0.0,2
add_back_dropped__src_port,record_total,TN_vs_FP,TN,FP,1.602867613351708e-95,0.8661718966612152,0.0,65318,2.4890688631005236,2.0,0.8993441989497702,0.0,12.0,2.0,3.0,1.0,0,0.0007348663461832879,13,462,1.7121212121212122,2.0,0.4532651396193945,1.0,2.0,1.0,2.0,1.0,0,0.0,2
add_back_dropped__src_port,record_total,TP_vs_TN,TP,TN,0.0,-0.8228343597992633,0.0,12262,1.7693687816016963,2.0,0.7292112414745784,1.0,3.0,1.0,2.0,1.0,0,0.0,3,65318,2.4890688631005236,2.0,0.8993441989497702,0.0,12.0,2.0,3.0,1.0,0,0.0007348663461832879,13
add_back_dropped__src_port,record_total,FN_vs_TP,FN,TP,1.0328565257343661e-114,0.3234664227031282,0.0,4183,1.9746593354052115,2.0,0.15717640160854104,1.0,2.0,2.0,2.0,0.0,0,0.0,2,12262,1.7693687816016963,2.0,0.7292112414745784,1.0,3.0,1.0,2.0,1.0,0,0.0,3
add_back_dropped__src_port,answer_A_count,actual_normal_vs_actual_attack,actual_normal,actual_attack,0.0,-0.27153142725447765,0.0,65780,0.6925661295226513,1.0,0.7350238328959653,0.0,11.0,0.0,1.0,1.0,0,0.38393128610519917,12,16445,0.8755244755244755,1.0,0.33013329990559215,0.0,1.0,1.0,1.0,0.0,0,0.12447552447552447,2
add_back_dropped__src_port,answer_A_count,TP_vs_FN,TP,FN,1.8537909328189844e-175,-0.5183816364431264,0.0,12262,0.8330614907845376,1.0,0.37293616857031364,0.0,1.0,1.0,1.0,0.0,0,0.1669385092154624,2,4183,1.0,1.0,0.0,1.0,1.0,1.0,1.0,0.0,0,0.0,1
add_back_dropped__src_port,answer_A_count,TN_vs_FP,TN,FP,3.770844067322825e-05,-0.06831234159808877,0.0,65318,0.6922134786735662,1.0,0.7366892713307894,0.0,11.0,0.0,1.0,1.0,0,0.3848250099513151,12,462,0.7424242424242424,1.0,0.4377731185888066,0.0,1.0,0.0,1.0,1.0,0,0.25757575757575757,2
add_back_dropped__src_port,answer_A_count,TP_vs_TN,TP,TN,0.0,0.20352601585556793,0.0,12262,0.8330614907845376,1.0,0.37293616857031364,0.0,1.0,1.0,1.0,0.0,0,0.1669385092154624,2,65318,0.6922134786735662,1.0,0.7366892713307894,0.0,11.0,0.0,1.0,1.0,0,0.3848250099513151,12
add_back_dropped__src_port,answer_A_count,FN_vs_TP,FN,TP,1.8537909328189844e-175,0.5183816364431264,0.0,4183,1.0,1.0,0.0,1.0,1.0,1.0,1.0,0.0,0,0.0,1,12262,0.8330614907845376,1.0,0.37293616857031364,0.0,1.0,1.0,1.0,0.0,0,0.1669385092154624,2
add_back_dropped__src_port,dns_count_add_rr,actual_normal_vs_actual_attack,actual_normal,actual_attack,0.0,1.042016955993276,0.9999999989999999,65780,1.1989358467619338,1.0,0.7737260064962977,0.0,3.0,1.0,1.0,0.0,0,0.08011553663727576,3,16445,0.4415931894192764,0.0,0.4965920258506806,0.0,1.0,0.0,1.0,1.0,0,0.5584068105807236,2
add_back_dropped__src_port,dns_count_add_rr,TP_vs_FN,TP,FN,0.0,1.3955743946653316,0.9999999989999999,12262,0.5922361768063937,1.0,0.4914388910886197,0.0,1.0,0.0,1.0,1.0,0,0.40776382319360627,2,4183,0.0,0.0,0.0,0.0,0.0,0.0,0.0,0.0,0,1.0,1
add_back_dropped__src_port,dns_count_add_rr,TN_vs_FP,TN,FP,0.0,1.5739324460808164,999999999.9999999,65318,1.207416026210233,1.0,0.7698357323335462,0.0,3.0,1.0,1.0,0.0,0,0.07360911234269267,3,462,0.0,0.0,0.0,0.0,0.0,0.0,0.0,0.0,0,1.0,1
add_back_dropped__src_port,dns_count_add_rr,TP_vs_TN,TP,TN,0.0,-0.8393708136651433,0.0,12262,0.5922361768063937,1.0,0.4914388910886197,0.0,1.0,0.0,1.0,1.0,0,0.40776382319360627,2,65318,1.207416026210233,1.0,0.7698357323335462,0.0,3.0,1.0,1.0,0.0,0,0.07360911234269267,3
add_back_dropped__src_port,dns_count_add_rr,FN_vs_TP,FN,TP,0.0,-1.3955743946653316,0.9999999989999999,4183,0.0,0.0,0.0,0.0,0.0,0.0,0.0,0.0,0,1.0,1,12262,0.5922361768063937,1.0,0.4914388910886197,0.0,1.0,0.0,1.0,1.0,0,0.40776382319360627,2
add_back_dropped__src_port,dns_count_answers,actual_normal_vs_actual_attack,actual_normal,actual_attack,0.0,0.44814110325768225,0.0,65780,1.2766950440863485,1.0,0.6903027878367249,0.0,12.0,1.0,1.0,0.0,0,0.005518394648829431,13,16445,1.0,1.0,0.0,1.0,1.0,1.0,1.0,0.0,0,0.0,1
add_back_dropped__src_port,dns_count_answers,TP_vs_FN,TP,FN,1.0,,0.0,12262,1.0,1.0,0.0,1.0,1.0,1.0,1.0,0.0,0,0.0,1,4183,1.0,1.0,0.0,1.0,1.0,1.0,1.0,0.0,0,0.0,1
add_back_dropped__src_port,dns_count_answers,TN_vs_FP,TN,FP,6.361344318304911e-97,-0.5537222206935696,0.9999999989999999,65318,1.2740132888330935,1.0,0.6908458162494102,0.0,12.0,1.0,1.0,0.0,0,0.005557426743011115,13,462,1.655844155844156,2.0,0.4756072058659631,1.0,2.0,1.0,2.0,1.0,0,0.0,2
add_back_dropped__src_port,dns_count_answers,TP_vs_TN,TP,TN,0.0,-0.4322616115795447,0.0,12262,1.0,1.0,0.0,1.0,1.0,1.0,1.0,0.0,0,0.0,1,65318,1.2740132888330935,1.0,0.6908458162494102,0.0,12.0,1.0,1.0,0.0,0,0.005557426743011115,13
add_back_dropped__src_port,dns_count_answers,FN_vs_TP,FN,TP,1.0,,0.0,4183,1.0,1.0,0.0,1.0,1.0,1.0,1.0,0.0,0,0.0,1,12262,1.0,1.0,0.0,1.0,1.0,1.0,1.0,0.0,0,0.0,1
add_back_dropped__src_port,additional_AAAA_count,actual_normal_vs_actual_attack,actual_normal,actual_attack,0.0,0.45020245905169104,0.0,65780,0.13952569169960474,0.0,0.3464968949812828,0.0,1.0,0.0,0.0,0.0,0,0.8604743083003953,2,16445,0.0,0.0,0.0,0.0,0.0,0.0,0.0,0.0,0,1.0,1
add_back_dropped__src_port,additional_AAAA_count,TP_vs_FN,TP,FN,1.0,,0.0,12262,0.0,0.0,0.0,0.0,0.0,0.0,0.0,0.0,0,1.0,1,4183,0.0,0.0,0.0,0.0,0.0,0.0,0.0,0.0,0,1.0,1
add_back_dropped__src_port,additional_AAAA_count,TN_vs_FP,TN,FP,3.7632489005706034e-18,0.4057529776061437,0.0,65318,0.14051256927646286,0.0,0.3475206988308398,0.0,1.0,0.0,0.0,0.0,0,0.8594874307235372,2,462,0.0,0.0,0.0,0.0,0.0,0.0,0.0,0.0,0,1.0,1
add_back_dropped__src_port,additional_AAAA_count,TP_vs_TN,TP,TN,0.0,-0.44064685302361156,0.0,12262,0.0,0.0,0.0,0.0,0.0,0.0,0.0,0.0,0,1.0,1,65318,0.14051256927646286,0.0,0.3475206988308398,0.0,1.0,0.0,0.0,0.0,0,0.8594874307235372,2
add_back_dropped__src_port,additional_AAAA_count,FN_vs_TP,FN,TP,1.0,,0.0,4183,0.0,0.0,0.0,0.0,0.0,0.0,0.0,0.0,0,1.0,1,12262,0.0,0.0,0.0,0.0,0.0,0.0,0.0,0.0,0,1.0,1
add_back_dropped__src_port,answer_record_count,actual_normal_vs_actual_attack,actual_normal,actual_attack,0.0,0.44814110325768225,0.0,65780,1.2766950440863485,1.0,0.6903027878367249,0.0,12.0,1.0,1.0,0.0,0,0.005518394648829431,13,16445,1.0,1.0,0.0,1.0,1.0,1.0,1.0,0.0,0,0.0,1
add_back_dropped__src_port,answer_record_count,TP_vs_FN,TP,FN,1.0,,0.0,12262,1.0,1.0,0.0,1.0,1.0,1.0,1.0,0.0,0,0.0,1,4183,1.0,1.0,0.0,1.0,1.0,1.0,1.0,0.0,0,0.0,1
add_back_dropped__src_port,answer_record_count,TN_vs_FP,TN,FP,6.361344318304911e-97,-0.5537222206935696,0.9999999989999999,65318,1.2740132888330935,1.0,0.6908458162494102,0.0,12.0,1.0,1.0,0.0,0,0.005557426743011115,13,462,1.655844155844156,2.0,0.4756072058659631,1.0,2.0,1.0,2.0,1.0,0,0.0,2
add_back_dropped__src_port,answer_record_count,TP_vs_TN,TP,TN,0.0,-0.4322616115795447,0.0,12262,1.0,1.0,0.0,1.0,1.0,1.0,1.0,0.0,0,0.0,1,65318,1.2740132888330935,1.0,0.6908458162494102,0.0,12.0,1.0,1.0,0.0,0,0.005557426743011115,13
add_back_dropped__src_port,answer_record_count,FN_vs_TP,FN,TP,1.0,,0.0,4183,1.0,1.0,0.0,1.0,1.0,1.0,1.0,0.0,0,0.0,1,12262,1.0,1.0,0.0,1.0,1.0,1.0,1.0,0.0,0,0.0,1
add_back_dropped__src_port,frame_len,actual_normal_vs_actual_attack,actual_normal,actual_attack,0.0,1.4673027466082607,0.3302752293547681,65780,175.27546366676802,172.0,30.619567644177156,70.0,419.0,148.0,192.0,44.0,0,0.0,163,16445,131.71395560960778,136.0,25.625965873055407,100.0,171.0,100.0,165.0,65.0,0,0.0,5
add_back_dropped__src_port,frame_len,TP_vs_FN,TP,FN,6.30652688023104e-182,-0.17708582259351097,0.10769230769065088,12262,130.56304028706572,129.0,29.40408435867982,100.0,171.0,100.0,165.0,65.0,0,0.0,4,4183,135.0877360745876,136.0,5.658350457907477,100.0,136.0,136.0,136.0,0.0,0,0.0,2
add_back_dropped__src_port,frame_len,TN_vs_FP,TN,FP,1.6185597419920606e-281,1.9742058866135086,0.780821917797523,65318,175.6943721485655,172.0,30.28725500010926,70.0,419.0,148.0,194.0,46.0,0,0.0,147,462,116.04978354978356,115.0,16.34523519619682,84.0,159.0,103.0,130.0,27.0,0,0.0,44
add_back_dropped__src_port,frame_len,TP_vs_TN,TP,TN,0.0,-1.4969233728796603,0.3873873873838974,12262,130.56304028706572,129.0,29.40408435867982,100.0,171.0,100.0,165.0,65.0,0,0.0,4,65318,175.6943721485655,172.0,30.28725500010926,70.0,419.0,148.0,194.0,46.0,0,0.0,147
add_back_dropped__src_port,frame_len,FN_vs_TP,FN,TP,6.30652688023104e-182,0.17708582259351097,0.10769230769065088,4183,135.0877360745876,136.0,5.658350457907477,100.0,136.0,136.0,136.0,0.0,0,0.0,2,12262,130.56304028706572,129.0,29.40408435867982,100.0,171.0,100.0,165.0,65.0,0,0.0,4
add_back_dropped__src_port,src_port,actual_normal_vs_actual_attack,actual_normal,actual_attack,0.0,3.788418890633103,30000000000000.0,65780,27649.53390088173,30053.0,8144.221388195218,53.0,30053.0,30053.0,30053.0,0.0,0,0.0,2,16445,53.0,53.0,0.0,53.0,53.0,53.0,53.0,0.0,0,0.0,1
add_back_dropped__src_port,src_port,TP_vs_FN,TP,FN,1.0,,0.0,12262,53.0,53.0,0.0,53.0,53.0,53.0,53.0,0.0,0,0.0,1,4183,53.0,53.0,0.0,53.0,53.0,53.0,53.0,0.0,0,0.0,1
add_back_dropped__src_port,src_port,TN_vs_FP,TN,FP,0.0,3.560042970267387,30000000000000.0,65318,27844.726629719218,30053.0,7834.071063543105,53.0,30053.0,30053.0,30053.0,0.0,0,0.0,2,462,53.0,53.0,0.0,53.0,53.0,53.0,53.0,0.0,0,0.0,1
add_back_dropped__src_port,src_port,TP_vs_TN,TP,TN,0.0,-3.8661989389018894,30000000000000.0,12262,53.0,53.0,0.0,53.0,53.0,53.0,53.0,0.0,0,0.0,1,65318,27844.726629719218,30053.0,7834.071063543105,53.0,30053.0,30053.0,30053.0,0.0,0,0.0,2
add_back_dropped__src_port,src_port,FN_vs_TP,FN,TP,1.0,,0.0,4183,53.0,53.0,0.0,53.0,53.0,53.0,53.0,0.0,0,0.0,1,12262,53.0,53.0,0.0,53.0,53.0,53.0,53.0,0.0,0,0.0,1
add_back_dropped__src_port,ttl_std,actual_normal_vs_actual_attack,actual_normal,actual_attack,0.0,0.33787357706000826,0.0,65780,2742.7568231968485,0.0,9075.82472833607,-1.0,43185.0,0.0,32.5,32.5,0,0.691045910611128,1656,16445,0.0,0.0,0.0,0.0,0.0,0.0,0.0,0.0,0,1.0,1
add_back_dropped__src_port,ttl_std,TP_vs_FN,TP,FN,1.0,,0.0,12262,0.0,0.0,0.0,0.0,0.0,0.0,0.0,0.0,0,1.0,1,4183,0.0,0.0,0.0,0.0,0.0,0.0,0.0,0.0,0,1.0,1
add_back_dropped__src_port,ttl_std,TN_vs_FP,TN,FP,3.248211965071454e-17,0.1286299934232905,0.0,65318,2750.9557063885713,0.0,9102.497032890671,-1.0,43185.0,0.0,32.5,32.5,0,0.6923665758290211,1595,462,1583.590909090909,0.0,3534.9502956315087,0.0,10770.0,0.0,710.375,710.375,0,0.5043290043290043,136
add_back_dropped__src_port,ttl_std,TP_vs_TN,TP,TN,0.0,-0.32936634965612166,0.0,12262,0.0,0.0,0.0,0.0,0.0,0.0,0.0,0.0,0,1.0,1,65318,2750.9557063885713,0.0,9102.497032890671,-1.0,43185.0,0.0,32.5,32.5,0,0.6923665758290211,1595
add_back_dropped__src_port,ttl_std,FN_vs_TP,FN,TP,1.0,,0.0,4183,0.0,0.0,0.0,0.0,0.0,0.0,0.0,0.0,0,1.0,1,12262,0.0,0.0,0.0,0.0,0.0,0.0,0.0,0.0,0,1.0,1
add_back_dropped__query_name_len,has_additional_A,actual_normal_vs_actual_attack,actual_normal,actual_attack,0.0,-0.7922637126073326,0.0,65780,0.13952569169960474,0.0,0.3464968949812828,0.0,1.0,0.0,0.0,0.0,0,0.8604743083003953,2,16445,0.4415931894192764,0.0,0.4965920258506806,0.0,1.0,0.0,1.0,1.0,0,0.5584068105807236,2
add_back_dropped__query_name_len,has_additional_A,TP_vs_FN,TP,FN,0.0,,999999999.9999999,7262,1.0,1.0,0.0,1.0,1.0,1.0,1.0,0.0,0,0.0,1,9183,0.0,0.0,0.0,0.0,0.0,0.0,0.0,0.0,0,1.0,1
add_back_dropped__query_name_len,has_additional_A,TN_vs_FP,TN,FP,,,,65780,0.13952569169960474,0.0,0.3464968949812828,0.0,1.0,0.0,0.0,0.0,0,0.8604743083003953,2,0,,,,,,,,,0,,0
add_back_dropped__query_name_len,has_additional_A,TP_vs_TN,TP,TN,0.0,2.616828791949147,999999999.9999999,7262,1.0,1.0,0.0,1.0,1.0,1.0,1.0,0.0,0,0.0,1,65780,0.13952569169960474,0.0,0.3464968949812828,0.0,1.0,0.0,0.0,0.0,0,0.8604743083003953,2
add_back_dropped__query_name_len,has_additional_A,FN_vs_TP,FN,TP,0.0,,999999999.9999999,9183,0.0,0.0,0.0,0.0,0.0,0.0,0.0,0.0,0,1.0,1,7262,1.0,1.0,0.0,1.0,1.0,1.0,1.0,0.0,0,0.0,1
add_back_dropped__query_name_len,additional_A_count,actual_normal_vs_actual_attack,actual_normal,actual_attack,0.0,-0.7922637126073326,0.0,65780,0.13952569169960474,0.0,0.3464968949812828,0.0,1.0,0.0,0.0,0.0,0,0.8604743083003953,2,16445,0.4415931894192764,0.0,0.4965920258506806,0.0,1.0,0.0,1.0,1.0,0,0.5584068105807236,2
add_back_dropped__query_name_len,additional_A_count,TP_vs_FN,TP,FN,0.0,,999999999.9999999,7262,1.0,1.0,0.0,1.0,1.0,1.0,1.0,0.0,0,0.0,1,9183,0.0,0.0,0.0,0.0,0.0,0.0,0.0,0.0,0,1.0,1
add_back_dropped__query_name_len,additional_A_count,TN_vs_FP,TN,FP,,,,65780,0.13952569169960474,0.0,0.3464968949812828,0.0,1.0,0.0,0.0,0.0,0,0.8604743083003953,2,0,,,,,,,,,0,,0
add_back_dropped__query_name_len,additional_A_count,TP_vs_TN,TP,TN,0.0,2.616828791949147,999999999.9999999,7262,1.0,1.0,0.0,1.0,1.0,1.0,1.0,0.0,0,0.0,1,65780,0.13952569169960474,0.0,0.3464968949812828,0.0,1.0,0.0,0.0,0.0,0,0.8604743083003953,2
add_back_dropped__query_name_len,additional_A_count,FN_vs_TP,FN,TP,0.0,,999999999.9999999,9183,0.0,0.0,0.0,0.0,0.0,0.0,0.0,0.0,0,1.0,1,7262,1.0,1.0,0.0,1.0,1.0,1.0,1.0,0.0,0,0.0,1
add_back_dropped__query_name_len,unique_record_name_count,actual_normal_vs_actual_attack,actual_normal,actual_attack,4.0799850477864585e-205,-0.25874420541160026,0.0,65780,1.317254484645789,1.0,0.4764512828802376,0.0,5.0,1.0,2.0,1.0,0,0.0007601094557616296,6,16445,1.4415931894192764,1.0,0.4965920258506806,1.0,2.0,1.0,2.0,1.0,0,0.0,2
add_back_dropped__query_name_len,unique_record_name_count,TP_vs_FN,TP,FN,0.0,,999999999.9999999,7262,2.0,2.0,0.0,2.0,2.0,2.0,2.0,0.0,0,0.0,1,9183,1.0,1.0,0.0,1.0,1.0,1.0,1.0,0.0,0,0.0,1
add_back_dropped__query_name_len,unique_record_name_count,TN_vs_FP,TN,FP,,,,65780,1.317254484645789,1.0,0.4764512828802376,0.0,5.0,1.0,2.0,1.0,0,0.0007601094557616296,6,0,,,,,,,,,0,,0
add_back_dropped__query_name_len,unique_record_name_count,TP_vs_TN,TP,TN,0.0,1.5100005459337953,0.9999999989999999,7262,2.0,2.0,0.0,2.0,2.0,2.0,2.0,0.0,0,0.0,1,65780,1.317254484645789,1.0,0.4764512828802376,0.0,5.0,1.0,2.0,1.0,0,0.0007601094557616296,6
add_back_dropped__query_name_len,unique_record_name_count,FN_vs_TP,FN,TP,0.0,,999999999.9999999,9183,1.0,1.0,0.0,1.0,1.0,1.0,1.0,0.0,0,0.0,1,7262,2.0,2.0,0.0,2.0,2.0,2.0,2.0,0.0,0,0.0,1
add_back_dropped__query_name_len,additional_out_of_bailiwick_count,actual_normal_vs_actual_attack,actual_normal,actual_attack,0.0,0.4486335774135458,0.0,65780,0.2773791425965339,0.0,0.691249853853276,0.0,2.0,0.0,0.0,0.0,0,0.861310428701733,2,16445,0.0,0.0,0.0,0.0,0.0,0.0,0.0,0.0,0,1.0,1
add_back_dropped__query_name_len,additional_out_of_bailiwick_count,TP_vs_FN,TP,FN,1.0,,0.0,7262,0.0,0.0,0.0,0.0,0.0,0.0,0.0,0.0,0,1.0,1,9183,0.0,0.0,0.0,0.0,0.0,0.0,0.0,0.0,0,1.0,1
add_back_dropped__query_name_len,additional_out_of_bailiwick_count,TN_vs_FP,TN,FP,,,,65780,0.2773791425965339,0.0,0.691249853853276,0.0,2.0,0.0,0.0,0.0,0,0.861310428701733,2,0,,,,,,,,,0,,0
add_back_dropped__query_name_len,additional_out_of_bailiwick_count,TP_vs_TN,TP,TN,2.8625568912422546e-252,-0.42283944850229566,0.0,7262,0.0,0.0,0.0,0.0,0.0,0.0,0.0,0.0,0,1.0,1,65780,0.2773791425965339,0.0,0.691249853853276,0.0,2.0,0.0,0.0,0.0,0,0.861310428701733,2
add_back_dropped__query_name_len,additional_out_of_bailiwick_count,FN_vs_TP,FN,TP,1.0,,0.0,9183,0.0,0.0,0.0,0.0,0.0,0.0,0.0,0.0,0,1.0,1,7262,0.0,0.0,0.0,0.0,0.0,0.0,0.0,0.0,0,1.0,1
add_back_dropped__query_name_len,record_total,actual_normal_vs_actual_attack,actual_normal,actual_attack,0.0,0.7752738731266764,0.0,65780,2.4836120401337793,2.0,0.899326988730359,0.0,12.0,2.0,3.0,1.0,0,0.0007297050775311645,13,16445,1.8215871085436304,2.0,0.6409055683066263,1.0,3.0,1.0,2.0,1.0,0,0.0,3
add_back_dropped__query_name_len,record_total,TP_vs_FN,TP,FN,0.0,1.7813018074824176,0.49999999975,7262,2.299091159460204,2.0,0.4578913727603667,2.0,3.0,2.0,3.0,1.0,0,0.0,2,9183,1.4439725579875857,1.0,0.49687806457174255,1.0,2.0,1.0,2.0,1.0,0,0.0,2
add_back_dropped__query_name_len,record_total,TN_vs_FP,TN,FP,,,,65780,2.4836120401337793,2.0,0.899326988730359,0.0,12.0,2.0,3.0,1.0,0,0.0007297050775311645,13,0,,,,,,,,,0,,0
add_back_dropped__query_name_len,record_total,TP_vs_TN,TP,TN,8.452712808185224e-30,-0.21317591876238573,0.0,7262,2.299091159460204,2.0,0.4578913727603667,2.0,3.0,2.0,3.0,1.0,0,0.0,2,65780,2.4836120401337793,2.0,0.899326988730359,0.0,12.0,2.0,3.0,1.0,0,0.0007297050775311645,13
add_back_dropped__query_name_len,record_total,FN_vs_TP,FN,TP,0.0,-1.7813018074824176,0.49999999975,9183,1.4439725579875857,1.0,0.49687806457174255,1.0,2.0,1.0,2.0,1.0,0,0.0,2,7262,2.299091159460204,2.0,0.4578913727603667,2.0,3.0,2.0,3.0,1.0,0,0.0,2
add_back_dropped__query_name_len,answer_A_count,actual_normal_vs_actual_attack,actual_normal,actual_attack,0.0,-0.27153142725447765,0.0,65780,0.6925661295226513,1.0,0.7350238328959653,0.0,11.0,0.0,1.0,1.0,0,0.38393128610519917,12,16445,0.8755244755244755,1.0,0.33013329990559215,0.0,1.0,1.0,1.0,0.0,0,0.12447552447552447,2
add_back_dropped__query_name_len,answer_A_count,TP_vs_FN,TP,FN,0.0,-0.942744855264052,0.0,7262,0.7181217295510879,1.0,0.4499453180124894,0.0,1.0,0.0,1.0,1.0,0,0.28187827044891217,2,9183,1.0,1.0,0.0,1.0,1.0,1.0,1.0,0.0,0,0.0,1
add_back_dropped__query_name_len,answer_A_count,TN_vs_FP,TN,FP,,,,65780,0.6925661295226513,1.0,0.7350238328959653,0.0,11.0,0.0,1.0,1.0,0,0.38393128610519917,12,0,,,,,,,,,0,,0
add_back_dropped__query_name_len,answer_A_count,TP_vs_TN,TP,TN,5.582539419706346e-32,0.03590211758971605,0.0,7262,0.7181217295510879,1.0,0.4499453180124894,0.0,1.0,0.0,1.0,1.0,0,0.28187827044891217,2,65780,0.6925661295226513,1.0,0.7350238328959653,0.0,11.0,0.0,1.0,1.0,0,0.38393128610519917,12
add_back_dropped__query_name_len,answer_A_count,FN_vs_TP,FN,TP,0.0,0.942744855264052,0.0,9183,1.0,1.0,0.0,1.0,1.0,1.0,1.0,0.0,0,0.0,1,7262,0.7181217295510879,1.0,0.4499453180124894,0.0,1.0,0.0,1.0,1.0,0,0.28187827044891217,2
add_back_dropped__query_name_len,dns_count_add_rr,actual_normal_vs_actual_attack,actual_normal,actual_attack,0.0,1.042016955993276,0.9999999989999999,65780,1.1989358467619338,1.0,0.7737260064962977,0.0,3.0,1.0,1.0,0.0,0,0.08011553663727576,3,16445,0.4415931894192764,0.0,0.4965920258506806,0.0,1.0,0.0,1.0,1.0,0,0.5584068105807236,2
add_back_dropped__query_name_len,dns_count_add_rr,TP_vs_FN,TP,FN,0.0,,999999999.9999999,7262,1.0,1.0,0.0,1.0,1.0,1.0,1.0,0.0,0,0.0,1,9183,0.0,0.0,0.0,0.0,0.0,0.0,0.0,0.0,0,1.0,1
add_back_dropped__query_name_len,dns_count_add_rr,TN_vs_FP,TN,FP,,,,65780,1.1989358467619338,1.0,0.7737260064962977,0.0,3.0,1.0,1.0,0.0,0,0.08011553663727576,3,0,,,,,,,,,0,,0
add_back_dropped__query_name_len,dns_count_add_rr,TP_vs_TN,TP,TN,3.840093543516943e-33,-0.270933433650962,0.0,7262,1.0,1.0,0.0,1.0,1.0,1.0,1.0,0.0,0,0.0,1,65780,1.1989358467619338,1.0,0.7737260064962977,0.0,3.0,1.0,1.0,0.0,0,0.08011553663727576,3
add_back_dropped__query_name_len,dns_count_add_rr,FN_vs_TP,FN,TP,0.0,,999999999.9999999,9183,0.0,0.0,0.0,0.0,0.0,0.0,0.0,0.0,0,1.0,1,7262,1.0,1.0,0.0,1.0,1.0,1.0,1.0,0.0,0,0.0,1
add_back_dropped__query_name_len,dns_count_answers,actual_normal_vs_actual_attack,actual_normal,actual_attack,0.0,0.44814110325768225,0.0,65780,1.2766950440863485,1.0,0.6903027878367249,0.0,12.0,1.0,1.0,0.0,0,0.005518394648829431,13,16445,1.0,1.0,0.0,1.0,1.0,1.0,1.0,0.0,0,0.0,1
add_back_dropped__query_name_len,dns_count_answers,TP_vs_FN,TP,FN,1.0,,0.0,7262,1.0,1.0,0.0,1.0,1.0,1.0,1.0,0.0,0,0.0,1,9183,1.0,1.0,0.0,1.0,1.0,1.0,1.0,0.0,0,0.0,1
add_back_dropped__query_name_len,dns_count_answers,TN_vs_FP,TN,FP,,,,65780,1.2766950440863485,1.0,0.6903027878367249,0.0,12.0,1.0,1.0,0.0,0,0.005518394648829431,13,0,,,,,,,,,0,,0
add_back_dropped__query_name_len,dns_count_answers,TP_vs_TN,TP,TN,0.0,-0.4223752890836728,0.0,7262,1.0,1.0,0.0,1.0,1.0,1.0,1.0,0.0,0,0.0,1,65780,1.2766950440863485,1.0,0.6903027878367249,0.0,12.0,1.0,1.0,0.0,0,0.005518394648829431,13
add_back_dropped__query_name_len,dns_count_answers,FN_vs_TP,FN,TP,1.0,,0.0,9183,1.0,1.0,0.0,1.0,1.0,1.0,1.0,0.0,0,0.0,1,7262,1.0,1.0,0.0,1.0,1.0,1.0,1.0,0.0,0,0.0,1
add_back_dropped__query_name_len,additional_AAAA_count,actual_normal_vs_actual_attack,actual_normal,actual_attack,0.0,0.45020245905169104,0.0,65780,0.13952569169960474,0.0,0.3464968949812828,0.0,1.0,0.0,0.0,0.0,0,0.8604743083003953,2,16445,0.0,0.0,0.0,0.0,0.0,0.0,0.0,0.0,0,1.0,1
add_back_dropped__query_name_len,additional_AAAA_count,TP_vs_FN,TP,FN,1.0,,0.0,7262,0.0,0.0,0.0,0.0,0.0,0.0,0.0,0.0,0,1.0,1,9183,0.0,0.0,0.0,0.0,0.0,0.0,0.0,0.0,0,1.0,1
add_back_dropped__query_name_len,additional_AAAA_count,TN_vs_FP,TN,FP,,,,65780,0.13952569169960474,0.0,0.3464968949812828,0.0,1.0,0.0,0.0,0.0,0,0.8604743083003953,2,0,,,,,,,,,0,,0
add_back_dropped__query_name_len,additional_AAAA_count,TP_vs_TN,TP,TN,5.396057870960501e-254,-0.42431812749565867,0.0,7262,0.0,0.0,0.0,0.0,0.0,0.0,0.0,0.0,0,1.0,1,65780,0.13952569169960474,0.0,0.3464968949812828,0.0,1.0,0.0,0.0,0.0,0,0.8604743083003953,2
add_back_dropped__query_name_len,additional_AAAA_count,FN_vs_TP,FN,TP,1.0,,0.0,9183,0.0,0.0,0.0,0.0,0.0,0.0,0.0,0.0,0,1.0,1,7262,0.0,0.0,0.0,0.0,0.0,0.0,0.0,0.0,0,1.0,1
add_back_dropped__query_name_len,answer_record_count,actual_normal_vs_actual_attack,actual_normal,actual_attack,0.0,0.44814110325768225,0.0,65780,1.2766950440863485,1.0,0.6903027878367249,0.0,12.0,1.0,1.0,0.0,0,0.005518394648829431,13,16445,1.0,1.0,0.0,1.0,1.0,1.0,1.0,0.0,0,0.0,1
add_back_dropped__query_name_len,answer_record_count,TP_vs_FN,TP,FN,1.0,,0.0,7262,1.0,1.0,0.0,1.0,1.0,1.0,1.0,0.0,0,0.0,1,9183,1.0,1.0,0.0,1.0,1.0,1.0,1.0,0.0,0,0.0,1
add_back_dropped__query_name_len,answer_record_count,TN_vs_FP,TN,FP,,,,65780,1.2766950440863485,1.0,0.6903027878367249,0.0,12.0,1.0,1.0,0.0,0,0.005518394648829431,13,0,,,,,,,,,0,,0
add_back_dropped__query_name_len,answer_record_count,TP_vs_TN,TP,TN,0.0,-0.4223752890836728,0.0,7262,1.0,1.0,0.0,1.0,1.0,1.0,1.0,0.0,0,0.0,1,65780,1.2766950440863485,1.0,0.6903027878367249,0.0,12.0,1.0,1.0,0.0,0,0.005518394648829431,13
add_back_dropped__query_name_len,answer_record_count,FN_vs_TP,FN,TP,1.0,,0.0,9183,1.0,1.0,0.0,1.0,1.0,1.0,1.0,0.0,0,0.0,1,7262,1.0,1.0,0.0,1.0,1.0,1.0,1.0,0.0,0,0.0,1
add_back_dropped__query_name_len,frame_len,actual_normal_vs_actual_attack,actual_normal,actual_attack,0.0,1.4673027466082607,0.3302752293547681,65780,175.27546366676802,172.0,30.619567644177156,70.0,419.0,148.0,192.0,44.0,0,0.0,163,16445,131.71395560960778,136.0,25.625965873055407,100.0,171.0,100.0,165.0,65.0,0,0.0,5
add_back_dropped__query_name_len,frame_len,TP_vs_FN,TP,FN,0.0,1.9213179014084587,0.8333333333226496,7262,151.60616909942163,165.0,19.335666866430632,129.0,171.0,129.0,171.0,42.0,0,0.0,3,9183,115.98301208755309,100.0,17.887610324582734,100.0,136.0,100.0,136.0,36.0,0,0.0,2
add_back_dropped__query_name_len,frame_len,TN_vs_FP,TN,FP,,,,65780,175.27546366676802,172.0,30.619567644177156,70.0,419.0,148.0,192.0,44.0,0,0.0,163,0,,,,,,,,,0,,0
add_back_dropped__query_name_len,frame_len,TP_vs_TN,TP,TN,0.0,-0.7972032045481064,0.08139534883626284,7262,151.60616909942163,165.0,19.335666866430632,129.0,171.0,129.0,171.0,42.0,0,0.0,3,65780,175.27546366676802,172.0,30.619567644177156,70.0,419.0,148.0,192.0,44.0,0,0.0,163
add_back_dropped__query_name_len,frame_len,FN_vs_TP,FN,TP,0.0,-1.9213179014084587,0.8333333333226496,9183,115.98301208755309,100.0,17.887610324582734,100.0,136.0,100.0,136.0,36.0,0,0.0,2,7262,151.60616909942163,165.0,19.335666866430632,129.0,171.0,129.0,171.0,42.0,0,0.0,3
add_back_dropped__query_name_len,query_name_len,actual_normal_vs_actual_attack,actual_normal,actual_attack,0.0,2.4075125267870354,1.3529411763910035,65780,34.51568865916692,32.0,11.849274611830971,4.0,58.0,26.0,43.0,17.0,0,0.0,52,16445,9.0,9.0,0.0,9.0,9.0,9.0,9.0,0.0,0,0.0,1
add_back_dropped__query_name_len,query_name_len,TP_vs_FN,TP,FN,1.0,,0.0,7262,9.0,9.0,0.0,9.0,9.0,9.0,9.0,0.0,0,0.0,1,9183,9.0,9.0,0.0,9.0,9.0,9.0,9.0,0.0,0,0.0,1
add_back_dropped__query_name_len,query_name_len,TN_vs_FP,TN,FP,,,,65780,34.51568865916692,32.0,11.849274611830971,4.0,58.0,26.0,43.0,17.0,0,0.0,52,0,,,,,,,,,0,,0
add_back_dropped__query_name_len,query_name_len,TP_vs_TN,TP,TN,0.0,-2.2690929086447413,1.3529411763910035,7262,9.0,9.0,0.0,9.0,9.0,9.0,9.0,0.0,0,0.0,1,65780,34.51568865916692,32.0,11.849274611830971,4.0,58.0,26.0,43.0,17.0,0,0.0,52
add_back_dropped__query_name_len,query_name_len,FN_vs_TP,FN,TP,1.0,,0.0,9183,9.0,9.0,0.0,9.0,9.0,9.0,9.0,0.0,0,0.0,1,7262,9.0,9.0,0.0,9.0,9.0,9.0,9.0,0.0,0,0.0,1
add_back_dropped__query_name_len,ttl_std,actual_normal_vs_actual_attack,actual_normal,actual_attack,0.0,0.33787357706000826,0.0,65780,2742.7568231968485,0.0,9075.82472833607,-1.0,43185.0,0.0,32.5,32.5,0,0.691045910611128,1656,16445,0.0,0.0,0.0,0.0,0.0,0.0,0.0,0.0,0,1.0,1
add_back_dropped__query_name_len,ttl_std,TP_vs_FN,TP,FN,1.0,,0.0,7262,0.0,0.0,0.0,0.0,0.0,0.0,0.0,0.0,0,1.0,1,9183,0.0,0.0,0.0,0.0,0.0,0.0,0.0,0.0,0,1.0,1
add_back_dropped__query_name_len,ttl_std,TN_vs_FP,TN,FP,,,,65780,2742.7568231968485,0.0,9075.82472833607,-1.0,43185.0,0.0,32.5,32.5,0,0.691045910611128,1656,0,,,,,,,,,0,,0
add_back_dropped__query_name_len,ttl_std,TP_vs_TN,TP,TN,0.0,-0.318447579896275,0.0,7262,0.0,0.0,0.0,0.0,0.0,0.0,0.0,0.0,0,1.0,1,65780,2742.7568231968485,0.0,9075.82472833607,-1.0,43185.0,0.0,32.5,32.5,0,0.691045910611128,1656
add_back_dropped__query_name_len,ttl_std,FN_vs_TP,FN,TP,1.0,,0.0,9183,0.0,0.0,0.0,0.0,0.0,0.0,0.0,0.0,0,1.0,1,7262,0.0,0.0,0.0,0.0,0.0,0.0,0.0,0.0,0,1.0,1
add_back_dropped__query_entropy,has_additional_A,actual_normal_vs_actual_attack,actual_normal,actual_attack,0.0,-0.7922637126073326,0.0,65780,0.13952569169960474,0.0,0.3464968949812828,0.0,1.0,0.0,0.0,0.0,0,0.8604743083003953,2,16445,0.4415931894192764,0.0,0.4965920258506806,0.0,1.0,0.0,1.0,1.0,0,0.5584068105807236,2
add_back_dropped__query_entropy,has_additional_A,TP_vs_FN,TP,FN,0.0,,999999999.9999999,7262,1.0,1.0,0.0,1.0,1.0,1.0,1.0,0.0,0,0.0,1,9183,0.0,0.0,0.0,0.0,0.0,0.0,0.0,0.0,0,1.0,1
add_back_dropped__query_entropy,has_additional_A,TN_vs_FP,TN,FP,,,,65780,0.13952569169960474,0.0,0.3464968949812828,0.0,1.0,0.0,0.0,0.0,0,0.8604743083003953,2,0,,,,,,,,,0,,0
add_back_dropped__query_entropy,has_additional_A,TP_vs_TN,TP,TN,0.0,2.616828791949147,999999999.9999999,7262,1.0,1.0,0.0,1.0,1.0,1.0,1.0,0.0,0,0.0,1,65780,0.13952569169960474,0.0,0.3464968949812828,0.0,1.0,0.0,0.0,0.0,0,0.8604743083003953,2
add_back_dropped__query_entropy,has_additional_A,FN_vs_TP,FN,TP,0.0,,999999999.9999999,9183,0.0,0.0,0.0,0.0,0.0,0.0,0.0,0.0,0,1.0,1,7262,1.0,1.0,0.0,1.0,1.0,1.0,1.0,0.0,0,0.0,1
add_back_dropped__query_entropy,additional_A_count,actual_normal_vs_actual_attack,actual_normal,actual_attack,0.0,-0.7922637126073326,0.0,65780,0.13952569169960474,0.0,0.3464968949812828,0.0,1.0,0.0,0.0,0.0,0,0.8604743083003953,2,16445,0.4415931894192764,0.0,0.4965920258506806,0.0,1.0,0.0,1.0,1.0,0,0.5584068105807236,2
add_back_dropped__query_entropy,additional_A_count,TP_vs_FN,TP,FN,0.0,,999999999.9999999,7262,1.0,1.0,0.0,1.0,1.0,1.0,1.0,0.0,0,0.0,1,9183,0.0,0.0,0.0,0.0,0.0,0.0,0.0,0.0,0,1.0,1
add_back_dropped__query_entropy,additional_A_count,TN_vs_FP,TN,FP,,,,65780,0.13952569169960474,0.0,0.3464968949812828,0.0,1.0,0.0,0.0,0.0,0,0.8604743083003953,2,0,,,,,,,,,0,,0
add_back_dropped__query_entropy,additional_A_count,TP_vs_TN,TP,TN,0.0,2.616828791949147,999999999.9999999,7262,1.0,1.0,0.0,1.0,1.0,1.0,1.0,0.0,0,0.0,1,65780,0.13952569169960474,0.0,0.3464968949812828,0.0,1.0,0.0,0.0,0.0,0,0.8604743083003953,2
add_back_dropped__query_entropy,additional_A_count,FN_vs_TP,FN,TP,0.0,,999999999.9999999,9183,0.0,0.0,0.0,0.0,0.0,0.0,0.0,0.0,0,1.0,1,7262,1.0,1.0,0.0,1.0,1.0,1.0,1.0,0.0,0,0.0,1
add_back_dropped__query_entropy,unique_record_name_count,actual_normal_vs_actual_attack,actual_normal,actual_attack,4.0799850477864585e-205,-0.25874420541160026,0.0,65780,1.317254484645789,1.0,0.4764512828802376,0.0,5.0,1.0,2.0,1.0,0,0.0007601094557616296,6,16445,1.4415931894192764,1.0,0.4965920258506806,1.0,2.0,1.0,2.0,1.0,0,0.0,2
add_back_dropped__query_entropy,unique_record_name_count,TP_vs_FN,TP,FN,0.0,,999999999.9999999,7262,2.0,2.0,0.0,2.0,2.0,2.0,2.0,0.0,0,0.0,1,9183,1.0,1.0,0.0,1.0,1.0,1.0,1.0,0.0,0,0.0,1
add_back_dropped__query_entropy,unique_record_name_count,TN_vs_FP,TN,FP,,,,65780,1.317254484645789,1.0,0.4764512828802376,0.0,5.0,1.0,2.0,1.0,0,0.0007601094557616296,6,0,,,,,,,,,0,,0
add_back_dropped__query_entropy,unique_record_name_count,TP_vs_TN,TP,TN,0.0,1.5100005459337953,0.9999999989999999,7262,2.0,2.0,0.0,2.0,2.0,2.0,2.0,0.0,0,0.0,1,65780,1.317254484645789,1.0,0.4764512828802376,0.0,5.0,1.0,2.0,1.0,0,0.0007601094557616296,6
add_back_dropped__query_entropy,unique_record_name_count,FN_vs_TP,FN,TP,0.0,,999999999.9999999,9183,1.0,1.0,0.0,1.0,1.0,1.0,1.0,0.0,0,0.0,1,7262,2.0,2.0,0.0,2.0,2.0,2.0,2.0,0.0,0,0.0,1
add_back_dropped__query_entropy,additional_out_of_bailiwick_count,actual_normal_vs_actual_attack,actual_normal,actual_attack,0.0,0.4486335774135458,0.0,65780,0.2773791425965339,0.0,0.691249853853276,0.0,2.0,0.0,0.0,0.0,0,0.861310428701733,2,16445,0.0,0.0,0.0,0.0,0.0,0.0,0.0,0.0,0,1.0,1
add_back_dropped__query_entropy,additional_out_of_bailiwick_count,TP_vs_FN,TP,FN,1.0,,0.0,7262,0.0,0.0,0.0,0.0,0.0,0.0,0.0,0.0,0,1.0,1,9183,0.0,0.0,0.0,0.0,0.0,0.0,0.0,0.0,0,1.0,1
add_back_dropped__query_entropy,additional_out_of_bailiwick_count,TN_vs_FP,TN,FP,,,,65780,0.2773791425965339,0.0,0.691249853853276,0.0,2.0,0.0,0.0,0.0,0,0.861310428701733,2,0,,,,,,,,,0,,0
add_back_dropped__query_entropy,additional_out_of_bailiwick_count,TP_vs_TN,TP,TN,2.8625568912422546e-252,-0.42283944850229566,0.0,7262,0.0,0.0,0.0,0.0,0.0,0.0,0.0,0.0,0,1.0,1,65780,0.2773791425965339,0.0,0.691249853853276,0.0,2.0,0.0,0.0,0.0,0,0.861310428701733,2
add_back_dropped__query_entropy,additional_out_of_bailiwick_count,FN_vs_TP,FN,TP,1.0,,0.0,9183,0.0,0.0,0.0,0.0,0.0,0.0,0.0,0.0,0,1.0,1,7262,0.0,0.0,0.0,0.0,0.0,0.0,0.0,0.0,0,1.0,1
add_back_dropped__query_entropy,record_total,actual_normal_vs_actual_attack,actual_normal,actual_attack,0.0,0.7752738731266764,0.0,65780,2.4836120401337793,2.0,0.899326988730359,0.0,12.0,2.0,3.0,1.0,0,0.0007297050775311645,13,16445,1.8215871085436304,2.0,0.6409055683066263,1.0,3.0,1.0,2.0,1.0,0,0.0,3
add_back_dropped__query_entropy,record_total,TP_vs_FN,TP,FN,0.0,1.7813018074824176,0.49999999975,7262,2.299091159460204,2.0,0.4578913727603667,2.0,3.0,2.0,3.0,1.0,0,0.0,2,9183,1.4439725579875857,1.0,0.49687806457174255,1.0,2.0,1.0,2.0,1.0,0,0.0,2
add_back_dropped__query_entropy,record_total,TN_vs_FP,TN,FP,,,,65780,2.4836120401337793,2.0,0.899326988730359,0.0,12.0,2.0,3.0,1.0,0,0.0007297050775311645,13,0,,,,,,,,,0,,0
add_back_dropped__query_entropy,record_total,TP_vs_TN,TP,TN,8.452712808185224e-30,-0.21317591876238573,0.0,7262,2.299091159460204,2.0,0.4578913727603667,2.0,3.0,2.0,3.0,1.0,0,0.0,2,65780,2.4836120401337793,2.0,0.899326988730359,0.0,12.0,2.0,3.0,1.0,0,0.0007297050775311645,13
add_back_dropped__query_entropy,record_total,FN_vs_TP,FN,TP,0.0,-1.7813018074824176,0.49999999975,9183,1.4439725579875857,1.0,0.49687806457174255,1.0,2.0,1.0,2.0,1.0,0,0.0,2,7262,2.299091159460204,2.0,0.4578913727603667,2.0,3.0,2.0,3.0,1.0,0,0.0,2
add_back_dropped__query_entropy,answer_A_count,actual_normal_vs_actual_attack,actual_normal,actual_attack,0.0,-0.27153142725447765,0.0,65780,0.6925661295226513,1.0,0.7350238328959653,0.0,11.0,0.0,1.0,1.0,0,0.38393128610519917,12,16445,0.8755244755244755,1.0,0.33013329990559215,0.0,1.0,1.0,1.0,0.0,0,0.12447552447552447,2
add_back_dropped__query_entropy,answer_A_count,TP_vs_FN,TP,FN,0.0,-0.942744855264052,0.0,7262,0.7181217295510879,1.0,0.4499453180124894,0.0,1.0,0.0,1.0,1.0,0,0.28187827044891217,2,9183,1.0,1.0,0.0,1.0,1.0,1.0,1.0,0.0,0,0.0,1
add_back_dropped__query_entropy,answer_A_count,TN_vs_FP,TN,FP,,,,65780,0.6925661295226513,1.0,0.7350238328959653,0.0,11.0,0.0,1.0,1.0,0,0.38393128610519917,12,0,,,,,,,,,0,,0
add_back_dropped__query_entropy,answer_A_count,TP_vs_TN,TP,TN,5.582539419706346e-32,0.03590211758971605,0.0,7262,0.7181217295510879,1.0,0.4499453180124894,0.0,1.0,0.0,1.0,1.0,0,0.28187827044891217,2,65780,0.6925661295226513,1.0,0.7350238328959653,0.0,11.0,0.0,1.0,1.0,0,0.38393128610519917,12
add_back_dropped__query_entropy,answer_A_count,FN_vs_TP,FN,TP,0.0,0.942744855264052,0.0,9183,1.0,1.0,0.0,1.0,1.0,1.0,1.0,0.0,0,0.0,1,7262,0.7181217295510879,1.0,0.4499453180124894,0.0,1.0,0.0,1.0,1.0,0,0.28187827044891217,2
add_back_dropped__query_entropy,dns_count_add_rr,actual_normal_vs_actual_attack,actual_normal,actual_attack,0.0,1.042016955993276,0.9999999989999999,65780,1.1989358467619338,1.0,0.7737260064962977,0.0,3.0,1.0,1.0,0.0,0,0.08011553663727576,3,16445,0.4415931894192764,0.0,0.4965920258506806,0.0,1.0,0.0,1.0,1.0,0,0.5584068105807236,2
add_back_dropped__query_entropy,dns_count_add_rr,TP_vs_FN,TP,FN,0.0,,999999999.9999999,7262,1.0,1.0,0.0,1.0,1.0,1.0,1.0,0.0,0,0.0,1,9183,0.0,0.0,0.0,0.0,0.0,0.0,0.0,0.0,0,1.0,1
add_back_dropped__query_entropy,dns_count_add_rr,TN_vs_FP,TN,FP,,,,65780,1.1989358467619338,1.0,0.7737260064962977,0.0,3.0,1.0,1.0,0.0,0,0.08011553663727576,3,0,,,,,,,,,0,,0
add_back_dropped__query_entropy,dns_count_add_rr,TP_vs_TN,TP,TN,3.840093543516943e-33,-0.270933433650962,0.0,7262,1.0,1.0,0.0,1.0,1.0,1.0,1.0,0.0,0,0.0,1,65780,1.1989358467619338,1.0,0.7737260064962977,0.0,3.0,1.0,1.0,0.0,0,0.08011553663727576,3
add_back_dropped__query_entropy,dns_count_add_rr,FN_vs_TP,FN,TP,0.0,,999999999.9999999,9183,0.0,0.0,0.0,0.0,0.0,0.0,0.0,0.0,0,1.0,1,7262,1.0,1.0,0.0,1.0,1.0,1.0,1.0,0.0,0,0.0,1
add_back_dropped__query_entropy,dns_count_answers,actual_normal_vs_actual_attack,actual_normal,actual_attack,0.0,0.44814110325768225,0.0,65780,1.2766950440863485,1.0,0.6903027878367249,0.0,12.0,1.0,1.0,0.0,0,0.005518394648829431,13,16445,1.0,1.0,0.0,1.0,1.0,1.0,1.0,0.0,0,0.0,1
add_back_dropped__query_entropy,dns_count_answers,TP_vs_FN,TP,FN,1.0,,0.0,7262,1.0,1.0,0.0,1.0,1.0,1.0,1.0,0.0,0,0.0,1,9183,1.0,1.0,0.0,1.0,1.0,1.0,1.0,0.0,0,0.0,1
add_back_dropped__query_entropy,dns_count_answers,TN_vs_FP,TN,FP,,,,65780,1.2766950440863485,1.0,0.6903027878367249,0.0,12.0,1.0,1.0,0.0,0,0.005518394648829431,13,0,,,,,,,,,0,,0
add_back_dropped__query_entropy,dns_count_answers,TP_vs_TN,TP,TN,0.0,-0.4223752890836728,0.0,7262,1.0,1.0,0.0,1.0,1.0,1.0,1.0,0.0,0,0.0,1,65780,1.2766950440863485,1.0,0.6903027878367249,0.0,12.0,1.0,1.0,0.0,0,0.005518394648829431,13
add_back_dropped__query_entropy,dns_count_answers,FN_vs_TP,FN,TP,1.0,,0.0,9183,1.0,1.0,0.0,1.0,1.0,1.0,1.0,0.0,0,0.0,1,7262,1.0,1.0,0.0,1.0,1.0,1.0,1.0,0.0,0,0.0,1
add_back_dropped__query_entropy,additional_AAAA_count,actual_normal_vs_actual_attack,actual_normal,actual_attack,0.0,0.45020245905169104,0.0,65780,0.13952569169960474,0.0,0.3464968949812828,0.0,1.0,0.0,0.0,0.0,0,0.8604743083003953,2,16445,0.0,0.0,0.0,0.0,0.0,0.0,0.0,0.0,0,1.0,1
add_back_dropped__query_entropy,additional_AAAA_count,TP_vs_FN,TP,FN,1.0,,0.0,7262,0.0,0.0,0.0,0.0,0.0,0.0,0.0,0.0,0,1.0,1,9183,0.0,0.0,0.0,0.0,0.0,0.0,0.0,0.0,0,1.0,1
add_back_dropped__query_entropy,additional_AAAA_count,TN_vs_FP,TN,FP,,,,65780,0.13952569169960474,0.0,0.3464968949812828,0.0,1.0,0.0,0.0,0.0,0,0.8604743083003953,2,0,,,,,,,,,0,,0
add_back_dropped__query_entropy,additional_AAAA_count,TP_vs_TN,TP,TN,5.396057870960501e-254,-0.42431812749565867,0.0,7262,0.0,0.0,0.0,0.0,0.0,0.0,0.0,0.0,0,1.0,1,65780,0.13952569169960474,0.0,0.3464968949812828,0.0,1.0,0.0,0.0,0.0,0,0.8604743083003953,2
add_back_dropped__query_entropy,additional_AAAA_count,FN_vs_TP,FN,TP,1.0,,0.0,9183,0.0,0.0,0.0,0.0,0.0,0.0,0.0,0.0,0,1.0,1,7262,0.0,0.0,0.0,0.0,0.0,0.0,0.0,0.0,0,1.0,1
add_back_dropped__query_entropy,answer_record_count,actual_normal_vs_actual_attack,actual_normal,actual_attack,0.0,0.44814110325768225,0.0,65780,1.2766950440863485,1.0,0.6903027878367249,0.0,12.0,1.0,1.0,0.0,0,0.005518394648829431,13,16445,1.0,1.0,0.0,1.0,1.0,1.0,1.0,0.0,0,0.0,1
add_back_dropped__query_entropy,answer_record_count,TP_vs_FN,TP,FN,1.0,,0.0,7262,1.0,1.0,0.0,1.0,1.0,1.0,1.0,0.0,0,0.0,1,9183,1.0,1.0,0.0,1.0,1.0,1.0,1.0,0.0,0,0.0,1
add_back_dropped__query_entropy,answer_record_count,TN_vs_FP,TN,FP,,,,65780,1.2766950440863485,1.0,0.6903027878367249,0.0,12.0,1.0,1.0,0.0,0,0.005518394648829431,13,0,,,,,,,,,0,,0
add_back_dropped__query_entropy,answer_record_count,TP_vs_TN,TP,TN,0.0,-0.4223752890836728,0.0,7262,1.0,1.0,0.0,1.0,1.0,1.0,1.0,0.0,0,0.0,1,65780,1.2766950440863485,1.0,0.6903027878367249,0.0,12.0,1.0,1.0,0.0,0,0.005518394648829431,13
add_back_dropped__query_entropy,answer_record_count,FN_vs_TP,FN,TP,1.0,,0.0,9183,1.0,1.0,0.0,1.0,1.0,1.0,1.0,0.0,0,0.0,1,7262,1.0,1.0,0.0,1.0,1.0,1.0,1.0,0.0,0,0.0,1
add_back_dropped__query_entropy,frame_len,actual_normal_vs_actual_attack,actual_normal,actual_attack,0.0,1.4673027466082607,0.3302752293547681,65780,175.27546366676802,172.0,30.619567644177156,70.0,419.0,148.0,192.0,44.0,0,0.0,163,16445,131.71395560960778,136.0,25.625965873055407,100.0,171.0,100.0,165.0,65.0,0,0.0,5
add_back_dropped__query_entropy,frame_len,TP_vs_FN,TP,FN,0.0,1.9213179014084587,0.8333333333226496,7262,151.60616909942163,165.0,19.335666866430632,129.0,171.0,129.0,171.0,42.0,0,0.0,3,9183,115.98301208755309,100.0,17.887610324582734,100.0,136.0,100.0,136.0,36.0,0,0.0,2
add_back_dropped__query_entropy,frame_len,TN_vs_FP,TN,FP,,,,65780,175.27546366676802,172.0,30.619567644177156,70.0,419.0,148.0,192.0,44.0,0,0.0,163,0,,,,,,,,,0,,0
add_back_dropped__query_entropy,frame_len,TP_vs_TN,TP,TN,0.0,-0.7972032045481064,0.08139534883626284,7262,151.60616909942163,165.0,19.335666866430632,129.0,171.0,129.0,171.0,42.0,0,0.0,3,65780,175.27546366676802,172.0,30.619567644177156,70.0,419.0,148.0,192.0,44.0,0,0.0,163
add_back_dropped__query_entropy,frame_len,FN_vs_TP,FN,TP,0.0,-1.9213179014084587,0.8333333333226496,9183,115.98301208755309,100.0,17.887610324582734,100.0,136.0,100.0,136.0,36.0,0,0.0,2,7262,151.60616909942163,165.0,19.335666866430632,129.0,171.0,129.0,171.0,42.0,0,0.0,3
add_back_dropped__query_entropy,query_entropy,actual_normal_vs_actual_attack,actual_normal,actual_attack,0.0,3.386147521940197,3.008776896813879,65780,3.9587093548179006,3.9912157102019847,0.33381137468540556,2.0,4.649878362697041,3.8441065448145384,4.190929511009918,0.3468229661953792,0,0.0,3457,16445,2.9477027792200894,2.94770277922009,4.441027127221897e-16,2.94770277922009,2.94770277922009,2.94770277922009,2.94770277922009,0.0,0,0.0,1
add_back_dropped__query_entropy,query_entropy,TP_vs_FN,TP,FN,1.0,-1.9998783787891488,0.0,7262,2.9477027792200894,2.94770277922009,4.441197892413779e-16,2.94770277922009,2.94770277922009,2.94770277922009,2.94770277922009,0.0,0,0.0,1,9183,2.9477027792200903,2.94770277922009,4.441133917885951e-16,2.94770277922009,2.94770277922009,2.94770277922009,2.94770277922009,0.0,0,0.0,1
add_back_dropped__query_entropy,query_entropy,TN_vs_FP,TN,FP,,,,65780,3.9587093548179006,3.9912157102019847,0.33381137468540556,2.0,4.649878362697041,3.8441065448145384,4.190929511009918,0.3468229661953792,0,0.0,3457,0,,,,,,,,,0,,0
add_back_dropped__query_entropy,query_entropy,TP_vs_TN,TP,TN,0.0,-3.1914614126280445,3.008776896813879,7262,2.9477027792200894,2.94770277922009,4.441197892413779e-16,2.94770277922009,2.94770277922009,2.94770277922009,2.94770277922009,0.0,0,0.0,1,65780,3.9587093548179006,3.9912157102019847,0.33381137468540556,2.0,4.649878362697041,3.8441065448145384,4.190929511009918,0.3468229661953792,0,0.0,3457
add_back_dropped__query_entropy,query_entropy,FN_vs_TP,FN,TP,1.0,1.9998783787891488,0.0,9183,2.9477027792200903,2.94770277922009,4.441133917885951e-16,2.94770277922009,2.94770277922009,2.94770277922009,2.94770277922009,0.0,0,0.0,1,7262,2.9477027792200894,2.94770277922009,4.441197892413779e-16,2.94770277922009,2.94770277922009,2.94770277922009,2.94770277922009,0.0,0,0.0,1
add_back_dropped__query_entropy,ttl_std,actual_normal_vs_actual_attack,actual_normal,actual_attack,0.0,0.33787357706000826,0.0,65780,2742.7568231968485,0.0,9075.82472833607,-1.0,43185.0,0.0,32.5,32.5,0,0.691045910611128,1656,16445,0.0,0.0,0.0,0.0,0.0,0.0,0.0,0.0,0,1.0,1
add_back_dropped__query_entropy,ttl_std,TP_vs_FN,TP,FN,1.0,,0.0,7262,0.0,0.0,0.0,0.0,0.0,0.0,0.0,0.0,0,1.0,1,9183,0.0,0.0,0.0,0.0,0.0,0.0,0.0,0.0,0,1.0,1
add_back_dropped__query_entropy,ttl_std,TN_vs_FP,TN,FP,,,,65780,2742.7568231968485,0.0,9075.82472833607,-1.0,43185.0,0.0,32.5,32.5,0,0.691045910611128,1656,0,,,,,,,,,0,,0
add_back_dropped__query_entropy,ttl_std,TP_vs_TN,TP,TN,0.0,-0.318447579896275,0.0,7262,0.0,0.0,0.0,0.0,0.0,0.0,0.0,0.0,0,1.0,1,65780,2742.7568231968485,0.0,9075.82472833607,-1.0,43185.0,0.0,32.5,32.5,0,0.691045910611128,1656
add_back_dropped__query_entropy,ttl_std,FN_vs_TP,FN,TP,1.0,,0.0,9183,0.0,0.0,0.0,0.0,0.0,0.0,0.0,0.0,0,1.0,1,7262,0.0,0.0,0.0,0.0,0.0,0.0,0.0,0.0,0,1.0,1
add_back_dropped__query_label_count,has_additional_A,actual_normal_vs_actual_attack,actual_normal,actual_attack,0.0,-0.7922637126073326,0.0,65780,0.13952569169960474,0.0,0.3464968949812828,0.0,1.0,0.0,0.0,0.0,0,0.8604743083003953,2,16445,0.4415931894192764,0.0,0.4965920258506806,0.0,1.0,0.0,1.0,1.0,0,0.5584068105807236,2
add_back_dropped__query_label_count,has_additional_A,TP_vs_FN,TP,FN,0.0,,999999999.9999999,7262,1.0,1.0,0.0,1.0,1.0,1.0,1.0,0.0,0,0.0,1,9183,0.0,0.0,0.0,0.0,0.0,0.0,0.0,0.0,0,1.0,1
add_back_dropped__query_label_count,has_additional_A,TN_vs_FP,TN,FP,,,,65780,0.13952569169960474,0.0,0.3464968949812828,0.0,1.0,0.0,0.0,0.0,0,0.8604743083003953,2,0,,,,,,,,,0,,0
add_back_dropped__query_label_count,has_additional_A,TP_vs_TN,TP,TN,0.0,2.616828791949147,999999999.9999999,7262,1.0,1.0,0.0,1.0,1.0,1.0,1.0,0.0,0,0.0,1,65780,0.13952569169960474,0.0,0.3464968949812828,0.0,1.0,0.0,0.0,0.0,0,0.8604743083003953,2
add_back_dropped__query_label_count,has_additional_A,FN_vs_TP,FN,TP,0.0,,999999999.9999999,9183,0.0,0.0,0.0,0.0,0.0,0.0,0.0,0.0,0,1.0,1,7262,1.0,1.0,0.0,1.0,1.0,1.0,1.0,0.0,0,0.0,1
add_back_dropped__query_label_count,additional_A_count,actual_normal_vs_actual_attack,actual_normal,actual_attack,0.0,-0.7922637126073326,0.0,65780,0.13952569169960474,0.0,0.3464968949812828,0.0,1.0,0.0,0.0,0.0,0,0.8604743083003953,2,16445,0.4415931894192764,0.0,0.4965920258506806,0.0,1.0,0.0,1.0,1.0,0,0.5584068105807236,2
add_back_dropped__query_label_count,additional_A_count,TP_vs_FN,TP,FN,0.0,,999999999.9999999,7262,1.0,1.0,0.0,1.0,1.0,1.0,1.0,0.0,0,0.0,1,9183,0.0,0.0,0.0,0.0,0.0,0.0,0.0,0.0,0,1.0,1
add_back_dropped__query_label_count,additional_A_count,TN_vs_FP,TN,FP,,,,65780,0.13952569169960474,0.0,0.3464968949812828,0.0,1.0,0.0,0.0,0.0,0,0.8604743083003953,2,0,,,,,,,,,0,,0
add_back_dropped__query_label_count,additional_A_count,TP_vs_TN,TP,TN,0.0,2.616828791949147,999999999.9999999,7262,1.0,1.0,0.0,1.0,1.0,1.0,1.0,0.0,0,0.0,1,65780,0.13952569169960474,0.0,0.3464968949812828,0.0,1.0,0.0,0.0,0.0,0,0.8604743083003953,2
add_back_dropped__query_label_count,additional_A_count,FN_vs_TP,FN,TP,0.0,,999999999.9999999,9183,0.0,0.0,0.0,0.0,0.0,0.0,0.0,0.0,0,1.0,1,7262,1.0,1.0,0.0,1.0,1.0,1.0,1.0,0.0,0,0.0,1
add_back_dropped__query_label_count,unique_record_name_count,actual_normal_vs_actual_attack,actual_normal,actual_attack,4.0799850477864585e-205,-0.25874420541160026,0.0,65780,1.317254484645789,1.0,0.4764512828802376,0.0,5.0,1.0,2.0,1.0,0,0.0007601094557616296,6,16445,1.4415931894192764,1.0,0.4965920258506806,1.0,2.0,1.0,2.0,1.0,0,0.0,2
add_back_dropped__query_label_count,unique_record_name_count,TP_vs_FN,TP,FN,0.0,,999999999.9999999,7262,2.0,2.0,0.0,2.0,2.0,2.0,2.0,0.0,0,0.0,1,9183,1.0,1.0,0.0,1.0,1.0,1.0,1.0,0.0,0,0.0,1
add_back_dropped__query_label_count,unique_record_name_count,TN_vs_FP,TN,FP,,,,65780,1.317254484645789,1.0,0.4764512828802376,0.0,5.0,1.0,2.0,1.0,0,0.0007601094557616296,6,0,,,,,,,,,0,,0
add_back_dropped__query_label_count,unique_record_name_count,TP_vs_TN,TP,TN,0.0,1.5100005459337953,0.9999999989999999,7262,2.0,2.0,0.0,2.0,2.0,2.0,2.0,0.0,0,0.0,1,65780,1.317254484645789,1.0,0.4764512828802376,0.0,5.0,1.0,2.0,1.0,0,0.0007601094557616296,6
add_back_dropped__query_label_count,unique_record_name_count,FN_vs_TP,FN,TP,0.0,,999999999.9999999,9183,1.0,1.0,0.0,1.0,1.0,1.0,1.0,0.0,0,0.0,1,7262,2.0,2.0,0.0,2.0,2.0,2.0,2.0,0.0,0,0.0,1
add_back_dropped__query_label_count,additional_out_of_bailiwick_count,actual_normal_vs_actual_attack,actual_normal,actual_attack,0.0,0.4486335774135458,0.0,65780,0.2773791425965339,0.0,0.691249853853276,0.0,2.0,0.0,0.0,0.0,0,0.861310428701733,2,16445,0.0,0.0,0.0,0.0,0.0,0.0,0.0,0.0,0,1.0,1
add_back_dropped__query_label_count,additional_out_of_bailiwick_count,TP_vs_FN,TP,FN,1.0,,0.0,7262,0.0,0.0,0.0,0.0,0.0,0.0,0.0,0.0,0,1.0,1,9183,0.0,0.0,0.0,0.0,0.0,0.0,0.0,0.0,0,1.0,1
add_back_dropped__query_label_count,additional_out_of_bailiwick_count,TN_vs_FP,TN,FP,,,,65780,0.2773791425965339,0.0,0.691249853853276,0.0,2.0,0.0,0.0,0.0,0,0.861310428701733,2,0,,,,,,,,,0,,0
add_back_dropped__query_label_count,additional_out_of_bailiwick_count,TP_vs_TN,TP,TN,2.8625568912422546e-252,-0.42283944850229566,0.0,7262,0.0,0.0,0.0,0.0,0.0,0.0,0.0,0.0,0,1.0,1,65780,0.2773791425965339,0.0,0.691249853853276,0.0,2.0,0.0,0.0,0.0,0,0.861310428701733,2
add_back_dropped__query_label_count,additional_out_of_bailiwick_count,FN_vs_TP,FN,TP,1.0,,0.0,9183,0.0,0.0,0.0,0.0,0.0,0.0,0.0,0.0,0,1.0,1,7262,0.0,0.0,0.0,0.0,0.0,0.0,0.0,0.0,0,1.0,1
add_back_dropped__query_label_count,record_total,actual_normal_vs_actual_attack,actual_normal,actual_attack,0.0,0.7752738731266764,0.0,65780,2.4836120401337793,2.0,0.899326988730359,0.0,12.0,2.0,3.0,1.0,0,0.0007297050775311645,13,16445,1.8215871085436304,2.0,0.6409055683066263,1.0,3.0,1.0,2.0,1.0,0,0.0,3
add_back_dropped__query_label_count,record_total,TP_vs_FN,TP,FN,0.0,1.7813018074824176,0.49999999975,7262,2.299091159460204,2.0,0.4578913727603667,2.0,3.0,2.0,3.0,1.0,0,0.0,2,9183,1.4439725579875857,1.0,0.49687806457174255,1.0,2.0,1.0,2.0,1.0,0,0.0,2
add_back_dropped__query_label_count,record_total,TN_vs_FP,TN,FP,,,,65780,2.4836120401337793,2.0,0.899326988730359,0.0,12.0,2.0,3.0,1.0,0,0.0007297050775311645,13,0,,,,,,,,,0,,0
add_back_dropped__query_label_count,record_total,TP_vs_TN,TP,TN,8.452712808185224e-30,-0.21317591876238573,0.0,7262,2.299091159460204,2.0,0.4578913727603667,2.0,3.0,2.0,3.0,1.0,0,0.0,2,65780,2.4836120401337793,2.0,0.899326988730359,0.0,12.0,2.0,3.0,1.0,0,0.0007297050775311645,13
add_back_dropped__query_label_count,record_total,FN_vs_TP,FN,TP,0.0,-1.7813018074824176,0.49999999975,9183,1.4439725579875857,1.0,0.49687806457174255,1.0,2.0,1.0,2.0,1.0,0,0.0,2,7262,2.299091159460204,2.0,0.4578913727603667,2.0,3.0,2.0,3.0,1.0,0,0.0,2
add_back_dropped__query_label_count,answer_A_count,actual_normal_vs_actual_attack,actual_normal,actual_attack,0.0,-0.27153142725447765,0.0,65780,0.6925661295226513,1.0,0.7350238328959653,0.0,11.0,0.0,1.0,1.0,0,0.38393128610519917,12,16445,0.8755244755244755,1.0,0.33013329990559215,0.0,1.0,1.0,1.0,0.0,0,0.12447552447552447,2
add_back_dropped__query_label_count,answer_A_count,TP_vs_FN,TP,FN,0.0,-0.942744855264052,0.0,7262,0.7181217295510879,1.0,0.4499453180124894,0.0,1.0,0.0,1.0,1.0,0,0.28187827044891217,2,9183,1.0,1.0,0.0,1.0,1.0,1.0,1.0,0.0,0,0.0,1
add_back_dropped__query_label_count,answer_A_count,TN_vs_FP,TN,FP,,,,65780,0.6925661295226513,1.0,0.7350238328959653,0.0,11.0,0.0,1.0,1.0,0,0.38393128610519917,12,0,,,,,,,,,0,,0
add_back_dropped__query_label_count,answer_A_count,TP_vs_TN,TP,TN,5.582539419706346e-32,0.03590211758971605,0.0,7262,0.7181217295510879,1.0,0.4499453180124894,0.0,1.0,0.0,1.0,1.0,0,0.28187827044891217,2,65780,0.6925661295226513,1.0,0.7350238328959653,0.0,11.0,0.0,1.0,1.0,0,0.38393128610519917,12
add_back_dropped__query_label_count,answer_A_count,FN_vs_TP,FN,TP,0.0,0.942744855264052,0.0,9183,1.0,1.0,0.0,1.0,1.0,1.0,1.0,0.0,0,0.0,1,7262,0.7181217295510879,1.0,0.4499453180124894,0.0,1.0,0.0,1.0,1.0,0,0.28187827044891217,2
add_back_dropped__query_label_count,dns_count_add_rr,actual_normal_vs_actual_attack,actual_normal,actual_attack,0.0,1.042016955993276,0.9999999989999999,65780,1.1989358467619338,1.0,0.7737260064962977,0.0,3.0,1.0,1.0,0.0,0,0.08011553663727576,3,16445,0.4415931894192764,0.0,0.4965920258506806,0.0,1.0,0.0,1.0,1.0,0,0.5584068105807236,2
add_back_dropped__query_label_count,dns_count_add_rr,TP_vs_FN,TP,FN,0.0,,999999999.9999999,7262,1.0,1.0,0.0,1.0,1.0,1.0,1.0,0.0,0,0.0,1,9183,0.0,0.0,0.0,0.0,0.0,0.0,0.0,0.0,0,1.0,1
add_back_dropped__query_label_count,dns_count_add_rr,TN_vs_FP,TN,FP,,,,65780,1.1989358467619338,1.0,0.7737260064962977,0.0,3.0,1.0,1.0,0.0,0,0.08011553663727576,3,0,,,,,,,,,0,,0
add_back_dropped__query_label_count,dns_count_add_rr,TP_vs_TN,TP,TN,3.840093543516943e-33,-0.270933433650962,0.0,7262,1.0,1.0,0.0,1.0,1.0,1.0,1.0,0.0,0,0.0,1,65780,1.1989358467619338,1.0,0.7737260064962977,0.0,3.0,1.0,1.0,0.0,0,0.08011553663727576,3
add_back_dropped__query_label_count,dns_count_add_rr,FN_vs_TP,FN,TP,0.0,,999999999.9999999,9183,0.0,0.0,0.0,0.0,0.0,0.0,0.0,0.0,0,1.0,1,7262,1.0,1.0,0.0,1.0,1.0,1.0,1.0,0.0,0,0.0,1
add_back_dropped__query_label_count,dns_count_answers,actual_normal_vs_actual_attack,actual_normal,actual_attack,0.0,0.44814110325768225,0.0,65780,1.2766950440863485,1.0,0.6903027878367249,0.0,12.0,1.0,1.0,0.0,0,0.005518394648829431,13,16445,1.0,1.0,0.0,1.0,1.0,1.0,1.0,0.0,0,0.0,1
add_back_dropped__query_label_count,dns_count_answers,TP_vs_FN,TP,FN,1.0,,0.0,7262,1.0,1.0,0.0,1.0,1.0,1.0,1.0,0.0,0,0.0,1,9183,1.0,1.0,0.0,1.0,1.0,1.0,1.0,0.0,0,0.0,1
add_back_dropped__query_label_count,dns_count_answers,TN_vs_FP,TN,FP,,,,65780,1.2766950440863485,1.0,0.6903027878367249,0.0,12.0,1.0,1.0,0.0,0,0.005518394648829431,13,0,,,,,,,,,0,,0
add_back_dropped__query_label_count,dns_count_answers,TP_vs_TN,TP,TN,0.0,-0.4223752890836728,0.0,7262,1.0,1.0,0.0,1.0,1.0,1.0,1.0,0.0,0,0.0,1,65780,1.2766950440863485,1.0,0.6903027878367249,0.0,12.0,1.0,1.0,0.0,0,0.005518394648829431,13
add_back_dropped__query_label_count,dns_count_answers,FN_vs_TP,FN,TP,1.0,,0.0,9183,1.0,1.0,0.0,1.0,1.0,1.0,1.0,0.0,0,0.0,1,7262,1.0,1.0,0.0,1.0,1.0,1.0,1.0,0.0,0,0.0,1
add_back_dropped__query_label_count,additional_AAAA_count,actual_normal_vs_actual_attack,actual_normal,actual_attack,0.0,0.45020245905169104,0.0,65780,0.13952569169960474,0.0,0.3464968949812828,0.0,1.0,0.0,0.0,0.0,0,0.8604743083003953,2,16445,0.0,0.0,0.0,0.0,0.0,0.0,0.0,0.0,0,1.0,1
add_back_dropped__query_label_count,additional_AAAA_count,TP_vs_FN,TP,FN,1.0,,0.0,7262,0.0,0.0,0.0,0.0,0.0,0.0,0.0,0.0,0,1.0,1,9183,0.0,0.0,0.0,0.0,0.0,0.0,0.0,0.0,0,1.0,1
add_back_dropped__query_label_count,additional_AAAA_count,TN_vs_FP,TN,FP,,,,65780,0.13952569169960474,0.0,0.3464968949812828,0.0,1.0,0.0,0.0,0.0,0,0.8604743083003953,2,0,,,,,,,,,0,,0
add_back_dropped__query_label_count,additional_AAAA_count,TP_vs_TN,TP,TN,5.396057870960501e-254,-0.42431812749565867,0.0,7262,0.0,0.0,0.0,0.0,0.0,0.0,0.0,0.0,0,1.0,1,65780,0.13952569169960474,0.0,0.3464968949812828,0.0,1.0,0.0,0.0,0.0,0,0.8604743083003953,2
add_back_dropped__query_label_count,additional_AAAA_count,FN_vs_TP,FN,TP,1.0,,0.0,9183,0.0,0.0,0.0,0.0,0.0,0.0,0.0,0.0,0,1.0,1,7262,0.0,0.0,0.0,0.0,0.0,0.0,0.0,0.0,0,1.0,1
add_back_dropped__query_label_count,answer_record_count,actual_normal_vs_actual_attack,actual_normal,actual_attack,0.0,0.44814110325768225,0.0,65780,1.2766950440863485,1.0,0.6903027878367249,0.0,12.0,1.0,1.0,0.0,0,0.005518394648829431,13,16445,1.0,1.0,0.0,1.0,1.0,1.0,1.0,0.0,0,0.0,1
add_back_dropped__query_label_count,answer_record_count,TP_vs_FN,TP,FN,1.0,,0.0,7262,1.0,1.0,0.0,1.0,1.0,1.0,1.0,0.0,0,0.0,1,9183,1.0,1.0,0.0,1.0,1.0,1.0,1.0,0.0,0,0.0,1
add_back_dropped__query_label_count,answer_record_count,TN_vs_FP,TN,FP,,,,65780,1.2766950440863485,1.0,0.6903027878367249,0.0,12.0,1.0,1.0,0.0,0,0.005518394648829431,13,0,,,,,,,,,0,,0
add_back_dropped__query_label_count,answer_record_count,TP_vs_TN,TP,TN,0.0,-0.4223752890836728,0.0,7262,1.0,1.0,0.0,1.0,1.0,1.0,1.0,0.0,0,0.0,1,65780,1.2766950440863485,1.0,0.6903027878367249,0.0,12.0,1.0,1.0,0.0,0,0.005518394648829431,13
add_back_dropped__query_label_count,answer_record_count,FN_vs_TP,FN,TP,1.0,,0.0,9183,1.0,1.0,0.0,1.0,1.0,1.0,1.0,0.0,0,0.0,1,7262,1.0,1.0,0.0,1.0,1.0,1.0,1.0,0.0,0,0.0,1
add_back_dropped__query_label_count,frame_len,actual_normal_vs_actual_attack,actual_normal,actual_attack,0.0,1.4673027466082607,0.3302752293547681,65780,175.27546366676802,172.0,30.619567644177156,70.0,419.0,148.0,192.0,44.0,0,0.0,163,16445,131.71395560960778,136.0,25.625965873055407,100.0,171.0,100.0,165.0,65.0,0,0.0,5
add_back_dropped__query_label_count,frame_len,TP_vs_FN,TP,FN,0.0,1.9213179014084587,0.8333333333226496,7262,151.60616909942163,165.0,19.335666866430632,129.0,171.0,129.0,171.0,42.0,0,0.0,3,9183,115.98301208755309,100.0,17.887610324582734,100.0,136.0,100.0,136.0,36.0,0,0.0,2
add_back_dropped__query_label_count,frame_len,TN_vs_FP,TN,FP,,,,65780,175.27546366676802,172.0,30.619567644177156,70.0,419.0,148.0,192.0,44.0,0,0.0,163,0,,,,,,,,,0,,0
add_back_dropped__query_label_count,frame_len,TP_vs_TN,TP,TN,0.0,-0.7972032045481064,0.08139534883626284,7262,151.60616909942163,165.0,19.335666866430632,129.0,171.0,129.0,171.0,42.0,0,0.0,3,65780,175.27546366676802,172.0,30.619567644177156,70.0,419.0,148.0,192.0,44.0,0,0.0,163
add_back_dropped__query_label_count,frame_len,FN_vs_TP,FN,TP,0.0,-1.9213179014084587,0.8333333333226496,9183,115.98301208755309,100.0,17.887610324582734,100.0,136.0,100.0,136.0,36.0,0,0.0,2,7262,151.60616909942163,165.0,19.335666866430632,129.0,171.0,129.0,171.0,42.0,0,0.0,3
add_back_dropped__query_label_count,query_label_count,actual_normal_vs_actual_attack,actual_normal,actual_attack,0.0,3.446429787438099,2.9999999969999998,65780,4.433034356947401,5.0,0.7892813341487687,1.0,5.0,4.0,5.0,1.0,0,0.0,5,16445,2.0,2.0,0.0,2.0,2.0,2.0,2.0,0.0,0,0.0,1
add_back_dropped__query_label_count,query_label_count,TP_vs_FN,TP,FN,1.0,,0.0,7262,2.0,2.0,0.0,2.0,2.0,2.0,2.0,0.0,0,0.0,1,9183,2.0,2.0,0.0,2.0,2.0,2.0,2.0,0.0,0,0.0,1
add_back_dropped__query_label_count,query_label_count,TN_vs_FP,TN,FP,,,,65780,4.433034356947401,5.0,0.7892813341487687,1.0,5.0,4.0,5.0,1.0,0,0.0,5,0,,,,,,,,,0,,0
add_back_dropped__query_label_count,query_label_count,TP_vs_TN,TP,TN,0.0,-3.248277757148119,2.9999999969999998,7262,2.0,2.0,0.0,2.0,2.0,2.0,2.0,0.0,0,0.0,1,65780,4.433034356947401,5.0,0.7892813341487687,1.0,5.0,4.0,5.0,1.0,0,0.0,5
add_back_dropped__query_label_count,query_label_count,FN_vs_TP,FN,TP,1.0,,0.0,9183,2.0,2.0,0.0,2.0,2.0,2.0,2.0,0.0,0,0.0,1,7262,2.0,2.0,0.0,2.0,2.0,2.0,2.0,0.0,0,0.0,1
add_back_dropped__query_label_count,ttl_std,actual_normal_vs_actual_attack,actual_normal,actual_attack,0.0,0.33787357706000826,0.0,65780,2742.7568231968485,0.0,9075.82472833607,-1.0,43185.0,0.0,32.5,32.5,0,0.691045910611128,1656,16445,0.0,0.0,0.0,0.0,0.0,0.0,0.0,0.0,0,1.0,1
add_back_dropped__query_label_count,ttl_std,TP_vs_FN,TP,FN,1.0,,0.0,7262,0.0,0.0,0.0,0.0,0.0,0.0,0.0,0.0,0,1.0,1,9183,0.0,0.0,0.0,0.0,0.0,0.0,0.0,0.0,0,1.0,1
add_back_dropped__query_label_count,ttl_std,TN_vs_FP,TN,FP,,,,65780,2742.7568231968485,0.0,9075.82472833607,-1.0,43185.0,0.0,32.5,32.5,0,0.691045910611128,1656,0,,,,,,,,,0,,0
add_back_dropped__query_label_count,ttl_std,TP_vs_TN,TP,TN,0.0,-0.318447579896275,0.0,7262,0.0,0.0,0.0,0.0,0.0,0.0,0.0,0.0,0,1.0,1,65780,2742.7568231968485,0.0,9075.82472833607,-1.0,43185.0,0.0,32.5,32.5,0,0.691045910611128,1656
add_back_dropped__query_label_count,ttl_std,FN_vs_TP,FN,TP,1.0,,0.0,9183,0.0,0.0,0.0,0.0,0.0,0.0,0.0,0.0,0,1.0,1,7262,0.0,0.0,0.0,0.0,0.0,0.0,0.0,0.0,0,1.0,1
add_back_dropped__ttl_mean,has_additional_A,actual_normal_vs_actual_attack,actual_normal,actual_attack,0.0,-0.7922637126073326,0.0,65780,0.13952569169960474,0.0,0.3464968949812828,0.0,1.0,0.0,0.0,0.0,0,0.8604743083003953,2,16445,0.4415931894192764,0.0,0.4965920258506806,0.0,1.0,0.0,1.0,1.0,0,0.5584068105807236,2
add_back_dropped__ttl_mean,has_additional_A,TP_vs_FN,TP,FN,0.0,,999999999.9999999,7262,1.0,1.0,0.0,1.0,1.0,1.0,1.0,0.0,0,0.0,1,9183,0.0,0.0,0.0,0.0,0.0,0.0,0.0,0.0,0,1.0,1
add_back_dropped__ttl_mean,has_additional_A,TN_vs_FP,TN,FP,,,,65780,0.13952569169960474,0.0,0.3464968949812828,0.0,1.0,0.0,0.0,0.0,0,0.8604743083003953,2,0,,,,,,,,,0,,0
add_back_dropped__ttl_mean,has_additional_A,TP_vs_TN,TP,TN,0.0,2.616828791949147,999999999.9999999,7262,1.0,1.0,0.0,1.0,1.0,1.0,1.0,0.0,0,0.0,1,65780,0.13952569169960474,0.0,0.3464968949812828,0.0,1.0,0.0,0.0,0.0,0,0.8604743083003953,2
add_back_dropped__ttl_mean,has_additional_A,FN_vs_TP,FN,TP,0.0,,999999999.9999999,9183,0.0,0.0,0.0,0.0,0.0,0.0,0.0,0.0,0,1.0,1,7262,1.0,1.0,0.0,1.0,1.0,1.0,1.0,0.0,0,0.0,1
add_back_dropped__ttl_mean,additional_A_count,actual_normal_vs_actual_attack,actual_normal,actual_attack,0.0,-0.7922637126073326,0.0,65780,0.13952569169960474,0.0,0.3464968949812828,0.0,1.0,0.0,0.0,0.0,0,0.8604743083003953,2,16445,0.4415931894192764,0.0,0.4965920258506806,0.0,1.0,0.0,1.0,1.0,0,0.5584068105807236,2
add_back_dropped__ttl_mean,additional_A_count,TP_vs_FN,TP,FN,0.0,,999999999.9999999,7262,1.0,1.0,0.0,1.0,1.0,1.0,1.0,0.0,0,0.0,1,9183,0.0,0.0,0.0,0.0,0.0,0.0,0.0,0.0,0,1.0,1
add_back_dropped__ttl_mean,additional_A_count,TN_vs_FP,TN,FP,,,,65780,0.13952569169960474,0.0,0.3464968949812828,0.0,1.0,0.0,0.0,0.0,0,0.8604743083003953,2,0,,,,,,,,,0,,0
add_back_dropped__ttl_mean,additional_A_count,TP_vs_TN,TP,TN,0.0,2.616828791949147,999999999.9999999,7262,1.0,1.0,0.0,1.0,1.0,1.0,1.0,0.0,0,0.0,1,65780,0.13952569169960474,0.0,0.3464968949812828,0.0,1.0,0.0,0.0,0.0,0,0.8604743083003953,2
add_back_dropped__ttl_mean,additional_A_count,FN_vs_TP,FN,TP,0.0,,999999999.9999999,9183,0.0,0.0,0.0,0.0,0.0,0.0,0.0,0.0,0,1.0,1,7262,1.0,1.0,0.0,1.0,1.0,1.0,1.0,0.0,0,0.0,1
add_back_dropped__ttl_mean,unique_record_name_count,actual_normal_vs_actual_attack,actual_normal,actual_attack,4.0799850477864585e-205,-0.25874420541160026,0.0,65780,1.317254484645789,1.0,0.4764512828802376,0.0,5.0,1.0,2.0,1.0,0,0.0007601094557616296,6,16445,1.4415931894192764,1.0,0.4965920258506806,1.0,2.0,1.0,2.0,1.0,0,0.0,2
add_back_dropped__ttl_mean,unique_record_name_count,TP_vs_FN,TP,FN,0.0,,999999999.9999999,7262,2.0,2.0,0.0,2.0,2.0,2.0,2.0,0.0,0,0.0,1,9183,1.0,1.0,0.0,1.0,1.0,1.0,1.0,0.0,0,0.0,1
add_back_dropped__ttl_mean,unique_record_name_count,TN_vs_FP,TN,FP,,,,65780,1.317254484645789,1.0,0.4764512828802376,0.0,5.0,1.0,2.0,1.0,0,0.0007601094557616296,6,0,,,,,,,,,0,,0
add_back_dropped__ttl_mean,unique_record_name_count,TP_vs_TN,TP,TN,0.0,1.5100005459337953,0.9999999989999999,7262,2.0,2.0,0.0,2.0,2.0,2.0,2.0,0.0,0,0.0,1,65780,1.317254484645789,1.0,0.4764512828802376,0.0,5.0,1.0,2.0,1.0,0,0.0007601094557616296,6
add_back_dropped__ttl_mean,unique_record_name_count,FN_vs_TP,FN,TP,0.0,,999999999.9999999,9183,1.0,1.0,0.0,1.0,1.0,1.0,1.0,0.0,0,0.0,1,7262,2.0,2.0,0.0,2.0,2.0,2.0,2.0,0.0,0,0.0,1
add_back_dropped__ttl_mean,additional_out_of_bailiwick_count,actual_normal_vs_actual_attack,actual_normal,actual_attack,0.0,0.4486335774135458,0.0,65780,0.2773791425965339,0.0,0.691249853853276,0.0,2.0,0.0,0.0,0.0,0,0.861310428701733,2,16445,0.0,0.0,0.0,0.0,0.0,0.0,0.0,0.0,0,1.0,1
add_back_dropped__ttl_mean,additional_out_of_bailiwick_count,TP_vs_FN,TP,FN,1.0,,0.0,7262,0.0,0.0,0.0,0.0,0.0,0.0,0.0,0.0,0,1.0,1,9183,0.0,0.0,0.0,0.0,0.0,0.0,0.0,0.0,0,1.0,1
add_back_dropped__ttl_mean,additional_out_of_bailiwick_count,TN_vs_FP,TN,FP,,,,65780,0.2773791425965339,0.0,0.691249853853276,0.0,2.0,0.0,0.0,0.0,0,0.861310428701733,2,0,,,,,,,,,0,,0
add_back_dropped__ttl_mean,additional_out_of_bailiwick_count,TP_vs_TN,TP,TN,2.8625568912422546e-252,-0.42283944850229566,0.0,7262,0.0,0.0,0.0,0.0,0.0,0.0,0.0,0.0,0,1.0,1,65780,0.2773791425965339,0.0,0.691249853853276,0.0,2.0,0.0,0.0,0.0,0,0.861310428701733,2
add_back_dropped__ttl_mean,additional_out_of_bailiwick_count,FN_vs_TP,FN,TP,1.0,,0.0,9183,0.0,0.0,0.0,0.0,0.0,0.0,0.0,0.0,0,1.0,1,7262,0.0,0.0,0.0,0.0,0.0,0.0,0.0,0.0,0,1.0,1
add_back_dropped__ttl_mean,record_total,actual_normal_vs_actual_attack,actual_normal,actual_attack,0.0,0.7752738731266764,0.0,65780,2.4836120401337793,2.0,0.899326988730359,0.0,12.0,2.0,3.0,1.0,0,0.0007297050775311645,13,16445,1.8215871085436304,2.0,0.6409055683066263,1.0,3.0,1.0,2.0,1.0,0,0.0,3
add_back_dropped__ttl_mean,record_total,TP_vs_FN,TP,FN,0.0,1.7813018074824176,0.49999999975,7262,2.299091159460204,2.0,0.4578913727603667,2.0,3.0,2.0,3.0,1.0,0,0.0,2,9183,1.4439725579875857,1.0,0.49687806457174255,1.0,2.0,1.0,2.0,1.0,0,0.0,2
add_back_dropped__ttl_mean,record_total,TN_vs_FP,TN,FP,,,,65780,2.4836120401337793,2.0,0.899326988730359,0.0,12.0,2.0,3.0,1.0,0,0.0007297050775311645,13,0,,,,,,,,,0,,0
add_back_dropped__ttl_mean,record_total,TP_vs_TN,TP,TN,8.452712808185224e-30,-0.21317591876238573,0.0,7262,2.299091159460204,2.0,0.4578913727603667,2.0,3.0,2.0,3.0,1.0,0,0.0,2,65780,2.4836120401337793,2.0,0.899326988730359,0.0,12.0,2.0,3.0,1.0,0,0.0007297050775311645,13
add_back_dropped__ttl_mean,record_total,FN_vs_TP,FN,TP,0.0,-1.7813018074824176,0.49999999975,9183,1.4439725579875857,1.0,0.49687806457174255,1.0,2.0,1.0,2.0,1.0,0,0.0,2,7262,2.299091159460204,2.0,0.4578913727603667,2.0,3.0,2.0,3.0,1.0,0,0.0,2
add_back_dropped__ttl_mean,answer_A_count,actual_normal_vs_actual_attack,actual_normal,actual_attack,0.0,-0.27153142725447765,0.0,65780,0.6925661295226513,1.0,0.7350238328959653,0.0,11.0,0.0,1.0,1.0,0,0.38393128610519917,12,16445,0.8755244755244755,1.0,0.33013329990559215,0.0,1.0,1.0,1.0,0.0,0,0.12447552447552447,2
add_back_dropped__ttl_mean,answer_A_count,TP_vs_FN,TP,FN,0.0,-0.942744855264052,0.0,7262,0.7181217295510879,1.0,0.4499453180124894,0.0,1.0,0.0,1.0,1.0,0,0.28187827044891217,2,9183,1.0,1.0,0.0,1.0,1.0,1.0,1.0,0.0,0,0.0,1
add_back_dropped__ttl_mean,answer_A_count,TN_vs_FP,TN,FP,,,,65780,0.6925661295226513,1.0,0.7350238328959653,0.0,11.0,0.0,1.0,1.0,0,0.38393128610519917,12,0,,,,,,,,,0,,0
add_back_dropped__ttl_mean,answer_A_count,TP_vs_TN,TP,TN,5.582539419706346e-32,0.03590211758971605,0.0,7262,0.7181217295510879,1.0,0.4499453180124894,0.0,1.0,0.0,1.0,1.0,0,0.28187827044891217,2,65780,0.6925661295226513,1.0,0.7350238328959653,0.0,11.0,0.0,1.0,1.0,0,0.38393128610519917,12
add_back_dropped__ttl_mean,answer_A_count,FN_vs_TP,FN,TP,0.0,0.942744855264052,0.0,9183,1.0,1.0,0.0,1.0,1.0,1.0,1.0,0.0,0,0.0,1,7262,0.7181217295510879,1.0,0.4499453180124894,0.0,1.0,0.0,1.0,1.0,0,0.28187827044891217,2
add_back_dropped__ttl_mean,dns_count_add_rr,actual_normal_vs_actual_attack,actual_normal,actual_attack,0.0,1.042016955993276,0.9999999989999999,65780,1.1989358467619338,1.0,0.7737260064962977,0.0,3.0,1.0,1.0,0.0,0,0.08011553663727576,3,16445,0.4415931894192764,0.0,0.4965920258506806,0.0,1.0,0.0,1.0,1.0,0,0.5584068105807236,2
add_back_dropped__ttl_mean,dns_count_add_rr,TP_vs_FN,TP,FN,0.0,,999999999.9999999,7262,1.0,1.0,0.0,1.0,1.0,1.0,1.0,0.0,0,0.0,1,9183,0.0,0.0,0.0,0.0,0.0,0.0,0.0,0.0,0,1.0,1
add_back_dropped__ttl_mean,dns_count_add_rr,TN_vs_FP,TN,FP,,,,65780,1.1989358467619338,1.0,0.7737260064962977,0.0,3.0,1.0,1.0,0.0,0,0.08011553663727576,3,0,,,,,,,,,0,,0
add_back_dropped__ttl_mean,dns_count_add_rr,TP_vs_TN,TP,TN,3.840093543516943e-33,-0.270933433650962,0.0,7262,1.0,1.0,0.0,1.0,1.0,1.0,1.0,0.0,0,0.0,1,65780,1.1989358467619338,1.0,0.7737260064962977,0.0,3.0,1.0,1.0,0.0,0,0.08011553663727576,3
add_back_dropped__ttl_mean,dns_count_add_rr,FN_vs_TP,FN,TP,0.0,,999999999.9999999,9183,0.0,0.0,0.0,0.0,0.0,0.0,0.0,0.0,0,1.0,1,7262,1.0,1.0,0.0,1.0,1.0,1.0,1.0,0.0,0,0.0,1
add_back_dropped__ttl_mean,dns_count_answers,actual_normal_vs_actual_attack,actual_normal,actual_attack,0.0,0.44814110325768225,0.0,65780,1.2766950440863485,1.0,0.6903027878367249,0.0,12.0,1.0,1.0,0.0,0,0.005518394648829431,13,16445,1.0,1.0,0.0,1.0,1.0,1.0,1.0,0.0,0,0.0,1
add_back_dropped__ttl_mean,dns_count_answers,TP_vs_FN,TP,FN,1.0,,0.0,7262,1.0,1.0,0.0,1.0,1.0,1.0,1.0,0.0,0,0.0,1,9183,1.0,1.0,0.0,1.0,1.0,1.0,1.0,0.0,0,0.0,1
add_back_dropped__ttl_mean,dns_count_answers,TN_vs_FP,TN,FP,,,,65780,1.2766950440863485,1.0,0.6903027878367249,0.0,12.0,1.0,1.0,0.0,0,0.005518394648829431,13,0,,,,,,,,,0,,0
add_back_dropped__ttl_mean,dns_count_answers,TP_vs_TN,TP,TN,0.0,-0.4223752890836728,0.0,7262,1.0,1.0,0.0,1.0,1.0,1.0,1.0,0.0,0,0.0,1,65780,1.2766950440863485,1.0,0.6903027878367249,0.0,12.0,1.0,1.0,0.0,0,0.005518394648829431,13
add_back_dropped__ttl_mean,dns_count_answers,FN_vs_TP,FN,TP,1.0,,0.0,9183,1.0,1.0,0.0,1.0,1.0,1.0,1.0,0.0,0,0.0,1,7262,1.0,1.0,0.0,1.0,1.0,1.0,1.0,0.0,0,0.0,1
add_back_dropped__ttl_mean,additional_AAAA_count,actual_normal_vs_actual_attack,actual_normal,actual_attack,0.0,0.45020245905169104,0.0,65780,0.13952569169960474,0.0,0.3464968949812828,0.0,1.0,0.0,0.0,0.0,0,0.8604743083003953,2,16445,0.0,0.0,0.0,0.0,0.0,0.0,0.0,0.0,0,1.0,1
add_back_dropped__ttl_mean,additional_AAAA_count,TP_vs_FN,TP,FN,1.0,,0.0,7262,0.0,0.0,0.0,0.0,0.0,0.0,0.0,0.0,0,1.0,1,9183,0.0,0.0,0.0,0.0,0.0,0.0,0.0,0.0,0,1.0,1
add_back_dropped__ttl_mean,additional_AAAA_count,TN_vs_FP,TN,FP,,,,65780,0.13952569169960474,0.0,0.3464968949812828,0.0,1.0,0.0,0.0,0.0,0,0.8604743083003953,2,0,,,,,,,,,0,,0
add_back_dropped__ttl_mean,additional_AAAA_count,TP_vs_TN,TP,TN,5.396057870960501e-254,-0.42431812749565867,0.0,7262,0.0,0.0,0.0,0.0,0.0,0.0,0.0,0.0,0,1.0,1,65780,0.13952569169960474,0.0,0.3464968949812828,0.0,1.0,0.0,0.0,0.0,0,0.8604743083003953,2
add_back_dropped__ttl_mean,additional_AAAA_count,FN_vs_TP,FN,TP,1.0,,0.0,9183,0.0,0.0,0.0,0.0,0.0,0.0,0.0,0.0,0,1.0,1,7262,0.0,0.0,0.0,0.0,0.0,0.0,0.0,0.0,0,1.0,1
add_back_dropped__ttl_mean,answer_record_count,actual_normal_vs_actual_attack,actual_normal,actual_attack,0.0,0.44814110325768225,0.0,65780,1.2766950440863485,1.0,0.6903027878367249,0.0,12.0,1.0,1.0,0.0,0,0.005518394648829431,13,16445,1.0,1.0,0.0,1.0,1.0,1.0,1.0,0.0,0,0.0,1
add_back_dropped__ttl_mean,answer_record_count,TP_vs_FN,TP,FN,1.0,,0.0,7262,1.0,1.0,0.0,1.0,1.0,1.0,1.0,0.0,0,0.0,1,9183,1.0,1.0,0.0,1.0,1.0,1.0,1.0,0.0,0,0.0,1
add_back_dropped__ttl_mean,answer_record_count,TN_vs_FP,TN,FP,,,,65780,1.2766950440863485,1.0,0.6903027878367249,0.0,12.0,1.0,1.0,0.0,0,0.005518394648829431,13,0,,,,,,,,,0,,0
add_back_dropped__ttl_mean,answer_record_count,TP_vs_TN,TP,TN,0.0,-0.4223752890836728,0.0,7262,1.0,1.0,0.0,1.0,1.0,1.0,1.0,0.0,0,0.0,1,65780,1.2766950440863485,1.0,0.6903027878367249,0.0,12.0,1.0,1.0,0.0,0,0.005518394648829431,13
add_back_dropped__ttl_mean,answer_record_count,FN_vs_TP,FN,TP,1.0,,0.0,9183,1.0,1.0,0.0,1.0,1.0,1.0,1.0,0.0,0,0.0,1,7262,1.0,1.0,0.0,1.0,1.0,1.0,1.0,0.0,0,0.0,1
add_back_dropped__ttl_mean,frame_len,actual_normal_vs_actual_attack,actual_normal,actual_attack,0.0,1.4673027466082607,0.3302752293547681,65780,175.27546366676802,172.0,30.619567644177156,70.0,419.0,148.0,192.0,44.0,0,0.0,163,16445,131.71395560960778,136.0,25.625965873055407,100.0,171.0,100.0,165.0,65.0,0,0.0,5
add_back_dropped__ttl_mean,frame_len,TP_vs_FN,TP,FN,0.0,1.9213179014084587,0.8333333333226496,7262,151.60616909942163,165.0,19.335666866430632,129.0,171.0,129.0,171.0,42.0,0,0.0,3,9183,115.98301208755309,100.0,17.887610324582734,100.0,136.0,100.0,136.0,36.0,0,0.0,2
add_back_dropped__ttl_mean,frame_len,TN_vs_FP,TN,FP,,,,65780,175.27546366676802,172.0,30.619567644177156,70.0,419.0,148.0,192.0,44.0,0,0.0,163,0,,,,,,,,,0,,0
add_back_dropped__ttl_mean,frame_len,TP_vs_TN,TP,TN,0.0,-0.7972032045481064,0.08139534883626284,7262,151.60616909942163,165.0,19.335666866430632,129.0,171.0,129.0,171.0,42.0,0,0.0,3,65780,175.27546366676802,172.0,30.619567644177156,70.0,419.0,148.0,192.0,44.0,0,0.0,163
add_back_dropped__ttl_mean,frame_len,FN_vs_TP,FN,TP,0.0,-1.9213179014084587,0.8333333333226496,9183,115.98301208755309,100.0,17.887610324582734,100.0,136.0,100.0,136.0,36.0,0,0.0,2,7262,151.60616909942163,165.0,19.335666866430632,129.0,171.0,129.0,171.0,42.0,0,0.0,3
add_back_dropped__ttl_mean,ttl_mean,actual_normal_vs_actual_attack,actual_normal,actual_attack,0.0,-0.4591980968297483,0.1295616497516711,65780,12693.007540513943,300.0,23339.144111404425,-1.0,86400.0,200.0,10856.5,10656.5,0,0.0,2183,16445,24216.19519610824,7200.0,31140.579388524053,30.0,86400.0,600.0,43200.0,42600.0,0,0.0,11
add_back_dropped__ttl_mean,ttl_mean,TP_vs_FN,TP,FN,0.623625330697944,0.024870535801619405,0.0,7262,24648.651886532636,7200.0,31500.975237999293,30.0,86400.0,600.0,43200.0,42600.0,0,0.0,11,9183,23874.20450833061,7200.0,30850.021319916952,30.0,86400.0,600.0,43200.0,42600.0,0,0.0,11
add_back_dropped__ttl_mean,ttl_mean,TN_vs_FP,TN,FP,,,,65780,12693.007540513943,300.0,23339.144111404425,-1.0,86400.0,200.0,10856.5,10656.5,0,0.0,2183,0,,,,,,,,,0,,0
add_back_dropped__ttl_mean,ttl_mean,TP_vs_TN,TP,TN,0.0,0.492535228904077,0.1295616497516711,7262,24648.651886532636,7200.0,31500.975237999293,30.0,86400.0,600.0,43200.0,42600.0,0,0.0,11,65780,12693.007540513943,300.0,23339.144111404425,-1.0,86400.0,200.0,10856.5,10656.5,0,0.0,2183
add_back_dropped__ttl_mean,ttl_mean,FN_vs_TP,FN,TP,0.623625330697944,-0.024870535801619405,0.0,9183,23874.20450833061,7200.0,30850.021319916952,30.0,86400.0,600.0,43200.0,42600.0,0,0.0,11,7262,24648.651886532636,7200.0,31500.975237999293,30.0,86400.0,600.0,43200.0,42600.0,0,0.0,11
add_back_dropped__ttl_mean,ttl_std,actual_normal_vs_actual_attack,actual_normal,actual_attack,0.0,0.33787357706000826,0.0,65780,2742.7568231968485,0.0,9075.82472833607,-1.0,43185.0,0.0,32.5,32.5,0,0.691045910611128,1656,16445,0.0,0.0,0.0,0.0,0.0,0.0,0.0,0.0,0,1.0,1
add_back_dropped__ttl_mean,ttl_std,TP_vs_FN,TP,FN,1.0,,0.0,7262,0.0,0.0,0.0,0.0,0.0,0.0,0.0,0.0,0,1.0,1,9183,0.0,0.0,0.0,0.0,0.0,0.0,0.0,0.0,0,1.0,1
add_back_dropped__ttl_mean,ttl_std,TN_vs_FP,TN,FP,,,,65780,2742.7568231968485,0.0,9075.82472833607,-1.0,43185.0,0.0,32.5,32.5,0,0.691045910611128,1656,0,,,,,,,,,0,,0
add_back_dropped__ttl_mean,ttl_std,TP_vs_TN,TP,TN,0.0,-0.318447579896275,0.0,7262,0.0,0.0,0.0,0.0,0.0,0.0,0.0,0.0,0,1.0,1,65780,2742.7568231968485,0.0,9075.82472833607,-1.0,43185.0,0.0,32.5,32.5,0,0.691045910611128,1656
add_back_dropped__ttl_mean,ttl_std,FN_vs_TP,FN,TP,1.0,,0.0,9183,0.0,0.0,0.0,0.0,0.0,0.0,0.0,0.0,0,1.0,1,7262,0.0,0.0,0.0,0.0,0.0,0.0,0.0,0.0,0,1.0,1
add_back_dropped__ttl_min,has_additional_A,actual_normal_vs_actual_attack,actual_normal,actual_attack,0.0,-0.7922637126073326,0.0,65780,0.13952569169960474,0.0,0.3464968949812828,0.0,1.0,0.0,0.0,0.0,0,0.8604743083003953,2,16445,0.4415931894192764,0.0,0.4965920258506806,0.0,1.0,0.0,1.0,1.0,0,0.5584068105807236,2
add_back_dropped__ttl_min,has_additional_A,TP_vs_FN,TP,FN,0.0,,999999999.9999999,7262,1.0,1.0,0.0,1.0,1.0,1.0,1.0,0.0,0,0.0,1,9183,0.0,0.0,0.0,0.0,0.0,0.0,0.0,0.0,0,1.0,1
add_back_dropped__ttl_min,has_additional_A,TN_vs_FP,TN,FP,,,,65780,0.13952569169960474,0.0,0.3464968949812828,0.0,1.0,0.0,0.0,0.0,0,0.8604743083003953,2,0,,,,,,,,,0,,0
add_back_dropped__ttl_min,has_additional_A,TP_vs_TN,TP,TN,0.0,2.616828791949147,999999999.9999999,7262,1.0,1.0,0.0,1.0,1.0,1.0,1.0,0.0,0,0.0,1,65780,0.13952569169960474,0.0,0.3464968949812828,0.0,1.0,0.0,0.0,0.0,0,0.8604743083003953,2
add_back_dropped__ttl_min,has_additional_A,FN_vs_TP,FN,TP,0.0,,999999999.9999999,9183,0.0,0.0,0.0,0.0,0.0,0.0,0.0,0.0,0,1.0,1,7262,1.0,1.0,0.0,1.0,1.0,1.0,1.0,0.0,0,0.0,1
add_back_dropped__ttl_min,additional_A_count,actual_normal_vs_actual_attack,actual_normal,actual_attack,0.0,-0.7922637126073326,0.0,65780,0.13952569169960474,0.0,0.3464968949812828,0.0,1.0,0.0,0.0,0.0,0,0.8604743083003953,2,16445,0.4415931894192764,0.0,0.4965920258506806,0.0,1.0,0.0,1.0,1.0,0,0.5584068105807236,2
add_back_dropped__ttl_min,additional_A_count,TP_vs_FN,TP,FN,0.0,,999999999.9999999,7262,1.0,1.0,0.0,1.0,1.0,1.0,1.0,0.0,0,0.0,1,9183,0.0,0.0,0.0,0.0,0.0,0.0,0.0,0.0,0,1.0,1
add_back_dropped__ttl_min,additional_A_count,TN_vs_FP,TN,FP,,,,65780,0.13952569169960474,0.0,0.3464968949812828,0.0,1.0,0.0,0.0,0.0,0,0.8604743083003953,2,0,,,,,,,,,0,,0
add_back_dropped__ttl_min,additional_A_count,TP_vs_TN,TP,TN,0.0,2.616828791949147,999999999.9999999,7262,1.0,1.0,0.0,1.0,1.0,1.0,1.0,0.0,0,0.0,1,65780,0.13952569169960474,0.0,0.3464968949812828,0.0,1.0,0.0,0.0,0.0,0,0.8604743083003953,2
add_back_dropped__ttl_min,additional_A_count,FN_vs_TP,FN,TP,0.0,,999999999.9999999,9183,0.0,0.0,0.0,0.0,0.0,0.0,0.0,0.0,0,1.0,1,7262,1.0,1.0,0.0,1.0,1.0,1.0,1.0,0.0,0,0.0,1
add_back_dropped__ttl_min,unique_record_name_count,actual_normal_vs_actual_attack,actual_normal,actual_attack,4.0799850477864585e-205,-0.25874420541160026,0.0,65780,1.317254484645789,1.0,0.4764512828802376,0.0,5.0,1.0,2.0,1.0,0,0.0007601094557616296,6,16445,1.4415931894192764,1.0,0.4965920258506806,1.0,2.0,1.0,2.0,1.0,0,0.0,2
add_back_dropped__ttl_min,unique_record_name_count,TP_vs_FN,TP,FN,0.0,,999999999.9999999,7262,2.0,2.0,0.0,2.0,2.0,2.0,2.0,0.0,0,0.0,1,9183,1.0,1.0,0.0,1.0,1.0,1.0,1.0,0.0,0,0.0,1
add_back_dropped__ttl_min,unique_record_name_count,TN_vs_FP,TN,FP,,,,65780,1.317254484645789,1.0,0.4764512828802376,0.0,5.0,1.0,2.0,1.0,0,0.0007601094557616296,6,0,,,,,,,,,0,,0
add_back_dropped__ttl_min,unique_record_name_count,TP_vs_TN,TP,TN,0.0,1.5100005459337953,0.9999999989999999,7262,2.0,2.0,0.0,2.0,2.0,2.0,2.0,0.0,0,0.0,1,65780,1.317254484645789,1.0,0.4764512828802376,0.0,5.0,1.0,2.0,1.0,0,0.0007601094557616296,6
add_back_dropped__ttl_min,unique_record_name_count,FN_vs_TP,FN,TP,0.0,,999999999.9999999,9183,1.0,1.0,0.0,1.0,1.0,1.0,1.0,0.0,0,0.0,1,7262,2.0,2.0,0.0,2.0,2.0,2.0,2.0,0.0,0,0.0,1
add_back_dropped__ttl_min,additional_out_of_bailiwick_count,actual_normal_vs_actual_attack,actual_normal,actual_attack,0.0,0.4486335774135458,0.0,65780,0.2773791425965339,0.0,0.691249853853276,0.0,2.0,0.0,0.0,0.0,0,0.861310428701733,2,16445,0.0,0.0,0.0,0.0,0.0,0.0,0.0,0.0,0,1.0,1
add_back_dropped__ttl_min,additional_out_of_bailiwick_count,TP_vs_FN,TP,FN,1.0,,0.0,7262,0.0,0.0,0.0,0.0,0.0,0.0,0.0,0.0,0,1.0,1,9183,0.0,0.0,0.0,0.0,0.0,0.0,0.0,0.0,0,1.0,1
add_back_dropped__ttl_min,additional_out_of_bailiwick_count,TN_vs_FP,TN,FP,,,,65780,0.2773791425965339,0.0,0.691249853853276,0.0,2.0,0.0,0.0,0.0,0,0.861310428701733,2,0,,,,,,,,,0,,0
add_back_dropped__ttl_min,additional_out_of_bailiwick_count,TP_vs_TN,TP,TN,2.8625568912422546e-252,-0.42283944850229566,0.0,7262,0.0,0.0,0.0,0.0,0.0,0.0,0.0,0.0,0,1.0,1,65780,0.2773791425965339,0.0,0.691249853853276,0.0,2.0,0.0,0.0,0.0,0,0.861310428701733,2
add_back_dropped__ttl_min,additional_out_of_bailiwick_count,FN_vs_TP,FN,TP,1.0,,0.0,9183,0.0,0.0,0.0,0.0,0.0,0.0,0.0,0.0,0,1.0,1,7262,0.0,0.0,0.0,0.0,0.0,0.0,0.0,0.0,0,1.0,1
add_back_dropped__ttl_min,record_total,actual_normal_vs_actual_attack,actual_normal,actual_attack,0.0,0.7752738731266764,0.0,65780,2.4836120401337793,2.0,0.899326988730359,0.0,12.0,2.0,3.0,1.0,0,0.0007297050775311645,13,16445,1.8215871085436304,2.0,0.6409055683066263,1.0,3.0,1.0,2.0,1.0,0,0.0,3
add_back_dropped__ttl_min,record_total,TP_vs_FN,TP,FN,0.0,1.7813018074824176,0.49999999975,7262,2.299091159460204,2.0,0.4578913727603667,2.0,3.0,2.0,3.0,1.0,0,0.0,2,9183,1.4439725579875857,1.0,0.49687806457174255,1.0,2.0,1.0,2.0,1.0,0,0.0,2
add_back_dropped__ttl_min,record_total,TN_vs_FP,TN,FP,,,,65780,2.4836120401337793,2.0,0.899326988730359,0.0,12.0,2.0,3.0,1.0,0,0.0007297050775311645,13,0,,,,,,,,,0,,0
add_back_dropped__ttl_min,record_total,TP_vs_TN,TP,TN,8.452712808185224e-30,-0.21317591876238573,0.0,7262,2.299091159460204,2.0,0.4578913727603667,2.0,3.0,2.0,3.0,1.0,0,0.0,2,65780,2.4836120401337793,2.0,0.899326988730359,0.0,12.0,2.0,3.0,1.0,0,0.0007297050775311645,13
add_back_dropped__ttl_min,record_total,FN_vs_TP,FN,TP,0.0,-1.7813018074824176,0.49999999975,9183,1.4439725579875857,1.0,0.49687806457174255,1.0,2.0,1.0,2.0,1.0,0,0.0,2,7262,2.299091159460204,2.0,0.4578913727603667,2.0,3.0,2.0,3.0,1.0,0,0.0,2
add_back_dropped__ttl_min,answer_A_count,actual_normal_vs_actual_attack,actual_normal,actual_attack,0.0,-0.27153142725447765,0.0,65780,0.6925661295226513,1.0,0.7350238328959653,0.0,11.0,0.0,1.0,1.0,0,0.38393128610519917,12,16445,0.8755244755244755,1.0,0.33013329990559215,0.0,1.0,1.0,1.0,0.0,0,0.12447552447552447,2
add_back_dropped__ttl_min,answer_A_count,TP_vs_FN,TP,FN,0.0,-0.942744855264052,0.0,7262,0.7181217295510879,1.0,0.4499453180124894,0.0,1.0,0.0,1.0,1.0,0,0.28187827044891217,2,9183,1.0,1.0,0.0,1.0,1.0,1.0,1.0,0.0,0,0.0,1
add_back_dropped__ttl_min,answer_A_count,TN_vs_FP,TN,FP,,,,65780,0.6925661295226513,1.0,0.7350238328959653,0.0,11.0,0.0,1.0,1.0,0,0.38393128610519917,12,0,,,,,,,,,0,,0
add_back_dropped__ttl_min,answer_A_count,TP_vs_TN,TP,TN,5.582539419706346e-32,0.03590211758971605,0.0,7262,0.7181217295510879,1.0,0.4499453180124894,0.0,1.0,0.0,1.0,1.0,0,0.28187827044891217,2,65780,0.6925661295226513,1.0,0.7350238328959653,0.0,11.0,0.0,1.0,1.0,0,0.38393128610519917,12
add_back_dropped__ttl_min,answer_A_count,FN_vs_TP,FN,TP,0.0,0.942744855264052,0.0,9183,1.0,1.0,0.0,1.0,1.0,1.0,1.0,0.0,0,0.0,1,7262,0.7181217295510879,1.0,0.4499453180124894,0.0,1.0,0.0,1.0,1.0,0,0.28187827044891217,2
add_back_dropped__ttl_min,dns_count_add_rr,actual_normal_vs_actual_attack,actual_normal,actual_attack,0.0,1.042016955993276,0.9999999989999999,65780,1.1989358467619338,1.0,0.7737260064962977,0.0,3.0,1.0,1.0,0.0,0,0.08011553663727576,3,16445,0.4415931894192764,0.0,0.4965920258506806,0.0,1.0,0.0,1.0,1.0,0,0.5584068105807236,2
add_back_dropped__ttl_min,dns_count_add_rr,TP_vs_FN,TP,FN,0.0,,999999999.9999999,7262,1.0,1.0,0.0,1.0,1.0,1.0,1.0,0.0,0,0.0,1,9183,0.0,0.0,0.0,0.0,0.0,0.0,0.0,0.0,0,1.0,1
add_back_dropped__ttl_min,dns_count_add_rr,TN_vs_FP,TN,FP,,,,65780,1.1989358467619338,1.0,0.7737260064962977,0.0,3.0,1.0,1.0,0.0,0,0.08011553663727576,3,0,,,,,,,,,0,,0
add_back_dropped__ttl_min,dns_count_add_rr,TP_vs_TN,TP,TN,3.840093543516943e-33,-0.270933433650962,0.0,7262,1.0,1.0,0.0,1.0,1.0,1.0,1.0,0.0,0,0.0,1,65780,1.1989358467619338,1.0,0.7737260064962977,0.0,3.0,1.0,1.0,0.0,0,0.08011553663727576,3
add_back_dropped__ttl_min,dns_count_add_rr,FN_vs_TP,FN,TP,0.0,,999999999.9999999,9183,0.0,0.0,0.0,0.0,0.0,0.0,0.0,0.0,0,1.0,1,7262,1.0,1.0,0.0,1.0,1.0,1.0,1.0,0.0,0,0.0,1
add_back_dropped__ttl_min,dns_count_answers,actual_normal_vs_actual_attack,actual_normal,actual_attack,0.0,0.44814110325768225,0.0,65780,1.2766950440863485,1.0,0.6903027878367249,0.0,12.0,1.0,1.0,0.0,0,0.005518394648829431,13,16445,1.0,1.0,0.0,1.0,1.0,1.0,1.0,0.0,0,0.0,1
add_back_dropped__ttl_min,dns_count_answers,TP_vs_FN,TP,FN,1.0,,0.0,7262,1.0,1.0,0.0,1.0,1.0,1.0,1.0,0.0,0,0.0,1,9183,1.0,1.0,0.0,1.0,1.0,1.0,1.0,0.0,0,0.0,1
add_back_dropped__ttl_min,dns_count_answers,TN_vs_FP,TN,FP,,,,65780,1.2766950440863485,1.0,0.6903027878367249,0.0,12.0,1.0,1.0,0.0,0,0.005518394648829431,13,0,,,,,,,,,0,,0
add_back_dropped__ttl_min,dns_count_answers,TP_vs_TN,TP,TN,0.0,-0.4223752890836728,0.0,7262,1.0,1.0,0.0,1.0,1.0,1.0,1.0,0.0,0,0.0,1,65780,1.2766950440863485,1.0,0.6903027878367249,0.0,12.0,1.0,1.0,0.0,0,0.005518394648829431,13
add_back_dropped__ttl_min,dns_count_answers,FN_vs_TP,FN,TP,1.0,,0.0,9183,1.0,1.0,0.0,1.0,1.0,1.0,1.0,0.0,0,0.0,1,7262,1.0,1.0,0.0,1.0,1.0,1.0,1.0,0.0,0,0.0,1
add_back_dropped__ttl_min,additional_AAAA_count,actual_normal_vs_actual_attack,actual_normal,actual_attack,0.0,0.45020245905169104,0.0,65780,0.13952569169960474,0.0,0.3464968949812828,0.0,1.0,0.0,0.0,0.0,0,0.8604743083003953,2,16445,0.0,0.0,0.0,0.0,0.0,0.0,0.0,0.0,0,1.0,1
add_back_dropped__ttl_min,additional_AAAA_count,TP_vs_FN,TP,FN,1.0,,0.0,7262,0.0,0.0,0.0,0.0,0.0,0.0,0.0,0.0,0,1.0,1,9183,0.0,0.0,0.0,0.0,0.0,0.0,0.0,0.0,0,1.0,1
add_back_dropped__ttl_min,additional_AAAA_count,TN_vs_FP,TN,FP,,,,65780,0.13952569169960474,0.0,0.3464968949812828,0.0,1.0,0.0,0.0,0.0,0,0.8604743083003953,2,0,,,,,,,,,0,,0
add_back_dropped__ttl_min,additional_AAAA_count,TP_vs_TN,TP,TN,5.396057870960501e-254,-0.42431812749565867,0.0,7262,0.0,0.0,0.0,0.0,0.0,0.0,0.0,0.0,0,1.0,1,65780,0.13952569169960474,0.0,0.3464968949812828,0.0,1.0,0.0,0.0,0.0,0,0.8604743083003953,2
add_back_dropped__ttl_min,additional_AAAA_count,FN_vs_TP,FN,TP,1.0,,0.0,9183,0.0,0.0,0.0,0.0,0.0,0.0,0.0,0.0,0,1.0,1,7262,0.0,0.0,0.0,0.0,0.0,0.0,0.0,0.0,0,1.0,1
add_back_dropped__ttl_min,answer_record_count,actual_normal_vs_actual_attack,actual_normal,actual_attack,0.0,0.44814110325768225,0.0,65780,1.2766950440863485,1.0,0.6903027878367249,0.0,12.0,1.0,1.0,0.0,0,0.005518394648829431,13,16445,1.0,1.0,0.0,1.0,1.0,1.0,1.0,0.0,0,0.0,1
add_back_dropped__ttl_min,answer_record_count,TP_vs_FN,TP,FN,1.0,,0.0,7262,1.0,1.0,0.0,1.0,1.0,1.0,1.0,0.0,0,0.0,1,9183,1.0,1.0,0.0,1.0,1.0,1.0,1.0,0.0,0,0.0,1
add_back_dropped__ttl_min,answer_record_count,TN_vs_FP,TN,FP,,,,65780,1.2766950440863485,1.0,0.6903027878367249,0.0,12.0,1.0,1.0,0.0,0,0.005518394648829431,13,0,,,,,,,,,0,,0
add_back_dropped__ttl_min,answer_record_count,TP_vs_TN,TP,TN,0.0,-0.4223752890836728,0.0,7262,1.0,1.0,0.0,1.0,1.0,1.0,1.0,0.0,0,0.0,1,65780,1.2766950440863485,1.0,0.6903027878367249,0.0,12.0,1.0,1.0,0.0,0,0.005518394648829431,13
add_back_dropped__ttl_min,answer_record_count,FN_vs_TP,FN,TP,1.0,,0.0,9183,1.0,1.0,0.0,1.0,1.0,1.0,1.0,0.0,0,0.0,1,7262,1.0,1.0,0.0,1.0,1.0,1.0,1.0,0.0,0,0.0,1
add_back_dropped__ttl_min,frame_len,actual_normal_vs_actual_attack,actual_normal,actual_attack,0.0,1.4673027466082607,0.3302752293547681,65780,175.27546366676802,172.0,30.619567644177156,70.0,419.0,148.0,192.0,44.0,0,0.0,163,16445,131.71395560960778,136.0,25.625965873055407,100.0,171.0,100.0,165.0,65.0,0,0.0,5
add_back_dropped__ttl_min,frame_len,TP_vs_FN,TP,FN,0.0,1.9213179014084587,0.8333333333226496,7262,151.60616909942163,165.0,19.335666866430632,129.0,171.0,129.0,171.0,42.0,0,0.0,3,9183,115.98301208755309,100.0,17.887610324582734,100.0,136.0,100.0,136.0,36.0,0,0.0,2
add_back_dropped__ttl_min,frame_len,TN_vs_FP,TN,FP,,,,65780,175.27546366676802,172.0,30.619567644177156,70.0,419.0,148.0,192.0,44.0,0,0.0,163,0,,,,,,,,,0,,0
add_back_dropped__ttl_min,frame_len,TP_vs_TN,TP,TN,0.0,-0.7972032045481064,0.08139534883626284,7262,151.60616909942163,165.0,19.335666866430632,129.0,171.0,129.0,171.0,42.0,0,0.0,3,65780,175.27546366676802,172.0,30.619567644177156,70.0,419.0,148.0,192.0,44.0,0,0.0,163
add_back_dropped__ttl_min,frame_len,FN_vs_TP,FN,TP,0.0,-1.9213179014084587,0.8333333333226496,9183,115.98301208755309,100.0,17.887610324582734,100.0,136.0,100.0,136.0,36.0,0,0.0,2,7262,151.60616909942163,165.0,19.335666866430632,129.0,171.0,129.0,171.0,42.0,0,0.0,3
add_back_dropped__ttl_min,ttl_min,actual_normal_vs_actual_attack,actual_normal,actual_attack,0.0,-0.5679386253546397,0.1516112220967569,65780,10222.366038309516,218.0,22725.818913024585,-1.0,86400.0,148.0,3600.0,3452.0,0,0.0,483,16445,24216.19519610824,7200.0,31140.579388524053,30.0,86400.0,600.0,43200.0,42600.0,0,0.0,11
add_back_dropped__ttl_min,ttl_min,TP_vs_FN,TP,FN,0.623625330697944,0.024870535801619405,0.0,7262,24648.651886532636,7200.0,31500.975237999293,30.0,86400.0,600.0,43200.0,42600.0,0,0.0,11,9183,23874.20450833061,7200.0,30850.021319916952,30.0,86400.0,600.0,43200.0,42600.0,0,0.0,11
add_back_dropped__ttl_min,ttl_min,TN_vs_FP,TN,FP,,,,65780,10222.366038309516,218.0,22725.818913024585,-1.0,86400.0,148.0,3600.0,3452.0,0,0.0,483,0,,,,,,,,,0,,0
add_back_dropped__ttl_min,ttl_min,TP_vs_TN,TP,TN,0.0,0.6075814283722928,0.1516112220967569,7262,24648.651886532636,7200.0,31500.975237999293,30.0,86400.0,600.0,43200.0,42600.0,0,0.0,11,65780,10222.366038309516,218.0,22725.818913024585,-1.0,86400.0,148.0,3600.0,3452.0,0,0.0,483
add_back_dropped__ttl_min,ttl_min,FN_vs_TP,FN,TP,0.623625330697944,-0.024870535801619405,0.0,9183,23874.20450833061,7200.0,30850.021319916952,30.0,86400.0,600.0,43200.0,42600.0,0,0.0,11,7262,24648.651886532636,7200.0,31500.975237999293,30.0,86400.0,600.0,43200.0,42600.0,0,0.0,11
add_back_dropped__ttl_min,ttl_std,actual_normal_vs_actual_attack,actual_normal,actual_attack,0.0,0.33787357706000826,0.0,65780,2742.7568231968485,0.0,9075.82472833607,-1.0,43185.0,0.0,32.5,32.5,0,0.691045910611128,1656,16445,0.0,0.0,0.0,0.0,0.0,0.0,0.0,0.0,0,1.0,1
add_back_dropped__ttl_min,ttl_std,TP_vs_FN,TP,FN,1.0,,0.0,7262,0.0,0.0,0.0,0.0,0.0,0.0,0.0,0.0,0,1.0,1,9183,0.0,0.0,0.0,0.0,0.0,0.0,0.0,0.0,0,1.0,1
add_back_dropped__ttl_min,ttl_std,TN_vs_FP,TN,FP,,,,65780,2742.7568231968485,0.0,9075.82472833607,-1.0,43185.0,0.0,32.5,32.5,0,0.691045910611128,1656,0,,,,,,,,,0,,0
add_back_dropped__ttl_min,ttl_std,TP_vs_TN,TP,TN,0.0,-0.318447579896275,0.0,7262,0.0,0.0,0.0,0.0,0.0,0.0,0.0,0.0,0,1.0,1,65780,2742.7568231968485,0.0,9075.82472833607,-1.0,43185.0,0.0,32.5,32.5,0,0.691045910611128,1656
add_back_dropped__ttl_min,ttl_std,FN_vs_TP,FN,TP,1.0,,0.0,9183,0.0,0.0,0.0,0.0,0.0,0.0,0.0,0.0,0,1.0,1,7262,0.0,0.0,0.0,0.0,0.0,0.0,0.0,0.0,0,1.0,1
add_back_dropped__ttl_max,has_additional_A,actual_normal_vs_actual_attack,actual_normal,actual_attack,0.0,-0.7922637126073326,0.0,65780,0.13952569169960474,0.0,0.3464968949812828,0.0,1.0,0.0,0.0,0.0,0,0.8604743083003953,2,16445,0.4415931894192764,0.0,0.4965920258506806,0.0,1.0,0.0,1.0,1.0,0,0.5584068105807236,2
add_back_dropped__ttl_max,has_additional_A,TP_vs_FN,TP,FN,0.0,,999999999.9999999,7262,1.0,1.0,0.0,1.0,1.0,1.0,1.0,0.0,0,0.0,1,9183,0.0,0.0,0.0,0.0,0.0,0.0,0.0,0.0,0,1.0,1
add_back_dropped__ttl_max,has_additional_A,TN_vs_FP,TN,FP,,,,65780,0.13952569169960474,0.0,0.3464968949812828,0.0,1.0,0.0,0.0,0.0,0,0.8604743083003953,2,0,,,,,,,,,0,,0
add_back_dropped__ttl_max,has_additional_A,TP_vs_TN,TP,TN,0.0,2.616828791949147,999999999.9999999,7262,1.0,1.0,0.0,1.0,1.0,1.0,1.0,0.0,0,0.0,1,65780,0.13952569169960474,0.0,0.3464968949812828,0.0,1.0,0.0,0.0,0.0,0,0.8604743083003953,2
add_back_dropped__ttl_max,has_additional_A,FN_vs_TP,FN,TP,0.0,,999999999.9999999,9183,0.0,0.0,0.0,0.0,0.0,0.0,0.0,0.0,0,1.0,1,7262,1.0,1.0,0.0,1.0,1.0,1.0,1.0,0.0,0,0.0,1
add_back_dropped__ttl_max,additional_A_count,actual_normal_vs_actual_attack,actual_normal,actual_attack,0.0,-0.7922637126073326,0.0,65780,0.13952569169960474,0.0,0.3464968949812828,0.0,1.0,0.0,0.0,0.0,0,0.8604743083003953,2,16445,0.4415931894192764,0.0,0.4965920258506806,0.0,1.0,0.0,1.0,1.0,0,0.5584068105807236,2
add_back_dropped__ttl_max,additional_A_count,TP_vs_FN,TP,FN,0.0,,999999999.9999999,7262,1.0,1.0,0.0,1.0,1.0,1.0,1.0,0.0,0,0.0,1,9183,0.0,0.0,0.0,0.0,0.0,0.0,0.0,0.0,0,1.0,1
add_back_dropped__ttl_max,additional_A_count,TN_vs_FP,TN,FP,,,,65780,0.13952569169960474,0.0,0.3464968949812828,0.0,1.0,0.0,0.0,0.0,0,0.8604743083003953,2,0,,,,,,,,,0,,0
add_back_dropped__ttl_max,additional_A_count,TP_vs_TN,TP,TN,0.0,2.616828791949147,999999999.9999999,7262,1.0,1.0,0.0,1.0,1.0,1.0,1.0,0.0,0,0.0,1,65780,0.13952569169960474,0.0,0.3464968949812828,0.0,1.0,0.0,0.0,0.0,0,0.8604743083003953,2
add_back_dropped__ttl_max,additional_A_count,FN_vs_TP,FN,TP,0.0,,999999999.9999999,9183,0.0,0.0,0.0,0.0,0.0,0.0,0.0,0.0,0,1.0,1,7262,1.0,1.0,0.0,1.0,1.0,1.0,1.0,0.0,0,0.0,1
add_back_dropped__ttl_max,unique_record_name_count,actual_normal_vs_actual_attack,actual_normal,actual_attack,4.0799850477864585e-205,-0.25874420541160026,0.0,65780,1.317254484645789,1.0,0.4764512828802376,0.0,5.0,1.0,2.0,1.0,0,0.0007601094557616296,6,16445,1.4415931894192764,1.0,0.4965920258506806,1.0,2.0,1.0,2.0,1.0,0,0.0,2
add_back_dropped__ttl_max,unique_record_name_count,TP_vs_FN,TP,FN,0.0,,999999999.9999999,7262,2.0,2.0,0.0,2.0,2.0,2.0,2.0,0.0,0,0.0,1,9183,1.0,1.0,0.0,1.0,1.0,1.0,1.0,0.0,0,0.0,1
add_back_dropped__ttl_max,unique_record_name_count,TN_vs_FP,TN,FP,,,,65780,1.317254484645789,1.0,0.4764512828802376,0.0,5.0,1.0,2.0,1.0,0,0.0007601094557616296,6,0,,,,,,,,,0,,0
add_back_dropped__ttl_max,unique_record_name_count,TP_vs_TN,TP,TN,0.0,1.5100005459337953,0.9999999989999999,7262,2.0,2.0,0.0,2.0,2.0,2.0,2.0,0.0,0,0.0,1,65780,1.317254484645789,1.0,0.4764512828802376,0.0,5.0,1.0,2.0,1.0,0,0.0007601094557616296,6
add_back_dropped__ttl_max,unique_record_name_count,FN_vs_TP,FN,TP,0.0,,999999999.9999999,9183,1.0,1.0,0.0,1.0,1.0,1.0,1.0,0.0,0,0.0,1,7262,2.0,2.0,0.0,2.0,2.0,2.0,2.0,0.0,0,0.0,1
add_back_dropped__ttl_max,additional_out_of_bailiwick_count,actual_normal_vs_actual_attack,actual_normal,actual_attack,0.0,0.4486335774135458,0.0,65780,0.2773791425965339,0.0,0.691249853853276,0.0,2.0,0.0,0.0,0.0,0,0.861310428701733,2,16445,0.0,0.0,0.0,0.0,0.0,0.0,0.0,0.0,0,1.0,1
add_back_dropped__ttl_max,additional_out_of_bailiwick_count,TP_vs_FN,TP,FN,1.0,,0.0,7262,0.0,0.0,0.0,0.0,0.0,0.0,0.0,0.0,0,1.0,1,9183,0.0,0.0,0.0,0.0,0.0,0.0,0.0,0.0,0,1.0,1
add_back_dropped__ttl_max,additional_out_of_bailiwick_count,TN_vs_FP,TN,FP,,,,65780,0.2773791425965339,0.0,0.691249853853276,0.0,2.0,0.0,0.0,0.0,0,0.861310428701733,2,0,,,,,,,,,0,,0
add_back_dropped__ttl_max,additional_out_of_bailiwick_count,TP_vs_TN,TP,TN,2.8625568912422546e-252,-0.42283944850229566,0.0,7262,0.0,0.0,0.0,0.0,0.0,0.0,0.0,0.0,0,1.0,1,65780,0.2773791425965339,0.0,0.691249853853276,0.0,2.0,0.0,0.0,0.0,0,0.861310428701733,2
add_back_dropped__ttl_max,additional_out_of_bailiwick_count,FN_vs_TP,FN,TP,1.0,,0.0,9183,0.0,0.0,0.0,0.0,0.0,0.0,0.0,0.0,0,1.0,1,7262,0.0,0.0,0.0,0.0,0.0,0.0,0.0,0.0,0,1.0,1
add_back_dropped__ttl_max,record_total,actual_normal_vs_actual_attack,actual_normal,actual_attack,0.0,0.7752738731266764,0.0,65780,2.4836120401337793,2.0,0.899326988730359,0.0,12.0,2.0,3.0,1.0,0,0.0007297050775311645,13,16445,1.8215871085436304,2.0,0.6409055683066263,1.0,3.0,1.0,2.0,1.0,0,0.0,3
add_back_dropped__ttl_max,record_total,TP_vs_FN,TP,FN,0.0,1.7813018074824176,0.49999999975,7262,2.299091159460204,2.0,0.4578913727603667,2.0,3.0,2.0,3.0,1.0,0,0.0,2,9183,1.4439725579875857,1.0,0.49687806457174255,1.0,2.0,1.0,2.0,1.0,0,0.0,2
add_back_dropped__ttl_max,record_total,TN_vs_FP,TN,FP,,,,65780,2.4836120401337793,2.0,0.899326988730359,0.0,12.0,2.0,3.0,1.0,0,0.0007297050775311645,13,0,,,,,,,,,0,,0
add_back_dropped__ttl_max,record_total,TP_vs_TN,TP,TN,8.452712808185224e-30,-0.21317591876238573,0.0,7262,2.299091159460204,2.0,0.4578913727603667,2.0,3.0,2.0,3.0,1.0,0,0.0,2,65780,2.4836120401337793,2.0,0.899326988730359,0.0,12.0,2.0,3.0,1.0,0,0.0007297050775311645,13
add_back_dropped__ttl_max,record_total,FN_vs_TP,FN,TP,0.0,-1.7813018074824176,0.49999999975,9183,1.4439725579875857,1.0,0.49687806457174255,1.0,2.0,1.0,2.0,1.0,0,0.0,2,7262,2.299091159460204,2.0,0.4578913727603667,2.0,3.0,2.0,3.0,1.0,0,0.0,2
add_back_dropped__ttl_max,answer_A_count,actual_normal_vs_actual_attack,actual_normal,actual_attack,0.0,-0.27153142725447765,0.0,65780,0.6925661295226513,1.0,0.7350238328959653,0.0,11.0,0.0,1.0,1.0,0,0.38393128610519917,12,16445,0.8755244755244755,1.0,0.33013329990559215,0.0,1.0,1.0,1.0,0.0,0,0.12447552447552447,2
add_back_dropped__ttl_max,answer_A_count,TP_vs_FN,TP,FN,0.0,-0.942744855264052,0.0,7262,0.7181217295510879,1.0,0.4499453180124894,0.0,1.0,0.0,1.0,1.0,0,0.28187827044891217,2,9183,1.0,1.0,0.0,1.0,1.0,1.0,1.0,0.0,0,0.0,1
add_back_dropped__ttl_max,answer_A_count,TN_vs_FP,TN,FP,,,,65780,0.6925661295226513,1.0,0.7350238328959653,0.0,11.0,0.0,1.0,1.0,0,0.38393128610519917,12,0,,,,,,,,,0,,0
add_back_dropped__ttl_max,answer_A_count,TP_vs_TN,TP,TN,5.582539419706346e-32,0.03590211758971605,0.0,7262,0.7181217295510879,1.0,0.4499453180124894,0.0,1.0,0.0,1.0,1.0,0,0.28187827044891217,2,65780,0.6925661295226513,1.0,0.7350238328959653,0.0,11.0,0.0,1.0,1.0,0,0.38393128610519917,12
add_back_dropped__ttl_max,answer_A_count,FN_vs_TP,FN,TP,0.0,0.942744855264052,0.0,9183,1.0,1.0,0.0,1.0,1.0,1.0,1.0,0.0,0,0.0,1,7262,0.7181217295510879,1.0,0.4499453180124894,0.0,1.0,0.0,1.0,1.0,0,0.28187827044891217,2
add_back_dropped__ttl_max,dns_count_add_rr,actual_normal_vs_actual_attack,actual_normal,actual_attack,0.0,1.042016955993276,0.9999999989999999,65780,1.1989358467619338,1.0,0.7737260064962977,0.0,3.0,1.0,1.0,0.0,0,0.08011553663727576,3,16445,0.4415931894192764,0.0,0.4965920258506806,0.0,1.0,0.0,1.0,1.0,0,0.5584068105807236,2
add_back_dropped__ttl_max,dns_count_add_rr,TP_vs_FN,TP,FN,0.0,,999999999.9999999,7262,1.0,1.0,0.0,1.0,1.0,1.0,1.0,0.0,0,0.0,1,9183,0.0,0.0,0.0,0.0,0.0,0.0,0.0,0.0,0,1.0,1
add_back_dropped__ttl_max,dns_count_add_rr,TN_vs_FP,TN,FP,,,,65780,1.1989358467619338,1.0,0.7737260064962977,0.0,3.0,1.0,1.0,0.0,0,0.08011553663727576,3,0,,,,,,,,,0,,0
add_back_dropped__ttl_max,dns_count_add_rr,TP_vs_TN,TP,TN,3.840093543516943e-33,-0.270933433650962,0.0,7262,1.0,1.0,0.0,1.0,1.0,1.0,1.0,0.0,0,0.0,1,65780,1.1989358467619338,1.0,0.7737260064962977,0.0,3.0,1.0,1.0,0.0,0,0.08011553663727576,3
add_back_dropped__ttl_max,dns_count_add_rr,FN_vs_TP,FN,TP,0.0,,999999999.9999999,9183,0.0,0.0,0.0,0.0,0.0,0.0,0.0,0.0,0,1.0,1,7262,1.0,1.0,0.0,1.0,1.0,1.0,1.0,0.0,0,0.0,1
add_back_dropped__ttl_max,dns_count_answers,actual_normal_vs_actual_attack,actual_normal,actual_attack,0.0,0.44814110325768225,0.0,65780,1.2766950440863485,1.0,0.6903027878367249,0.0,12.0,1.0,1.0,0.0,0,0.005518394648829431,13,16445,1.0,1.0,0.0,1.0,1.0,1.0,1.0,0.0,0,0.0,1
add_back_dropped__ttl_max,dns_count_answers,TP_vs_FN,TP,FN,1.0,,0.0,7262,1.0,1.0,0.0,1.0,1.0,1.0,1.0,0.0,0,0.0,1,9183,1.0,1.0,0.0,1.0,1.0,1.0,1.0,0.0,0,0.0,1
add_back_dropped__ttl_max,dns_count_answers,TN_vs_FP,TN,FP,,,,65780,1.2766950440863485,1.0,0.6903027878367249,0.0,12.0,1.0,1.0,0.0,0,0.005518394648829431,13,0,,,,,,,,,0,,0
add_back_dropped__ttl_max,dns_count_answers,TP_vs_TN,TP,TN,0.0,-0.4223752890836728,0.0,7262,1.0,1.0,0.0,1.0,1.0,1.0,1.0,0.0,0,0.0,1,65780,1.2766950440863485,1.0,0.6903027878367249,0.0,12.0,1.0,1.0,0.0,0,0.005518394648829431,13
add_back_dropped__ttl_max,dns_count_answers,FN_vs_TP,FN,TP,1.0,,0.0,9183,1.0,1.0,0.0,1.0,1.0,1.0,1.0,0.0,0,0.0,1,7262,1.0,1.0,0.0,1.0,1.0,1.0,1.0,0.0,0,0.0,1
add_back_dropped__ttl_max,additional_AAAA_count,actual_normal_vs_actual_attack,actual_normal,actual_attack,0.0,0.45020245905169104,0.0,65780,0.13952569169960474,0.0,0.3464968949812828,0.0,1.0,0.0,0.0,0.0,0,0.8604743083003953,2,16445,0.0,0.0,0.0,0.0,0.0,0.0,0.0,0.0,0,1.0,1
add_back_dropped__ttl_max,additional_AAAA_count,TP_vs_FN,TP,FN,1.0,,0.0,7262,0.0,0.0,0.0,0.0,0.0,0.0,0.0,0.0,0,1.0,1,9183,0.0,0.0,0.0,0.0,0.0,0.0,0.0,0.0,0,1.0,1
add_back_dropped__ttl_max,additional_AAAA_count,TN_vs_FP,TN,FP,,,,65780,0.13952569169960474,0.0,0.3464968949812828,0.0,1.0,0.0,0.0,0.0,0,0.8604743083003953,2,0,,,,,,,,,0,,0
add_back_dropped__ttl_max,additional_AAAA_count,TP_vs_TN,TP,TN,5.396057870960501e-254,-0.42431812749565867,0.0,7262,0.0,0.0,0.0,0.0,0.0,0.0,0.0,0.0,0,1.0,1,65780,0.13952569169960474,0.0,0.3464968949812828,0.0,1.0,0.0,0.0,0.0,0,0.8604743083003953,2
add_back_dropped__ttl_max,additional_AAAA_count,FN_vs_TP,FN,TP,1.0,,0.0,9183,0.0,0.0,0.0,0.0,0.0,0.0,0.0,0.0,0,1.0,1,7262,0.0,0.0,0.0,0.0,0.0,0.0,0.0,0.0,0,1.0,1
add_back_dropped__ttl_max,answer_record_count,actual_normal_vs_actual_attack,actual_normal,actual_attack,0.0,0.44814110325768225,0.0,65780,1.2766950440863485,1.0,0.6903027878367249,0.0,12.0,1.0,1.0,0.0,0,0.005518394648829431,13,16445,1.0,1.0,0.0,1.0,1.0,1.0,1.0,0.0,0,0.0,1
add_back_dropped__ttl_max,answer_record_count,TP_vs_FN,TP,FN,1.0,,0.0,7262,1.0,1.0,0.0,1.0,1.0,1.0,1.0,0.0,0,0.0,1,9183,1.0,1.0,0.0,1.0,1.0,1.0,1.0,0.0,0,0.0,1
add_back_dropped__ttl_max,answer_record_count,TN_vs_FP,TN,FP,,,,65780,1.2766950440863485,1.0,0.6903027878367249,0.0,12.0,1.0,1.0,0.0,0,0.005518394648829431,13,0,,,,,,,,,0,,0
add_back_dropped__ttl_max,answer_record_count,TP_vs_TN,TP,TN,0.0,-0.4223752890836728,0.0,7262,1.0,1.0,0.0,1.0,1.0,1.0,1.0,0.0,0,0.0,1,65780,1.2766950440863485,1.0,0.6903027878367249,0.0,12.0,1.0,1.0,0.0,0,0.005518394648829431,13
add_back_dropped__ttl_max,answer_record_count,FN_vs_TP,FN,TP,1.0,,0.0,9183,1.0,1.0,0.0,1.0,1.0,1.0,1.0,0.0,0,0.0,1,7262,1.0,1.0,0.0,1.0,1.0,1.0,1.0,0.0,0,0.0,1
add_back_dropped__ttl_max,frame_len,actual_normal_vs_actual_attack,actual_normal,actual_attack,0.0,1.4673027466082607,0.3302752293547681,65780,175.27546366676802,172.0,30.619567644177156,70.0,419.0,148.0,192.0,44.0,0,0.0,163,16445,131.71395560960778,136.0,25.625965873055407,100.0,171.0,100.0,165.0,65.0,0,0.0,5
add_back_dropped__ttl_max,frame_len,TP_vs_FN,TP,FN,0.0,1.9213179014084587,0.8333333333226496,7262,151.60616909942163,165.0,19.335666866430632,129.0,171.0,129.0,171.0,42.0,0,0.0,3,9183,115.98301208755309,100.0,17.887610324582734,100.0,136.0,100.0,136.0,36.0,0,0.0,2
add_back_dropped__ttl_max,frame_len,TN_vs_FP,TN,FP,,,,65780,175.27546366676802,172.0,30.619567644177156,70.0,419.0,148.0,192.0,44.0,0,0.0,163,0,,,,,,,,,0,,0
add_back_dropped__ttl_max,frame_len,TP_vs_TN,TP,TN,0.0,-0.7972032045481064,0.08139534883626284,7262,151.60616909942163,165.0,19.335666866430632,129.0,171.0,129.0,171.0,42.0,0,0.0,3,65780,175.27546366676802,172.0,30.619567644177156,70.0,419.0,148.0,192.0,44.0,0,0.0,163
add_back_dropped__ttl_max,frame_len,FN_vs_TP,FN,TP,0.0,-1.9213179014084587,0.8333333333226496,9183,115.98301208755309,100.0,17.887610324582734,100.0,136.0,100.0,136.0,36.0,0,0.0,2,7262,151.60616909942163,165.0,19.335666866430632,129.0,171.0,129.0,171.0,42.0,0,0.0,3
add_back_dropped__ttl_max,ttl_max,actual_normal_vs_actual_attack,actual_normal,actual_attack,0.0,-0.2869366216154314,0.10781249999999833,65780,16012.348327759197,300.0,27917.46512212287,-1.0,86400.0,200.0,21600.0,21400.0,0,0.0,876,16445,24216.19519610824,7200.0,31140.579388524053,30.0,86400.0,600.0,43200.0,42600.0,0,0.0,11
add_back_dropped__ttl_max,ttl_max,TP_vs_FN,TP,FN,0.623625330697944,0.024870535801619405,0.0,7262,24648.651886532636,7200.0,31500.975237999293,30.0,86400.0,600.0,43200.0,42600.0,0,0.0,11,9183,23874.20450833061,7200.0,30850.021319916952,30.0,86400.0,600.0,43200.0,42600.0,0,0.0,11
add_back_dropped__ttl_max,ttl_max,TN_vs_FP,TN,FP,,,,65780,16012.348327759197,300.0,27917.46512212287,-1.0,86400.0,200.0,21600.0,21400.0,0,0.0,876,0,,,,,,,,,0,,0
add_back_dropped__ttl_max,ttl_max,TP_vs_TN,TP,TN,1.779610908733372e-267,0.3052341217969081,0.10781249999999833,7262,24648.651886532636,7200.0,31500.975237999293,30.0,86400.0,600.0,43200.0,42600.0,0,0.0,11,65780,16012.348327759197,300.0,27917.46512212287,-1.0,86400.0,200.0,21600.0,21400.0,0,0.0,876
add_back_dropped__ttl_max,ttl_max,FN_vs_TP,FN,TP,0.623625330697944,-0.024870535801619405,0.0,9183,23874.20450833061,7200.0,30850.021319916952,30.0,86400.0,600.0,43200.0,42600.0,0,0.0,11,7262,24648.651886532636,7200.0,31500.975237999293,30.0,86400.0,600.0,43200.0,42600.0,0,0.0,11
add_back_dropped__ttl_max,ttl_std,actual_normal_vs_actual_attack,actual_normal,actual_attack,0.0,0.33787357706000826,0.0,65780,2742.7568231968485,0.0,9075.82472833607,-1.0,43185.0,0.0,32.5,32.5,0,0.691045910611128,1656,16445,0.0,0.0,0.0,0.0,0.0,0.0,0.0,0.0,0,1.0,1
add_back_dropped__ttl_max,ttl_std,TP_vs_FN,TP,FN,1.0,,0.0,7262,0.0,0.0,0.0,0.0,0.0,0.0,0.0,0.0,0,1.0,1,9183,0.0,0.0,0.0,0.0,0.0,0.0,0.0,0.0,0,1.0,1
add_back_dropped__ttl_max,ttl_std,TN_vs_FP,TN,FP,,,,65780,2742.7568231968485,0.0,9075.82472833607,-1.0,43185.0,0.0,32.5,32.5,0,0.691045910611128,1656,0,,,,,,,,,0,,0
add_back_dropped__ttl_max,ttl_std,TP_vs_TN,TP,TN,0.0,-0.318447579896275,0.0,7262,0.0,0.0,0.0,0.0,0.0,0.0,0.0,0.0,0,1.0,1,65780,2742.7568231968485,0.0,9075.82472833607,-1.0,43185.0,0.0,32.5,32.5,0,0.691045910611128,1656
add_back_dropped__ttl_max,ttl_std,FN_vs_TP,FN,TP,1.0,,0.0,9183,0.0,0.0,0.0,0.0,0.0,0.0,0.0,0.0,0,1.0,1,7262,0.0,0.0,0.0,0.0,0.0,0.0,0.0,0.0,0,1.0,1
